Constituency,Constituency_ID,Candidate_Name,Party,Age,Gender
Gummidipoondi,1,S. Suganya,DMK,60,Female
Gummidipoondi,1,V. Suganya,AIADMK,53,Female
Gummidipoondi,1,C. Rajini,NTK,43,Male
Gummidipoondi,1,T. Priya,INC,68,Female
Gummidipoondi,1,N. Karuppu,VCK,50,Male
Gummidipoondi,1,P. Ganesan,Independent,72,Male
Gummidipoondi,1,C. Senthil,Independent,30,Male
Gummidipoondi,1,M. Raja,Independent,54,Male
Gummidipoondi,1,M. Karthik,Independent,70,Male
Gummidipoondi,1,T. Sekar,Independent,30,Male
Gummidipoondi,1,V. Rajini,Independent,52,Male
Gummidipoondi,1,V. Chandran,Independent,58,Male
Gummidipoondi,1,S. Ashok,Independent,57,Male
Ponneri,2,D. Vasanthi,DMK,55,Female
Ponneri,2,K. Rajini,AIADMK,65,Male
Ponneri,2,V. Selvam,NTK,60,Male
Ponneri,2,M. Ashok,BJP,50,Male
Ponneri,2,M. Mani,INC,25,Male
Ponneri,2,T. Rajendran,PMK,48,Male
Ponneri,2,L. Gayathri,VCK,54,Female
Ponneri,2,V. Sekar,Independent,60,Male
Ponneri,2,B. Raja,Independent,45,Male
Ponneri,2,D. Natarajan,Independent,69,Male
Ponneri,2,L. Natarajan,Independent,36,Male
Ponneri,2,V. Kavitha,Independent,66,Female
Ponneri,2,V. Arun,Independent,31,Male
Ponneri,2,S. Vikram,Independent,53,Male
Ponneri,2,C. Priya,Independent,53,Female
Ponneri,2,C. Muthu,Independent,40,Male
Ponneri,2,B. Mani,Independent,67,Male
Ponneri,2,P. Vikram,Independent,25,Male
Ponneri,2,V. Surya,Independent,59,Male
Ponneri,2,E. Raja,Independent,30,Male
Tiruttani,3,S. Ganesan,DMK,34,Male
Tiruttani,3,J. Ganesan,AIADMK,25,Male
Tiruttani,3,R. Kavitha,NTK,28,Female
Tiruttani,3,P. Priya,BJP,26,Female
Tiruttani,3,N. Kannan,INC,53,Male
Tiruttani,3,D. Rajendran,PMK,54,Male
Tiruttani,3,G. Vikram,VCK,62,Male
Tiruttani,3,S. Senthil,Independent,54,Male
Tiruttani,3,C. Chandran,Independent,27,Male
Tiruttani,3,G. Ramesh,Independent,66,Male
Tiruttani,3,B. Natarajan,Independent,73,Male
Tiruttani,3,V. Karthik,Independent,33,Male
Tiruttani,3,J. Surya,Independent,35,Male
Tiruttani,3,G. Ganesan,Independent,42,Male
Tiruttani,3,S. Ajith,Independent,49,Male
Tiruttani,3,P. Sivakarthikeyan,Independent,41,Male
Tiruttani,3,S. Raja,Independent,54,Male
Tiruttani,3,V. Natarajan,Independent,32,Male
Thiruvallur,4,C. Moorthy,DMK,66,Male
Thiruvallur,4,G. Karthik,AIADMK,47,Male
Thiruvallur,4,P. Soundarya,NTK,68,Female
Thiruvallur,4,J. Rajini,BJP,64,Male
Thiruvallur,4,J. Raja,INC,61,Male
Thiruvallur,4,E. Kamal,PMK,75,Male
Thiruvallur,4,S. Dhanush,VCK,31,Male
Thiruvallur,4,P. Sivakarthikeyan,Independent,66,Male
Thiruvallur,4,N. Mani,Independent,62,Male
Thiruvallur,4,M. Balaji,Independent,35,Male
Thiruvallur,4,C. Murugan,Independent,51,Male
Thiruvallur,4,L. Perumal,Independent,25,Male
Thiruvallur,4,K. Karthik,Independent,44,Male
Thiruvallur,4,P. Balaji,Independent,74,Male
Thiruvallur,4,B. Chandran,Independent,45,Male
Thiruvallur,4,T. Sekar,Independent,68,Male
Thiruvallur,4,P. Selvam,Independent,49,Male
Thiruvallur,4,P. Suresh,Independent,72,Male
Thiruvallur,4,A. Raja,Independent,69,Male
Thiruvallur,4,D. Kannan,Independent,74,Male
Poonamallee,5,D. Dhanush,DMK,64,Male
Poonamallee,5,B. Surya,AIADMK,58,Male
Poonamallee,5,M. Karthik,NTK,52,Male
Poonamallee,5,P. Perumal,INC,49,Male
Poonamallee,5,S. Palani,Independent,74,Male
Poonamallee,5,A. Chandran,Independent,41,Male
Poonamallee,5,K. Karthik,Independent,26,Male
Poonamallee,5,V. Perumal,Independent,41,Male
Poonamallee,5,E. Suganya,Independent,30,Female
Poonamallee,5,B. Selvam,Independent,46,Male
Poonamallee,5,N. Suresh,Independent,67,Male
Poonamallee,5,K. Ashok,Independent,28,Male
Poonamallee,5,E. Kalpana,Independent,70,Female
Poonamallee,5,K. Soundarya,Independent,42,Female
Poonamallee,5,J. Arun,Independent,47,Male
Poonamallee,5,T. Ashok,Independent,75,Male
Poonamallee,5,M. Muthu,Independent,35,Male
Poonamallee,5,E. Rajendran,Independent,25,Male
Avadi,6,C. Kannan,DMK,48,Male
Avadi,6,L. Surya,AIADMK,70,Male
Avadi,6,A. Karuppu,NTK,69,Male
Avadi,6,B. Chandran,BJP,49,Male
Avadi,6,G. Kamal,INC,30,Male
Avadi,6,R. Senthil,PMK,60,Male
Avadi,6,B. Muthu,Independent,35,Male
Avadi,6,M. Raja,Independent,47,Male
Avadi,6,R. Muthu,Independent,72,Male
Avadi,6,V. Sekar,Independent,47,Male
Avadi,6,G. Karthik,Independent,36,Male
Avadi,6,E. Dhanush,Independent,26,Male
Avadi,6,A. Arun,Independent,29,Male
Avadi,6,J. Vikram,Independent,63,Male
Avadi,6,E. Kamal,Independent,45,Male
Avadi,6,C. Ganesan,Independent,41,Male
Avadi,6,D. Prakash,Independent,55,Male
Maduravoyal,7,P. Ajith,DMK,29,Male
Maduravoyal,7,C. Rajendran,AIADMK,74,Male
Maduravoyal,7,K. Dhanush,NTK,45,Male
Maduravoyal,7,N. Balaji,INC,71,Male
Maduravoyal,7,V. Chandran,PMK,45,Male
Maduravoyal,7,T. Palani,Independent,69,Male
Maduravoyal,7,P. Vasanthi,Independent,62,Female
Maduravoyal,7,E. Natarajan,Independent,72,Male
Maduravoyal,7,E. Sekar,Independent,42,Male
Maduravoyal,7,D. Balaji,Independent,42,Male
Maduravoyal,7,T. Selvam,Independent,34,Male
Maduravoyal,7,L. Palani,Independent,46,Male
Maduravoyal,7,D. Malathi,Independent,43,Female
Maduravoyal,7,R. Chandran,Independent,26,Male
Maduravoyal,7,N. Perumal,Independent,46,Male
Maduravoyal,7,V. Karuppu,Independent,52,Male
Maduravoyal,7,N. Suresh,Independent,50,Male
Maduravoyal,7,A. Mani,Independent,60,Male
Maduravoyal,7,E. Senthil,Independent,62,Male
Ambattur,8,A. Ramesh,DMK,73,Male
Ambattur,8,D. Mani,AIADMK,45,Male
Ambattur,8,J. Moorthy,NTK,57,Male
Ambattur,8,P. Ajith,BJP,60,Male
Ambattur,8,A. Kamal,INC,34,Male
Ambattur,8,K. Moorthy,PMK,38,Male
Ambattur,8,G. Kannan,VCK,30,Male
Ambattur,8,E. Kamal,Independent,26,Male
Ambattur,8,S. Ramesh,Independent,36,Male
Ambattur,8,K. Ashok,Independent,67,Male
Ambattur,8,N. Prakash,Independent,45,Male
Ambattur,8,L. Rajendran,Independent,45,Male
Ambattur,8,B. Rajendran,Independent,33,Male
Ambattur,8,P. Selvam,Independent,73,Male
Ambattur,8,P. Mani,Independent,57,Male
Ambattur,8,R. Kannan,Independent,38,Male
Ambattur,8,S. Vijay,Independent,71,Male
Ambattur,8,M. Ashok,Independent,64,Male
Ambattur,8,N. Rajendran,Independent,45,Male
Ambattur,8,P. Sivakarthikeyan,Independent,29,Male
Ambattur,8,G. Malathi,Independent,58,Female
Ambattur,8,R. Kamal,Independent,63,Male
Madavaram,9,J. Mani,DMK,74,Male
Madavaram,9,V. Lakshmi,AIADMK,60,Female
Madavaram,9,N. Arun,NTK,66,Male
Madavaram,9,J. Vikram,VCK,63,Male
Madavaram,9,E. Vikram,Independent,33,Male
Madavaram,9,B. Ramesh,Independent,42,Male
Madavaram,9,G. Surya,Independent,42,Male
Madavaram,9,P. Lakshmi,Independent,54,Female
Madavaram,9,B. Sivakarthikeyan,Independent,68,Male
Madavaram,9,V. Karthik,Independent,44,Male
Madavaram,9,P. Ajith,Independent,54,Male
Madavaram,9,S. Vikram,Independent,45,Male
Madavaram,9,B. Ashok,Independent,25,Male
Madavaram,9,P. Selvam,Independent,46,Male
Madavaram,9,G. Muthu,Independent,30,Male
Thiruvottiyur,10,V. Karuppu,DMK,48,Male
Thiruvottiyur,10,S. Sekar,AIADMK,54,Male
Thiruvottiyur,10,J. Deepa,NTK,65,Female
Thiruvottiyur,10,V. Ajith,BJP,38,Male
Thiruvottiyur,10,D. Ajith,PMK,47,Male
Thiruvottiyur,10,G. Rajini,Independent,36,Male
Thiruvottiyur,10,S. Muthu,Independent,52,Male
Thiruvottiyur,10,E. Mani,Independent,43,Male
Thiruvottiyur,10,R. Murugan,Independent,55,Male
Thiruvottiyur,10,L. Prakash,Independent,56,Male
Thiruvottiyur,10,D. Lakshmi,Independent,60,Female
Thiruvottiyur,10,P. Moorthy,Independent,49,Male
Thiruvottiyur,10,B. Balaji,Independent,73,Male
Thiruvottiyur,10,C. Moorthy,Independent,54,Male
Thiruvottiyur,10,D. Mani,Independent,43,Male
Thiruvottiyur,10,B. Vijay,Independent,58,Male
Thiruvottiyur,10,D. Kalpana,Independent,66,Female
Thiruvottiyur,10,T. Ashok,Independent,59,Male
Dr.Radhakrishnan Nagar,11,L. Karthik,DMK,27,Male
Dr.Radhakrishnan Nagar,11,C. Rajini,AIADMK,71,Male
Dr.Radhakrishnan Nagar,11,N. Lakshmi,NTK,44,Female
Dr.Radhakrishnan Nagar,11,K. Anitha,Independent,70,Female
Dr.Radhakrishnan Nagar,11,K. Chandran,Independent,40,Male
Dr.Radhakrishnan Nagar,11,N. Perumal,Independent,27,Male
Dr.Radhakrishnan Nagar,11,G. Natarajan,Independent,37,Male
Dr.Radhakrishnan Nagar,11,V. Ganesan,Independent,55,Male
Dr.Radhakrishnan Nagar,11,V. Karuppu,Independent,49,Male
Dr.Radhakrishnan Nagar,11,T. Surya,Independent,43,Male
Dr.Radhakrishnan Nagar,11,N. Mani,Independent,74,Male
Dr.Radhakrishnan Nagar,11,A. Prakash,Independent,63,Male
Perambur,12,G. Moorthy,DMK,50,Male
Perambur,12,D. Vasanthi,AIADMK,50,Female
Perambur,12,K. Revathi,NTK,28,Female
Perambur,12,G. Mani,INC,48,Male
Perambur,12,G. Ramesh,VCK,38,Male
Perambur,12,D. Natarajan,Independent,60,Male
Perambur,12,P. Moorthy,Independent,57,Male
Perambur,12,B. Muthu,Independent,66,Male
Perambur,12,V. Suresh,Independent,43,Male
Perambur,12,C. Mani,Independent,38,Male
Perambur,12,B. Ashok,Independent,41,Male
Perambur,12,G. Velu,Independent,56,Male
Perambur,12,P. Palani,Independent,59,Male
Perambur,12,C. Velu,Independent,27,Male
Perambur,12,R. Ajith,Independent,53,Male
Perambur,12,G. Dhanush,Independent,40,Male
Perambur,12,J. Senthil,Independent,50,Male
Perambur,12,G. Moorthy,Independent,30,Male
Perambur,12,C. Surya,Independent,61,Male
Perambur,12,K. Ashok,Independent,69,Male
Kolathur,13,R. Ajith,DMK,69,Male
Kolathur,13,S. Senthil,AIADMK,57,Male
Kolathur,13,C. Suganya,NTK,26,Female
Kolathur,13,K. Rajini,BJP,49,Male
Kolathur,13,M. Sivakarthikeyan,Independent,44,Male
Kolathur,13,A. Karthik,Independent,46,Male
Kolathur,13,G. Sudha,Independent,62,Female
Kolathur,13,V. Dhanush,Independent,63,Male
Kolathur,13,V. Devi,Independent,29,Female
Kolathur,13,M. Vikram,Independent,51,Male
Kolathur,13,A. Sudha,Independent,63,Female
Kolathur,13,E. Ganesan,Independent,65,Male
Kolathur,13,T. Rajini,Independent,31,Male
Kolathur,13,N. Natarajan,Independent,29,Male
Villivakkam,14,T. Perumal,DMK,55,Male
Villivakkam,14,N. Dhanush,AIADMK,31,Male
Villivakkam,14,A. Karuppu,NTK,38,Male
Villivakkam,14,M. Kalpana,BJP,39,Female
Villivakkam,14,N. Geetha,VCK,31,Female
Villivakkam,14,E. Senthil,Independent,66,Male
Villivakkam,14,J. Kannan,Independent,59,Male
Villivakkam,14,R. Selvam,Independent,47,Male
Villivakkam,14,T. Velu,Independent,36,Male
Villivakkam,14,B. Muthu,Independent,44,Male
Villivakkam,14,S. Surya,Independent,53,Male
Villivakkam,14,V. Meena,Independent,64,Female
Villivakkam,14,B. Senthil,Independent,60,Male
Villivakkam,14,S. Palani,Independent,69,Male
Villivakkam,14,M. Prakash,Independent,47,Male
Villivakkam,14,K. Murugan,Independent,51,Male
Villivakkam,14,R. Arun,Independent,40,Male
Villivakkam,14,R. Prakash,Independent,72,Male
Thiru-Vi-Ka-Nagar,15,G. Vasanthi,DMK,57,Female
Thiru-Vi-Ka-Nagar,15,A. Ajith,AIADMK,31,Male
Thiru-Vi-Ka-Nagar,15,R. Rajini,NTK,54,Male
Thiru-Vi-Ka-Nagar,15,D. Perumal,Independent,40,Male
Thiru-Vi-Ka-Nagar,15,A. Kamal,Independent,29,Male
Thiru-Vi-Ka-Nagar,15,E. Moorthy,Independent,65,Male
Thiru-Vi-Ka-Nagar,15,D. Muthu,Independent,60,Male
Thiru-Vi-Ka-Nagar,15,N. Sivakarthikeyan,Independent,32,Male
Thiru-Vi-Ka-Nagar,15,K. Vikram,Independent,53,Male
Thiru-Vi-Ka-Nagar,15,D. Sekar,Independent,73,Male
Thiru-Vi-Ka-Nagar,15,C. Priya,Independent,68,Female
Thiru-Vi-Ka-Nagar,15,C. Natarajan,Independent,56,Male
Egmore,16,C. Selvam,DMK,70,Male
Egmore,16,K. Sekar,AIADMK,31,Male
Egmore,16,G. Murugan,NTK,34,Male
Egmore,16,M. Selvam,Independent,74,Male
Egmore,16,D. Palani,Independent,48,Male
Egmore,16,C. Vasanthi,Independent,65,Female
Egmore,16,L. Balaji,Independent,52,Male
Egmore,16,M. Palani,Independent,72,Male
Egmore,16,G. Perumal,Independent,41,Male
Egmore,16,L. Moorthy,Independent,43,Male
Egmore,16,L. Karuppu,Independent,70,Male
Egmore,16,T. Geetha,Independent,47,Female
Royapuram,17,J. Senthil,DMK,69,Male
Royapuram,17,D. Senthil,AIADMK,50,Male
Royapuram,17,T. Ganesan,NTK,68,Male
Royapuram,17,P. Sekar,Independent,73,Male
Royapuram,17,N. Ganesan,Independent,47,Male
Royapuram,17,P. Ganesan,Independent,72,Male
Royapuram,17,L. Ashok,Independent,25,Male
Royapuram,17,T. Ramesh,Independent,63,Male
Royapuram,17,M. Suresh,Independent,32,Male
Royapuram,17,S. Selvam,Independent,49,Male
Royapuram,17,L. Murugan,Independent,38,Male
Royapuram,17,C. Palani,Independent,36,Male
Royapuram,17,P. Moorthy,Independent,31,Male
Royapuram,17,B. Raja,Independent,33,Male
Royapuram,17,S. Palani,Independent,32,Male
Royapuram,17,C. Kamal,Independent,75,Male
Royapuram,17,R. Ramesh,Independent,33,Male
Royapuram,17,A. Raja,Independent,51,Male
Royapuram,17,T. Revathi,Independent,28,Female
Royapuram,17,E. Mani,Independent,65,Male
Harbour,18,V. Natarajan,DMK,65,Male
Harbour,18,A. Raja,AIADMK,74,Male
Harbour,18,E. Sekar,NTK,37,Male
Harbour,18,T. Vikram,Independent,38,Male
Harbour,18,M. Karthik,Independent,31,Male
Harbour,18,R. Vijay,Independent,48,Male
Harbour,18,C. Murugan,Independent,48,Male
Harbour,18,C. Mani,Independent,60,Male
Harbour,18,N. Selvam,Independent,30,Male
Harbour,18,D. Vijay,Independent,69,Male
Harbour,18,P. Surya,Independent,35,Male
Harbour,18,L. Rajini,Independent,49,Male
Harbour,18,V. Arun,Independent,37,Male
Harbour,18,G. Arun,Independent,55,Male
Harbour,18,E. Raja,Independent,59,Male
Harbour,18,P. Palani,Independent,71,Male
Harbour,18,B. Kannan,Independent,34,Male
Harbour,18,R. Kamal,Independent,38,Male
Harbour,18,L. Perumal,Independent,29,Male
Harbour,18,M. Kannan,Independent,33,Male
Chepauk-Thiruvallikeni,19,A. Karthik,DMK,45,Male
Chepauk-Thiruvallikeni,19,N. Kamal,AIADMK,41,Male
Chepauk-Thiruvallikeni,19,S. Senthil,NTK,59,Male
Chepauk-Thiruvallikeni,19,K. Ramesh,BJP,47,Male
Chepauk-Thiruvallikeni,19,V. Gayathri,VCK,69,Female
Chepauk-Thiruvallikeni,19,N. Arun,Independent,37,Male
Chepauk-Thiruvallikeni,19,L. Prakash,Independent,50,Male
Chepauk-Thiruvallikeni,19,C. Karthik,Independent,52,Male
Chepauk-Thiruvallikeni,19,B. Ramesh,Independent,55,Male
Chepauk-Thiruvallikeni,19,V. Chandran,Independent,32,Male
Chepauk-Thiruvallikeni,19,P. Rajini,Independent,41,Male
Chepauk-Thiruvallikeni,19,S. Palani,Independent,66,Male
Thousand Lights,20,V. Prakash,DMK,36,Male
Thousand Lights,20,E. Muthu,AIADMK,69,Male
Thousand Lights,20,G. Kannan,NTK,73,Male
Thousand Lights,20,S. Sekar,PMK,60,Male
Thousand Lights,20,C. Chandran,Independent,49,Male
Thousand Lights,20,J. Rajendran,Independent,41,Male
Thousand Lights,20,K. Senthil,Independent,60,Male
Thousand Lights,20,J. Mani,Independent,36,Male
Thousand Lights,20,G. Palani,Independent,71,Male
Thousand Lights,20,M. Perumal,Independent,54,Male
Thousand Lights,20,B. Mani,Independent,71,Male
Thousand Lights,20,M. Ajith,Independent,65,Male
Thousand Lights,20,T. Senthil,Independent,69,Male
Thousand Lights,20,R. Sekar,Independent,72,Male
Thousand Lights,20,C. Rajini,Independent,69,Male
Anna Nagar,21,N. Shanthi,DMK,41,Female
Anna Nagar,21,L. Murugan,AIADMK,68,Male
Anna Nagar,21,G. Mani,NTK,74,Male
Anna Nagar,21,T. Vijay,INC,74,Male
Anna Nagar,21,L. Mani,Independent,50,Male
Anna Nagar,21,R. Ajith,Independent,64,Male
Anna Nagar,21,A. Murugan,Independent,29,Male
Anna Nagar,21,A. Ramesh,Independent,65,Male
Anna Nagar,21,E. Karthik,Independent,26,Male
Anna Nagar,21,A. Kamal,Independent,53,Male
Anna Nagar,21,J. Vikram,Independent,56,Male
Anna Nagar,21,K. Ramesh,Independent,48,Male
Anna Nagar,21,J. Ramesh,Independent,44,Male
Anna Nagar,21,V. Natarajan,Independent,69,Male
Anna Nagar,21,D. Perumal,Independent,70,Male
Anna Nagar,21,C. Kamal,Independent,44,Male
Anna Nagar,21,P. Ajith,Independent,30,Male
Anna Nagar,21,A. Velu,Independent,57,Male
Anna Nagar,21,B. Suresh,Independent,44,Male
Anna Nagar,21,J. Murugan,Independent,25,Male
Anna Nagar,21,R. Muthu,Independent,73,Male
Anna Nagar,21,C. Sekar,Independent,56,Male
Virugampakkam,22,E. Perumal,DMK,53,Male
Virugampakkam,22,C. Vikram,AIADMK,74,Male
Virugampakkam,22,T. Ashok,NTK,26,Male
Virugampakkam,22,V. Geetha,PMK,62,Female
Virugampakkam,22,G. Karuppu,Independent,63,Male
Virugampakkam,22,C. Muthu,Independent,37,Male
Virugampakkam,22,E. Rajendran,Independent,68,Male
Virugampakkam,22,S. Rajini,Independent,48,Male
Virugampakkam,22,D. Surya,Independent,62,Male
Virugampakkam,22,D. Raja,Independent,56,Male
Virugampakkam,22,R. Gayathri,Independent,46,Female
Virugampakkam,22,N. Suresh,Independent,52,Male
Virugampakkam,22,K. Senthil,Independent,31,Male
Saidapet,23,T. Revathi,DMK,41,Female
Saidapet,23,C. Surya,AIADMK,42,Male
Saidapet,23,G. Ganesan,NTK,41,Male
Saidapet,23,S. Chandran,INC,34,Male
Saidapet,23,G. Karthik,VCK,67,Male
Saidapet,23,G. Murugan,Independent,58,Male
Saidapet,23,E. Kannan,Independent,34,Male
Saidapet,23,A. Raja,Independent,33,Male
Saidapet,23,K. Moorthy,Independent,69,Male
Saidapet,23,P. Meena,Independent,49,Female
Saidapet,23,D. Natarajan,Independent,25,Male
Saidapet,23,N. Rajini,Independent,54,Male
Saidapet,23,B. Devi,Independent,39,Female
Saidapet,23,E. Senthil,Independent,36,Male
Saidapet,23,P. Sekar,Independent,71,Male
Saidapet,23,V. Indira,Independent,33,Female
Saidapet,23,R. Meena,Independent,66,Female
Saidapet,23,D. Chandran,Independent,65,Male
Thiyagarayanagar,24,A. Dhanush,DMK,33,Male
Thiyagarayanagar,24,R. Chandran,AIADMK,63,Male
Thiyagarayanagar,24,J. Malathi,NTK,39,Female
Thiyagarayanagar,24,M. Chandran,PMK,45,Male
Thiyagarayanagar,24,B. Vijay,Independent,37,Male
Thiyagarayanagar,24,P. Rajini,Independent,28,Male
Thiyagarayanagar,24,B. Sekar,Independent,37,Male
Thiyagarayanagar,24,V. Vijay,Independent,71,Male
Thiyagarayanagar,24,V. Vijay,Independent,66,Male
Thiyagarayanagar,24,L. Palani,Independent,40,Male
Thiyagarayanagar,24,C. Perumal,Independent,46,Male
Thiyagarayanagar,24,B. Perumal,Independent,59,Male
Thiyagarayanagar,24,D. Balaji,Independent,41,Male
Mylapore,25,G. Prakash,DMK,25,Male
Mylapore,25,P. Dhanush,AIADMK,25,Male
Mylapore,25,D. Ajith,NTK,42,Male
Mylapore,25,E. Selvam,Independent,32,Male
Mylapore,25,J. Raja,Independent,32,Male
Mylapore,25,E. Karuppu,Independent,57,Male
Mylapore,25,C. Palani,Independent,48,Male
Mylapore,25,D. Surya,Independent,36,Male
Mylapore,25,J. Ganesan,Independent,38,Male
Mylapore,25,T. Rajendran,Independent,50,Male
Mylapore,25,A. Arun,Independent,44,Male
Mylapore,25,M. Kalpana,Independent,58,Female
Mylapore,25,M. Vikram,Independent,41,Male
Mylapore,25,T. Sekar,Independent,42,Male
Mylapore,25,C. Dhanush,Independent,64,Male
Velachery,26,L. Moorthy,DMK,30,Male
Velachery,26,K. Chandran,AIADMK,71,Male
Velachery,26,P. Senthil,NTK,26,Male
Velachery,26,R. Arun,BJP,54,Male
Velachery,26,S. Suresh,PMK,46,Male
Velachery,26,K. Palani,Independent,38,Male
Velachery,26,G. Ganesan,Independent,59,Male
Velachery,26,T. Kamal,Independent,25,Male
Velachery,26,R. Raja,Independent,41,Male
Velachery,26,M. Ramesh,Independent,40,Male
Velachery,26,A. Balaji,Independent,51,Male
Velachery,26,E. Perumal,Independent,49,Male
Velachery,26,A. Gayathri,Independent,46,Female
Velachery,26,R. Prakash,Independent,30,Male
Velachery,26,M. Suresh,Independent,56,Male
Velachery,26,G. Ramesh,Independent,67,Male
Velachery,26,K. Suganya,Independent,52,Female
Velachery,26,G. Ramesh,Independent,62,Male
Velachery,26,T. Perumal,Independent,61,Male
Velachery,26,V. Ajith,Independent,32,Male
Velachery,26,V. Perumal,Independent,67,Male
Velachery,26,G. Surya,Independent,35,Male
Shozhinganallur,27,E. Selvam,DMK,44,Male
Shozhinganallur,27,V. Vikram,AIADMK,28,Male
Shozhinganallur,27,E. Mani,NTK,42,Male
Shozhinganallur,27,T. Natarajan,BJP,42,Male
Shozhinganallur,27,R. Mani,VCK,38,Male
Shozhinganallur,27,J. Rajini,Independent,52,Male
Shozhinganallur,27,T. Natarajan,Independent,63,Male
Shozhinganallur,27,M. Ajith,Independent,69,Male
Shozhinganallur,27,J. Raja,Independent,44,Male
Shozhinganallur,27,R. Natarajan,Independent,33,Male
Shozhinganallur,27,G. Vijay,Independent,59,Male
Shozhinganallur,27,B. Revathi,Independent,38,Female
Alandur,28,G. Geetha,DMK,54,Female
Alandur,28,K. Indira,AIADMK,37,Female
Alandur,28,D. Geetha,NTK,61,Female
Alandur,28,V. Ajith,INC,48,Male
Alandur,28,E. Arun,PMK,34,Male
Alandur,28,B. Rajendran,Independent,43,Male
Alandur,28,R. Balaji,Independent,56,Male
Alandur,28,J. Ashok,Independent,31,Male
Alandur,28,R. Karuppu,Independent,43,Male
Alandur,28,S. Ramesh,Independent,70,Male
Alandur,28,L. Balaji,Independent,25,Male
Alandur,28,C. Kavitha,Independent,43,Female
Alandur,28,M. Perumal,Independent,27,Male
Alandur,28,S. Arun,Independent,65,Male
Sriperumbudur,29,N. Rajini,DMK,43,Male
Sriperumbudur,29,A. Rajini,AIADMK,38,Male
Sriperumbudur,29,C. Renuka,NTK,52,Female
Sriperumbudur,29,A. Muthu,INC,54,Male
Sriperumbudur,29,C. Senthil,PMK,66,Male
Sriperumbudur,29,S. Vijay,Independent,25,Male
Sriperumbudur,29,D. Senthil,Independent,70,Male
Sriperumbudur,29,M. Malathi,Independent,44,Female
Sriperumbudur,29,P. Kamal,Independent,47,Male
Sriperumbudur,29,P. Shanthi,Independent,64,Female
Sriperumbudur,29,E. Vijay,Independent,28,Male
Sriperumbudur,29,P. Raja,Independent,61,Male
Sriperumbudur,29,B. Dhanush,Independent,66,Male
Sriperumbudur,29,B. Raja,Independent,62,Male
Sriperumbudur,29,K. Vijay,Independent,75,Male
Sriperumbudur,29,K. Rajendran,Independent,65,Male
Sriperumbudur,29,R. Natarajan,Independent,61,Male
Sriperumbudur,29,D. Perumal,Independent,58,Male
Sriperumbudur,29,M. Vikram,Independent,42,Male
Sriperumbudur,29,L. Murugan,Independent,46,Male
Pallavaram,30,P. Sekar,DMK,72,Male
Pallavaram,30,E. Anitha,AIADMK,36,Female
Pallavaram,30,N. Sekar,NTK,29,Male
Pallavaram,30,S. Revathi,INC,41,Female
Pallavaram,30,P. Chandran,Independent,30,Male
Pallavaram,30,V. Arun,Independent,26,Male
Pallavaram,30,M. Dhanush,Independent,51,Male
Pallavaram,30,D. Kannan,Independent,67,Male
Pallavaram,30,C. Moorthy,Independent,64,Male
Pallavaram,30,C. Malathi,Independent,39,Female
Pallavaram,30,V. Mani,Independent,54,Male
Pallavaram,30,R. Muthu,Independent,68,Male
Pallavaram,30,R. Vijay,Independent,59,Male
Pallavaram,30,L. Vijay,Independent,58,Male
Pallavaram,30,C. Palani,Independent,66,Male
Pallavaram,30,L. Meena,Independent,52,Female
Pallavaram,30,N. Sekar,Independent,39,Male
Pallavaram,30,L. Muthu,Independent,62,Male
Pallavaram,30,P. Mani,Independent,71,Male
Pallavaram,30,D. Suresh,Independent,71,Male
Pallavaram,30,P. Ganesan,Independent,53,Male
Tambaram,31,M. Vijay,DMK,35,Male
Tambaram,31,A. Geetha,AIADMK,57,Female
Tambaram,31,N. Lakshmi,NTK,67,Female
Tambaram,31,A. Geetha,PMK,68,Female
Tambaram,31,T. Natarajan,Independent,59,Male
Tambaram,31,V. Ganesan,Independent,58,Male
Tambaram,31,L. Chandran,Independent,74,Male
Tambaram,31,V. Moorthy,Independent,59,Male
Tambaram,31,P. Balaji,Independent,56,Male
Tambaram,31,S. Murugan,Independent,72,Male
Tambaram,31,M. Muthu,Independent,71,Male
Tambaram,31,S. Rajendran,Independent,28,Male
Tambaram,31,V. Senthil,Independent,37,Male
Tambaram,31,G. Selvam,Independent,74,Male
Tambaram,31,T. Vijay,Independent,56,Male
Tambaram,31,J. Perumal,Independent,65,Male
Tambaram,31,J. Surya,Independent,25,Male
Tambaram,31,C. Natarajan,Independent,35,Male
Tambaram,31,B. Karuppu,Independent,74,Male
Tambaram,31,N. Ramesh,Independent,45,Male
Chengalpattu,32,M. Prakash,DMK,55,Male
Chengalpattu,32,A. Rajini,AIADMK,49,Male
Chengalpattu,32,G. Karuppu,NTK,72,Male
Chengalpattu,32,J. Surya,INC,53,Male
Chengalpattu,32,V. Mani,VCK,45,Male
Chengalpattu,32,L. Karuppu,Independent,45,Male
Chengalpattu,32,D. Balaji,Independent,61,Male
Chengalpattu,32,T. Muthu,Independent,50,Male
Chengalpattu,32,M. Ashok,Independent,29,Male
Chengalpattu,32,T. Muthu,Independent,33,Male
Chengalpattu,32,G. Mani,Independent,48,Male
Chengalpattu,32,V. Ashok,Independent,32,Male
Chengalpattu,32,T. Mani,Independent,41,Male
Chengalpattu,32,A. Raja,Independent,39,Male
Chengalpattu,32,S. Mani,Independent,36,Male
Chengalpattu,32,M. Karuppu,Independent,32,Male
Chengalpattu,32,J. Revathi,Independent,46,Female
Chengalpattu,32,J. Kamal,Independent,65,Male
Chengalpattu,32,N. Ashok,Independent,43,Male
Chengalpattu,32,M. Vijay,Independent,75,Male
Thiruporur,33,E. Arun,DMK,69,Male
Thiruporur,33,A. Deepa,AIADMK,65,Female
Thiruporur,33,P. Vijay,NTK,30,Male
Thiruporur,33,R. Geetha,BJP,50,Female
Thiruporur,33,N. Soundarya,Independent,40,Female
Thiruporur,33,B. Sivakarthikeyan,Independent,55,Male
Thiruporur,33,B. Arun,Independent,34,Male
Thiruporur,33,R. Prakash,Independent,72,Male
Thiruporur,33,S. Karthik,Independent,45,Male
Thiruporur,33,K. Suresh,Independent,26,Male
Thiruporur,33,B. Sudha,Independent,29,Female
Thiruporur,33,R. Balaji,Independent,48,Male
Thiruporur,33,T. Geetha,Independent,69,Female
Thiruporur,33,L. Palani,Independent,28,Male
Thiruporur,33,G. Lakshmi,Independent,50,Female
Thiruporur,33,L. Ramesh,Independent,58,Male
Thiruporur,33,G. Palani,Independent,40,Male
Cheyyur,34,A. Vasanthi,DMK,32,Female
Cheyyur,34,E. Lakshmi,AIADMK,53,Female
Cheyyur,34,K. Senthil,NTK,44,Male
Cheyyur,34,K. Selvam,BJP,43,Male
Cheyyur,34,M. Prakash,PMK,30,Male
Cheyyur,34,N. Arun,Independent,64,Male
Cheyyur,34,G. Ajith,Independent,54,Male
Cheyyur,34,J. Perumal,Independent,30,Male
Cheyyur,34,T. Karuppu,Independent,25,Male
Cheyyur,34,T. Arun,Independent,34,Male
Cheyyur,34,S. Murugan,Independent,45,Male
Cheyyur,34,S. Suresh,Independent,45,Male
Cheyyur,34,D. Karuppu,Independent,74,Male
Cheyyur,34,V. Chandran,Independent,32,Male
Cheyyur,34,K. Sivakarthikeyan,Independent,46,Male
Cheyyur,34,K. Moorthy,Independent,27,Male
Cheyyur,34,V. Muthu,Independent,26,Male
Cheyyur,34,B. Ganesan,Independent,35,Male
Cheyyur,34,K. Surya,Independent,51,Male
Cheyyur,34,L. Balaji,Independent,35,Male
Madurantakam,35,D. Ramesh,DMK,43,Male
Madurantakam,35,D. Rajendran,AIADMK,35,Male
Madurantakam,35,L. Surya,NTK,35,Male
Madurantakam,35,D. Balaji,Independent,34,Male
Madurantakam,35,R. Senthil,Independent,55,Male
Madurantakam,35,P. Vikram,Independent,51,Male
Madurantakam,35,C. Prakash,Independent,59,Male
Madurantakam,35,J. Palani,Independent,35,Male
Madurantakam,35,A. Natarajan,Independent,55,Male
Madurantakam,35,D. Palani,Independent,30,Male
Madurantakam,35,V. Karthik,Independent,49,Male
Madurantakam,35,R. Ganesan,Independent,55,Male
Madurantakam,35,M. Malathi,Independent,53,Female
Madurantakam,35,K. Rajendran,Independent,52,Male
Madurantakam,35,D. Moorthy,Independent,72,Male
Madurantakam,35,S. Suresh,Independent,37,Male
Madurantakam,35,E. Revathi,Independent,49,Female
Madurantakam,35,S. Ganesan,Independent,27,Male
Madurantakam,35,K. Natarajan,Independent,46,Male
Uthiramerur,36,J. Karuppu,DMK,65,Male
Uthiramerur,36,M. Palani,AIADMK,52,Male
Uthiramerur,36,R. Revathi,NTK,25,Female
Uthiramerur,36,M. Malathi,BJP,50,Female
Uthiramerur,36,C. Rajini,Independent,57,Male
Uthiramerur,36,K. Karuppu,Independent,31,Male
Uthiramerur,36,G. Suresh,Independent,45,Male
Uthiramerur,36,M. Rajini,Independent,48,Male
Uthiramerur,36,D. Perumal,Independent,67,Male
Uthiramerur,36,A. Moorthy,Independent,57,Male
Uthiramerur,36,M. Selvam,Independent,69,Male
Uthiramerur,36,J. Kavitha,Independent,54,Female
Uthiramerur,36,V. Prakash,Independent,30,Male
Uthiramerur,36,V. Dhanush,Independent,48,Male
Uthiramerur,36,N. Sekar,Independent,45,Male
Uthiramerur,36,M. Rajendran,Independent,33,Male
Kancheepuram,37,R. Kalpana,DMK,36,Female
Kancheepuram,37,T. Karuppu,AIADMK,51,Male
Kancheepuram,37,S. Chandran,NTK,52,Male
Kancheepuram,37,C. Ganesan,BJP,62,Male
Kancheepuram,37,J. Vijay,Independent,52,Male
Kancheepuram,37,D. Mani,Independent,26,Male
Kancheepuram,37,J. Ashok,Independent,61,Male
Kancheepuram,37,T. Raja,Independent,64,Male
Kancheepuram,37,G. Surya,Independent,44,Male
Kancheepuram,37,A. Ramesh,Independent,41,Male
Kancheepuram,37,M. Karthik,Independent,56,Male
Kancheepuram,37,G. Perumal,Independent,75,Male
Kancheepuram,37,P. Renuka,Independent,27,Female
Kancheepuram,37,V. Selvam,Independent,44,Male
Kancheepuram,37,E. Prakash,Independent,35,Male
Kancheepuram,37,S. Ramesh,Independent,55,Male
Kancheepuram,37,K. Sekar,Independent,45,Male
Kancheepuram,37,D. Ramesh,Independent,43,Male
Arakkonam,38,K. Ashok,DMK,46,Male
Arakkonam,38,V. Kamal,AIADMK,50,Male
Arakkonam,38,E. Ganesan,NTK,69,Male
Arakkonam,38,G. Rajini,INC,67,Male
Arakkonam,38,A. Natarajan,Independent,60,Male
Arakkonam,38,V. Kannan,Independent,46,Male
Arakkonam,38,E. Selvam,Independent,69,Male
Arakkonam,38,E. Dhanush,Independent,66,Male
Arakkonam,38,A. Selvam,Independent,39,Male
Arakkonam,38,C. Natarajan,Independent,52,Male
Arakkonam,38,L. Muthu,Independent,43,Male
Arakkonam,38,C. Natarajan,Independent,34,Male
Arakkonam,38,R. Muthu,Independent,63,Male
Arakkonam,38,N. Ganesan,Independent,57,Male
Arakkonam,38,D. Vasanthi,Independent,36,Female
Arakkonam,38,A. Selvam,Independent,57,Male
Arakkonam,38,K. Balaji,Independent,36,Male
Arakkonam,38,T. Arun,Independent,37,Male
Arakkonam,38,P. Ramesh,Independent,36,Male
Sholingur,39,T. Deepa,DMK,57,Female
Sholingur,39,C. Ramesh,AIADMK,69,Male
Sholingur,39,D. Ramesh,NTK,33,Male
Sholingur,39,E. Meena,INC,64,Female
Sholingur,39,J. Meena,PMK,52,Female
Sholingur,39,L. Rajendran,Independent,56,Male
Sholingur,39,K. Rajendran,Independent,74,Male
Sholingur,39,V. Sivakarthikeyan,Independent,27,Male
Sholingur,39,P. Velu,Independent,37,Male
Sholingur,39,C. Kalpana,Independent,32,Female
Sholingur,39,D. Selvam,Independent,74,Male
Sholingur,39,J. Muthu,Independent,53,Male
Sholingur,39,A. Ramesh,Independent,30,Male
Sholingur,39,C. Geetha,Independent,65,Female
Sholingur,39,R. Ganesan,Independent,52,Male
Sholingur,39,A. Balaji,Independent,46,Male
Sholingur,39,K. Lakshmi,Independent,60,Female
Sholingur,39,A. Rajendran,Independent,68,Male
Sholingur,39,B. Ajith,Independent,41,Male
Sholingur,39,T. Perumal,Independent,29,Male
Sholingur,39,S. Prakash,Independent,69,Male
Katpadi,40,R. Sivakarthikeyan,DMK,27,Male
Katpadi,40,N. Velu,AIADMK,66,Male
Katpadi,40,D. Ganesan,NTK,75,Male
Katpadi,40,J. Karuppu,Independent,62,Male
Katpadi,40,N. Kamal,Independent,27,Male
Katpadi,40,G. Suganya,Independent,43,Female
Katpadi,40,G. Raja,Independent,44,Male
Katpadi,40,D. Mani,Independent,40,Male
Katpadi,40,K. Balaji,Independent,55,Male
Katpadi,40,E. Kamal,Independent,25,Male
Katpadi,40,K. Anitha,Independent,53,Female
Katpadi,40,R. Rajini,Independent,64,Male
Katpadi,40,N. Muthu,Independent,28,Male
Katpadi,40,N. Arun,Independent,34,Male
Ranipet,41,E. Balaji,DMK,41,Male
Ranipet,41,N. Perumal,AIADMK,54,Male
Ranipet,41,S. Rajini,NTK,29,Male
Ranipet,41,D. Devi,BJP,50,Female
Ranipet,41,M. Prakash,Independent,47,Male
Ranipet,41,L. Vijay,Independent,64,Male
Ranipet,41,B. Muthu,Independent,42,Male
Ranipet,41,K. Kannan,Independent,39,Male
Ranipet,41,M. Vijay,Independent,65,Male
Ranipet,41,A. Gayathri,Independent,26,Female
Ranipet,41,L. Ashok,Independent,59,Male
Ranipet,41,E. Ramesh,Independent,43,Male
Ranipet,41,M. Vijay,Independent,58,Male
Arcot,42,D. Ganesan,DMK,45,Male
Arcot,42,B. Velu,AIADMK,66,Male
Arcot,42,L. Vikram,NTK,25,Male
Arcot,42,M. Meena,INC,73,Female
Arcot,42,M. Kamal,Independent,48,Male
Arcot,42,V. Moorthy,Independent,26,Male
Arcot,42,K. Ganesan,Independent,46,Male
Arcot,42,B. Suresh,Independent,32,Male
Arcot,42,A. Soundarya,Independent,53,Female
Arcot,42,K. Ramesh,Independent,56,Male
Arcot,42,A. Devi,Independent,47,Female
Arcot,42,V. Kamal,Independent,25,Male
Vellore,43,N. Raja,DMK,61,Male
Vellore,43,B. Malathi,AIADMK,48,Female
Vellore,43,K. Ajith,NTK,75,Male
Vellore,43,J. Karthik,INC,25,Male
Vellore,43,E. Sekar,Independent,42,Male
Vellore,43,B. Rajini,Independent,58,Male
Vellore,43,N. Karuppu,Independent,50,Male
Vellore,43,R. Chandran,Independent,74,Male
Vellore,43,J. Geetha,Independent,42,Female
Vellore,43,R. Prakash,Independent,69,Male
Vellore,43,V. Arun,Independent,65,Male
Vellore,43,L. Sekar,Independent,43,Male
Vellore,43,E. Rajini,Independent,71,Male
Anaikattu,44,V. Balaji,DMK,75,Male
Anaikattu,44,B. Suresh,AIADMK,27,Male
Anaikattu,44,K. Meena,NTK,38,Female
Anaikattu,44,L. Palani,PMK,46,Male
Anaikattu,44,T. Senthil,Independent,27,Male
Anaikattu,44,T. Muthu,Independent,62,Male
Anaikattu,44,A. Arun,Independent,32,Male
Anaikattu,44,J. Kamal,Independent,46,Male
Anaikattu,44,L. Vijay,Independent,27,Male
Anaikattu,44,L. Ramesh,Independent,55,Male
Anaikattu,44,G. Vikram,Independent,60,Male
Anaikattu,44,N. Sekar,Independent,65,Male
Kilvaithinankuppam,45,M. Vasanthi,DMK,34,Female
Kilvaithinankuppam,45,N. Moorthy,AIADMK,33,Male
Kilvaithinankuppam,45,B. Arun,NTK,31,Male
Kilvaithinankuppam,45,D. Perumal,BJP,54,Male
Kilvaithinankuppam,45,N. Murugan,Independent,46,Male
Kilvaithinankuppam,45,S. Senthil,Independent,30,Male
Kilvaithinankuppam,45,B. Palani,Independent,40,Male
Kilvaithinankuppam,45,S. Chandran,Independent,47,Male
Kilvaithinankuppam,45,R. Kannan,Independent,60,Male
Kilvaithinankuppam,45,V. Sekar,Independent,58,Male
Kilvaithinankuppam,45,J. Raja,Independent,33,Male
Kilvaithinankuppam,45,N. Arun,Independent,50,Male
Kilvaithinankuppam,45,J. Selvam,Independent,62,Male
Kilvaithinankuppam,45,B. Dhanush,Independent,38,Male
Kilvaithinankuppam,45,E. Ganesan,Independent,68,Male
Kilvaithinankuppam,45,D. Ashok,Independent,59,Male
Kilvaithinankuppam,45,V. Vijay,Independent,27,Male
Kilvaithinankuppam,45,G. Selvam,Independent,64,Male
Kilvaithinankuppam,45,L. Rajendran,Independent,58,Male
Kilvaithinankuppam,45,G. Surya,Independent,74,Male
Kilvaithinankuppam,45,J. Senthil,Independent,62,Male
Gudiyattam,46,J. Kamal,DMK,28,Male
Gudiyattam,46,D. Vijay,AIADMK,53,Male
Gudiyattam,46,A. Surya,NTK,54,Male
Gudiyattam,46,P. Vikram,BJP,30,Male
Gudiyattam,46,G. Kavitha,PMK,42,Female
Gudiyattam,46,S. Kamal,Independent,39,Male
Gudiyattam,46,J. Balaji,Independent,70,Male
Gudiyattam,46,N. Selvam,Independent,74,Male
Gudiyattam,46,E. Ramesh,Independent,48,Male
Gudiyattam,46,L. Balaji,Independent,73,Male
Gudiyattam,46,L. Vikram,Independent,33,Male
Gudiyattam,46,R. Kamal,Independent,51,Male
Gudiyattam,46,G. Senthil,Independent,58,Male
Gudiyattam,46,R. Kannan,Independent,71,Male
Gudiyattam,46,N. Murugan,Independent,54,Male
Gudiyattam,46,C. Revathi,Independent,48,Female
Gudiyattam,46,M. Velu,Independent,49,Male
Gudiyattam,46,R. Palani,Independent,50,Male
Gudiyattam,46,T. Suresh,Independent,28,Male
Gudiyattam,46,D. Moorthy,Independent,40,Male
Vaniyambadi,47,D. Ajith,DMK,33,Male
Vaniyambadi,47,S. Mani,AIADMK,29,Male
Vaniyambadi,47,C. Kamal,NTK,26,Male
Vaniyambadi,47,E. Mani,BJP,61,Male
Vaniyambadi,47,T. Balaji,INC,74,Male
Vaniyambadi,47,E. Velu,Independent,26,Male
Vaniyambadi,47,G. Raja,Independent,30,Male
Vaniyambadi,47,A. Kannan,Independent,28,Male
Vaniyambadi,47,M. Raja,Independent,43,Male
Vaniyambadi,47,R. Priya,Independent,56,Female
Vaniyambadi,47,C. Suganya,Independent,49,Female
Vaniyambadi,47,T. Palani,Independent,31,Male
Vaniyambadi,47,L. Arun,Independent,40,Male
Vaniyambadi,47,D. Mani,Independent,45,Male
Vaniyambadi,47,A. Vikram,Independent,46,Male
Vaniyambadi,47,C. Sivakarthikeyan,Independent,30,Male
Vaniyambadi,47,V. Raja,Independent,25,Male
Vaniyambadi,47,L. Senthil,Independent,59,Male
Vaniyambadi,47,A. Raja,Independent,35,Male
Vaniyambadi,47,L. Perumal,Independent,59,Male
Vaniyambadi,47,A. Vijay,Independent,72,Male
Vaniyambadi,47,N. Kamal,Independent,68,Male
Ambur,48,L. Indira,DMK,49,Female
Ambur,48,B. Sivakarthikeyan,AIADMK,50,Male
Ambur,48,S. Selvam,NTK,30,Male
Ambur,48,P. Sekar,INC,62,Male
Ambur,48,A. Palani,Independent,27,Male
Ambur,48,L. Indira,Independent,64,Female
Ambur,48,V. Senthil,Independent,30,Male
Ambur,48,P. Mani,Independent,51,Male
Ambur,48,R. Senthil,Independent,59,Male
Ambur,48,R. Ajith,Independent,61,Male
Ambur,48,J. Selvam,Independent,58,Male
Ambur,48,E. Moorthy,Independent,58,Male
Ambur,48,J. Soundarya,Independent,32,Female
Ambur,48,R. Velu,Independent,42,Male
Ambur,48,R. Karthik,Independent,42,Male
Ambur,48,D. Selvam,Independent,57,Male
Ambur,48,C. Sivakarthikeyan,Independent,42,Male
Jolarpet,49,B. Revathi,DMK,36,Female
Jolarpet,49,V. Meena,AIADMK,51,Female
Jolarpet,49,K. Mani,NTK,32,Male
Jolarpet,49,K. Sivakarthikeyan,INC,56,Male
Jolarpet,49,E. Gayathri,VCK,35,Female
Jolarpet,49,L. Shanthi,Independent,67,Female
Jolarpet,49,R. Perumal,Independent,55,Male
Jolarpet,49,R. Selvam,Independent,33,Male
Jolarpet,49,B. Arun,Independent,56,Male
Jolarpet,49,N. Mani,Independent,26,Male
Jolarpet,49,N. Murugan,Independent,56,Male
Jolarpet,49,G. Vikram,Independent,39,Male
Jolarpet,49,D. Karuppu,Independent,29,Male
Tirupattur,50,L. Rajendran,DMK,31,Male
Tirupattur,50,S. Muthu,AIADMK,32,Male
Tirupattur,50,P. Murugan,NTK,64,Male
Tirupattur,50,J. Malathi,BJP,68,Female
Tirupattur,50,J. Karthik,INC,43,Male
Tirupattur,50,N. Kannan,VCK,29,Male
Tirupattur,50,K. Prakash,Independent,64,Male
Tirupattur,50,M. Perumal,Independent,38,Male
Tirupattur,50,C. Vikram,Independent,53,Male
Tirupattur,50,V. Sivakarthikeyan,Independent,52,Male
Tirupattur,50,B. Ajith,Independent,30,Male
Tirupattur,50,L. Selvam,Independent,52,Male
Tirupattur,50,D. Dhanush,Independent,69,Male
Tirupattur,50,G. Arun,Independent,71,Male
Tirupattur,50,B. Ajith,Independent,54,Male
Tirupattur,50,R. Sivakarthikeyan,Independent,30,Male
Tirupattur,50,D. Senthil,Independent,45,Male
Tirupattur,50,S. Karthik,Independent,71,Male
Tirupattur,50,E. Sivakarthikeyan,Independent,75,Male
Uthangarai,51,A. Balaji,DMK,41,Male
Uthangarai,51,L. Kannan,AIADMK,34,Male
Uthangarai,51,D. Sivakarthikeyan,NTK,25,Male
Uthangarai,51,M. Kamal,Independent,34,Male
Uthangarai,51,J. Dhanush,Independent,69,Male
Uthangarai,51,M. Mani,Independent,45,Male
Uthangarai,51,N. Muthu,Independent,66,Male
Uthangarai,51,E. Karuppu,Independent,65,Male
Uthangarai,51,G. Palani,Independent,56,Male
Uthangarai,51,P. Suresh,Independent,30,Male
Uthangarai,51,E. Surya,Independent,35,Male
Uthangarai,51,M. Suresh,Independent,54,Male
Uthangarai,51,J. Karthik,Independent,41,Male
Uthangarai,51,N. Dhanush,Independent,39,Male
Uthangarai,51,J. Senthil,Independent,61,Male
Uthangarai,51,N. Balaji,Independent,68,Male
Uthangarai,51,B. Kannan,Independent,47,Male
Uthangarai,51,J. Velu,Independent,63,Male
Uthangarai,51,A. Kannan,Independent,31,Male
Uthangarai,51,M. Deepa,Independent,29,Female
Uthangarai,51,G. Murugan,Independent,53,Male
Uthangarai,51,K. Ganesan,Independent,41,Male
Bargur,52,V. Selvam,DMK,27,Male
Bargur,52,L. Ajith,AIADMK,64,Male
Bargur,52,R. Meena,NTK,51,Female
Bargur,52,E. Perumal,INC,57,Male
Bargur,52,V. Muthu,Independent,47,Male
Bargur,52,R. Kamal,Independent,73,Male
Bargur,52,N. Rajini,Independent,32,Male
Bargur,52,N. Meena,Independent,66,Female
Bargur,52,A. Dhanush,Independent,30,Male
Bargur,52,J. Kamal,Independent,29,Male
Bargur,52,L. Prakash,Independent,41,Male
Bargur,52,M. Balaji,Independent,71,Male
Bargur,52,V. Kamal,Independent,59,Male
Bargur,52,M. Natarajan,Independent,38,Male
Bargur,52,R. Selvam,Independent,38,Male
Bargur,52,M. Selvam,Independent,41,Male
Bargur,52,K. Rajendran,Independent,25,Male
Bargur,52,A. Ganesan,Independent,34,Male
Krishnagiri,53,K. Vikram,DMK,65,Male
Krishnagiri,53,B. Vijay,AIADMK,72,Male
Krishnagiri,53,V. Indira,NTK,40,Female
Krishnagiri,53,R. Velu,BJP,37,Male
Krishnagiri,53,R. Soundarya,PMK,54,Female
Krishnagiri,53,R. Deepa,Independent,59,Female
Krishnagiri,53,B. Ashok,Independent,75,Male
Krishnagiri,53,C. Velu,Independent,44,Male
Krishnagiri,53,V. Natarajan,Independent,67,Male
Krishnagiri,53,L. Devi,Independent,67,Female
Krishnagiri,53,N. Rajendran,Independent,33,Male
Krishnagiri,53,L. Ashok,Independent,50,Male
Veppanahalli,54,L. Indira,DMK,60,Female
Veppanahalli,54,G. Karuppu,AIADMK,61,Male
Veppanahalli,54,P. Vijay,NTK,66,Male
Veppanahalli,54,S. Palani,Independent,48,Male
Veppanahalli,54,M. Sekar,Independent,41,Male
Veppanahalli,54,J. Muthu,Independent,36,Male
Veppanahalli,54,K. Karthik,Independent,40,Male
Veppanahalli,54,M. Rajini,Independent,74,Male
Veppanahalli,54,P. Rajendran,Independent,66,Male
Veppanahalli,54,A. Ashok,Independent,32,Male
Veppanahalli,54,J. Ganesan,Independent,35,Male
Veppanahalli,54,J. Ramesh,Independent,69,Male
Veppanahalli,54,R. Kavitha,Independent,72,Female
Veppanahalli,54,S. Perumal,Independent,63,Male
Veppanahalli,54,N. Prakash,Independent,75,Male
Veppanahalli,54,J. Perumal,Independent,75,Male
Veppanahalli,54,J. Senthil,Independent,44,Male
Veppanahalli,54,S. Kannan,Independent,27,Male
Veppanahalli,54,R. Dhanush,Independent,31,Male
Veppanahalli,54,N. Kannan,Independent,55,Male
Veppanahalli,54,D. Lakshmi,Independent,65,Female
Veppanahalli,54,M. Chandran,Independent,75,Male
Hosur,55,N. Prakash,DMK,30,Male
Hosur,55,E. Velu,AIADMK,34,Male
Hosur,55,L. Soundarya,NTK,64,Female
Hosur,55,N. Raja,Independent,61,Male
Hosur,55,S. Arun,Independent,34,Male
Hosur,55,J. Sivakarthikeyan,Independent,41,Male
Hosur,55,S. Palani,Independent,29,Male
Hosur,55,M. Ashok,Independent,75,Male
Hosur,55,L. Dhanush,Independent,42,Male
Hosur,55,N. Ajith,Independent,71,Male
Hosur,55,A. Chandran,Independent,39,Male
Hosur,55,V. Rajini,Independent,30,Male
Hosur,55,M. Vikram,Independent,48,Male
Hosur,55,L. Palani,Independent,37,Male
Thalli,56,T. Karuppu,DMK,37,Male
Thalli,56,N. Surya,AIADMK,52,Male
Thalli,56,K. Dhanush,NTK,46,Male
Thalli,56,N. Rajini,BJP,45,Male
Thalli,56,E. Sekar,Independent,42,Male
Thalli,56,M. Dhanush,Independent,71,Male
Thalli,56,M. Sivakarthikeyan,Independent,62,Male
Thalli,56,V. Shanthi,Independent,40,Female
Thalli,56,S. Sekar,Independent,35,Male
Thalli,56,A. Dhanush,Independent,34,Male
Thalli,56,B. Ramesh,Independent,68,Male
Thalli,56,V. Ajith,Independent,45,Male
Thalli,56,P. Suresh,Independent,69,Male
Thalli,56,C. Murugan,Independent,73,Male
Thalli,56,T. Arun,Independent,62,Male
Thalli,56,K. Vikram,Independent,72,Male
Thalli,56,C. Karthik,Independent,75,Male
Palacode,57,S. Muthu,DMK,47,Male
Palacode,57,B. Kannan,AIADMK,25,Male
Palacode,57,C. Moorthy,NTK,34,Male
Palacode,57,L. Karthik,BJP,51,Male
Palacode,57,S. Velu,INC,71,Male
Palacode,57,V. Raja,Independent,71,Male
Palacode,57,N. Karuppu,Independent,60,Male
Palacode,57,P. Ajith,Independent,37,Male
Palacode,57,V. Ramesh,Independent,40,Male
Palacode,57,J. Perumal,Independent,73,Male
Palacode,57,K. Surya,Independent,56,Male
Palacode,57,A. Muthu,Independent,28,Male
Pennagaram,58,K. Revathi,DMK,54,Female
Pennagaram,58,P. Rajendran,AIADMK,59,Male
Pennagaram,58,V. Priya,NTK,34,Female
Pennagaram,58,E. Mani,BJP,72,Male
Pennagaram,58,E. Mani,INC,57,Male
Pennagaram,58,M. Suresh,Independent,65,Male
Pennagaram,58,J. Raja,Independent,33,Male
Pennagaram,58,P. Mani,Independent,52,Male
Pennagaram,58,G. Natarajan,Independent,57,Male
Pennagaram,58,P. Prakash,Independent,43,Male
Pennagaram,58,K. Natarajan,Independent,38,Male
Pennagaram,58,L. Karthik,Independent,67,Male
Pennagaram,58,M. Ramesh,Independent,63,Male
Pennagaram,58,M. Deepa,Independent,28,Female
Pennagaram,58,V. Mani,Independent,31,Male
Pennagaram,58,V. Raja,Independent,29,Male
Pennagaram,58,A. Balaji,Independent,25,Male
Pennagaram,58,C. Kannan,Independent,31,Male
Pennagaram,58,S. Senthil,Independent,70,Male
Pennagaram,58,B. Ajith,Independent,41,Male
Dharmapuri,59,S. Selvam,DMK,32,Male
Dharmapuri,59,J. Moorthy,AIADMK,28,Male
Dharmapuri,59,K. Sekar,NTK,44,Male
Dharmapuri,59,E. Balaji,BJP,69,Male
Dharmapuri,59,T. Geetha,Independent,65,Female
Dharmapuri,59,P. Raja,Independent,56,Male
Dharmapuri,59,G. Sekar,Independent,46,Male
Dharmapuri,59,E. Selvam,Independent,46,Male
Dharmapuri,59,P. Arun,Independent,56,Male
Dharmapuri,59,B. Malathi,Independent,71,Female
Dharmapuri,59,L. Sivakarthikeyan,Independent,73,Male
Dharmapuri,59,V. Natarajan,Independent,70,Male
Dharmapuri,59,P. Vijay,Independent,61,Male
Dharmapuri,59,V. Mani,Independent,55,Male
Dharmapuri,59,V. Sudha,Independent,58,Female
Dharmapuri,59,K. Vikram,Independent,34,Male
Pappireddippatti,60,A. Kannan,DMK,55,Male
Pappireddippatti,60,G. Palani,AIADMK,57,Male
Pappireddippatti,60,J. Arun,NTK,47,Male
Pappireddippatti,60,M. Revathi,BJP,32,Female
Pappireddippatti,60,P. Senthil,Independent,68,Male
Pappireddippatti,60,B. Sivakarthikeyan,Independent,73,Male
Pappireddippatti,60,V. Rajendran,Independent,67,Male
Pappireddippatti,60,T. Kalpana,Independent,46,Female
Pappireddippatti,60,P. Arun,Independent,43,Male
Pappireddippatti,60,G. Dhanush,Independent,68,Male
Pappireddippatti,60,S. Moorthy,Independent,33,Male
Pappireddippatti,60,T. Rajendran,Independent,26,Male
Pappireddippatti,60,E. Arun,Independent,75,Male
Pappireddippatti,60,E. Muthu,Independent,72,Male
Pappireddippatti,60,N. Kamal,Independent,53,Male
Pappireddippatti,60,T. Raja,Independent,48,Male
Pappireddippatti,60,R. Senthil,Independent,65,Male
Pappireddippatti,60,B. Ajith,Independent,58,Male
Harur,61,D. Ajith,DMK,65,Male
Harur,61,G. Sudha,AIADMK,63,Female
Harur,61,C. Senthil,NTK,40,Male
Harur,61,D. Karuppu,Independent,27,Male
Harur,61,T. Kamal,Independent,55,Male
Harur,61,P. Chandran,Independent,32,Male
Harur,61,R. Sekar,Independent,36,Male
Harur,61,J. Shanthi,Independent,43,Female
Harur,61,C. Sivakarthikeyan,Independent,68,Male
Harur,61,G. Ramesh,Independent,37,Male
Harur,61,E. Velu,Independent,33,Male
Harur,61,V. Suresh,Independent,58,Male
Harur,61,T. Raja,Independent,26,Male
Harur,61,A. Natarajan,Independent,60,Male
Harur,61,V. Sivakarthikeyan,Independent,57,Male
Harur,61,N. Natarajan,Independent,34,Male
Harur,61,V. Karuppu,Independent,40,Male
Chengam,62,M. Prakash,DMK,56,Male
Chengam,62,S. Arun,AIADMK,42,Male
Chengam,62,B. Ganesan,NTK,55,Male
Chengam,62,A. Prakash,INC,54,Male
Chengam,62,L. Rajini,PMK,59,Male
Chengam,62,B. Muthu,Independent,44,Male
Chengam,62,T. Sekar,Independent,73,Male
Chengam,62,P. Perumal,Independent,66,Male
Chengam,62,D. Prakash,Independent,31,Male
Chengam,62,N. Karthik,Independent,70,Male
Chengam,62,N. Natarajan,Independent,36,Male
Chengam,62,E. Raja,Independent,37,Male
Chengam,62,R. Moorthy,Independent,41,Male
Tiruvannamalai,63,B. Kannan,DMK,56,Male
Tiruvannamalai,63,C. Natarajan,AIADMK,56,Male
Tiruvannamalai,63,A. Karuppu,NTK,61,Male
Tiruvannamalai,63,V. Vikram,Independent,41,Male
Tiruvannamalai,63,R. Muthu,Independent,54,Male
Tiruvannamalai,63,V. Velu,Independent,53,Male
Tiruvannamalai,63,N. Karuppu,Independent,26,Male
Tiruvannamalai,63,G. Ashok,Independent,55,Male
Tiruvannamalai,63,G. Surya,Independent,52,Male
Tiruvannamalai,63,D. Murugan,Independent,37,Male
Tiruvannamalai,63,C. Rajendran,Independent,67,Male
Tiruvannamalai,63,J. Prakash,Independent,47,Male
Tiruvannamalai,63,K. Surya,Independent,26,Male
Tiruvannamalai,63,C. Ajith,Independent,69,Male
Tiruvannamalai,63,E. Renuka,Independent,27,Female
Tiruvannamalai,63,S. Prakash,Independent,40,Male
Tiruvannamalai,63,E. Murugan,Independent,57,Male
Kilpennathur,64,K. Anitha,DMK,35,Female
Kilpennathur,64,K. Kamal,AIADMK,74,Male
Kilpennathur,64,R. Mani,NTK,28,Male
Kilpennathur,64,V. Mani,Independent,33,Male
Kilpennathur,64,D. Natarajan,Independent,51,Male
Kilpennathur,64,P. Sivakarthikeyan,Independent,75,Male
Kilpennathur,64,P. Ramesh,Independent,52,Male
Kilpennathur,64,R. Mani,Independent,72,Male
Kilpennathur,64,N. Ashok,Independent,56,Male
Kilpennathur,64,K. Kamal,Independent,32,Male
Kilpennathur,64,P. Kamal,Independent,34,Male
Kilpennathur,64,R. Vikram,Independent,71,Male
Kilpennathur,64,S. Senthil,Independent,73,Male
Kilpennathur,64,V. Prakash,Independent,33,Male
Kilpennathur,64,A. Ashok,Independent,53,Male
Kilpennathur,64,V. Surya,Independent,60,Male
Kilpennathur,64,E. Suresh,Independent,50,Male
Kilpennathur,64,N. Velu,Independent,41,Male
Kilpennathur,64,L. Moorthy,Independent,31,Male
Kilpennathur,64,D. Vijay,Independent,35,Male
Kalasapakkam,65,P. Kannan,DMK,36,Male
Kalasapakkam,65,A. Ramesh,AIADMK,70,Male
Kalasapakkam,65,J. Revathi,NTK,73,Female
Kalasapakkam,65,E. Palani,BJP,29,Male
Kalasapakkam,65,R. Ashok,Independent,27,Male
Kalasapakkam,65,L. Selvam,Independent,75,Male
Kalasapakkam,65,D. Ashok,Independent,59,Male
Kalasapakkam,65,V. Priya,Independent,35,Female
Kalasapakkam,65,L. Suresh,Independent,26,Male
Kalasapakkam,65,M. Sivakarthikeyan,Independent,69,Male
Kalasapakkam,65,T. Vasanthi,Independent,54,Female
Kalasapakkam,65,M. Suresh,Independent,52,Male
Kalasapakkam,65,C. Chandran,Independent,42,Male
Kalasapakkam,65,T. Surya,Independent,58,Male
Kalasapakkam,65,A. Suresh,Independent,47,Male
Kalasapakkam,65,N. Sekar,Independent,46,Male
Kalasapakkam,65,P. Vikram,Independent,62,Male
Polur,66,N. Karuppu,DMK,66,Male
Polur,66,C. Velu,AIADMK,55,Male
Polur,66,B. Sivakarthikeyan,NTK,40,Male
Polur,66,K. Sivakarthikeyan,BJP,26,Male
Polur,66,D. Devi,PMK,52,Female
Polur,66,L. Moorthy,Independent,36,Male
Polur,66,A. Muthu,Independent,63,Male
Polur,66,A. Ganesan,Independent,26,Male
Polur,66,A. Selvam,Independent,65,Male
Polur,66,K. Surya,Independent,45,Male
Polur,66,E. Rajendran,Independent,45,Male
Polur,66,C. Selvam,Independent,55,Male
Polur,66,K. Raja,Independent,34,Male
Polur,66,R. Moorthy,Independent,53,Male
Polur,66,P. Karuppu,Independent,75,Male
Polur,66,N. Ramesh,Independent,71,Male
Polur,66,P. Vijay,Independent,50,Male
Arani,67,N. Indira,DMK,56,Female
Arani,67,D. Kamal,AIADMK,46,Male
Arani,67,S. Ramesh,NTK,47,Male
Arani,67,E. Arun,BJP,33,Male
Arani,67,B. Selvam,INC,73,Male
Arani,67,E. Vasanthi,Independent,68,Female
Arani,67,L. Selvam,Independent,63,Male
Arani,67,M. Devi,Independent,44,Female
Arani,67,P. Murugan,Independent,46,Male
Arani,67,J. Suresh,Independent,40,Male
Arani,67,J. Dhanush,Independent,57,Male
Arani,67,G. Vasanthi,Independent,71,Female
Arani,67,T. Arun,Independent,54,Male
Arani,67,K. Moorthy,Independent,63,Male
Arani,67,D. Surya,Independent,38,Male
Arani,67,E. Rajini,Independent,56,Male
Arani,67,S. Prakash,Independent,49,Male
Arani,67,M. Selvam,Independent,61,Male
Arani,67,N. Chandran,Independent,63,Male
Arani,67,J. Rajendran,Independent,46,Male
Arani,67,G. Surya,Independent,42,Male
Arani,67,L. Karthik,Independent,55,Male
Cheyyar,68,K. Rajini,DMK,32,Male
Cheyyar,68,B. Kannan,AIADMK,67,Male
Cheyyar,68,K. Vasanthi,NTK,32,Female
Cheyyar,68,R. Kannan,BJP,44,Male
Cheyyar,68,T. Ajith,INC,46,Male
Cheyyar,68,K. Vikram,Independent,54,Male
Cheyyar,68,V. Mani,Independent,44,Male
Cheyyar,68,S. Suresh,Independent,66,Male
Cheyyar,68,R. Dhanush,Independent,63,Male
Cheyyar,68,G. Kamal,Independent,58,Male
Cheyyar,68,M. Karuppu,Independent,65,Male
Cheyyar,68,S. Vijay,Independent,48,Male
Cheyyar,68,S. Kamal,Independent,53,Male
Vandavasi,69,T. Sivakarthikeyan,DMK,31,Male
Vandavasi,69,D. Geetha,AIADMK,72,Female
Vandavasi,69,C. Palani,NTK,60,Male
Vandavasi,69,B. Ramesh,INC,30,Male
Vandavasi,69,N. Soundarya,Independent,40,Female
Vandavasi,69,N. Vijay,Independent,68,Male
Vandavasi,69,N. Chandran,Independent,35,Male
Vandavasi,69,P. Rajendran,Independent,75,Male
Vandavasi,69,A. Geetha,Independent,32,Female
Vandavasi,69,V. Mani,Independent,64,Male
Vandavasi,69,K. Balaji,Independent,47,Male
Vandavasi,69,N. Raja,Independent,49,Male
Vandavasi,69,B. Sivakarthikeyan,Independent,46,Male
Vandavasi,69,S. Surya,Independent,69,Male
Gingee,70,N. Renuka,DMK,40,Female
Gingee,70,B. Sekar,AIADMK,30,Male
Gingee,70,C. Karuppu,NTK,65,Male
Gingee,70,S. Rajini,Independent,48,Male
Gingee,70,D. Muthu,Independent,59,Male
Gingee,70,L. Rajini,Independent,37,Male
Gingee,70,B. Ajith,Independent,51,Male
Gingee,70,M. Murugan,Independent,48,Male
Gingee,70,C. Perumal,Independent,65,Male
Gingee,70,K. Senthil,Independent,42,Male
Gingee,70,P. Murugan,Independent,34,Male
Gingee,70,E. Balaji,Independent,50,Male
Gingee,70,N. Mani,Independent,27,Male
Gingee,70,N. Selvam,Independent,54,Male
Gingee,70,J. Velu,Independent,47,Male
Gingee,70,J. Balaji,Independent,32,Male
Gingee,70,B. Prakash,Independent,45,Male
Mailam,71,R. Ashok,DMK,31,Male
Mailam,71,L. Lakshmi,AIADMK,30,Female
Mailam,71,P. Sivakarthikeyan,NTK,56,Male
Mailam,71,L. Karuppu,PMK,58,Male
Mailam,71,T. Kamal,Independent,70,Male
Mailam,71,L. Prakash,Independent,55,Male
Mailam,71,R. Ramesh,Independent,63,Male
Mailam,71,B. Surya,Independent,72,Male
Mailam,71,S. Prakash,Independent,33,Male
Mailam,71,R. Murugan,Independent,47,Male
Mailam,71,B. Suresh,Independent,34,Male
Mailam,71,J. Ashok,Independent,32,Male
Mailam,71,M. Kavitha,Independent,65,Female
Mailam,71,N. Mani,Independent,27,Male
Mailam,71,L. Karuppu,Independent,34,Male
Mailam,71,J. Mani,Independent,57,Male
Mailam,71,E. Rajendran,Independent,59,Male
Tindivanam,72,D. Suresh,DMK,41,Male
Tindivanam,72,T. Suganya,AIADMK,71,Female
Tindivanam,72,P. Natarajan,NTK,40,Male
Tindivanam,72,P. Natarajan,BJP,26,Male
Tindivanam,72,J. Malathi,INC,69,Female
Tindivanam,72,V. Devi,Independent,66,Female
Tindivanam,72,E. Arun,Independent,25,Male
Tindivanam,72,C. Vijay,Independent,65,Male
Tindivanam,72,S. Velu,Independent,30,Male
Tindivanam,72,K. Sivakarthikeyan,Independent,31,Male
Tindivanam,72,M. Selvam,Independent,35,Male
Tindivanam,72,V. Senthil,Independent,42,Male
Tindivanam,72,R. Devi,Independent,55,Female
Tindivanam,72,S. Kamal,Independent,74,Male
Tindivanam,72,T. Karthik,Independent,75,Male
Tindivanam,72,M. Natarajan,Independent,43,Male
Tindivanam,72,N. Meena,Independent,49,Female
Tindivanam,72,B. Soundarya,Independent,30,Female
Tindivanam,72,C. Rajendran,Independent,33,Male
Tindivanam,72,E. Chandran,Independent,47,Male
Tindivanam,72,L. Vijay,Independent,71,Male
Vanur,73,M. Muthu,DMK,49,Male
Vanur,73,D. Selvam,AIADMK,39,Male
Vanur,73,D. Muthu,NTK,25,Male
Vanur,73,R. Muthu,BJP,51,Male
Vanur,73,V. Murugan,INC,27,Male
Vanur,73,D. Natarajan,Independent,36,Male
Vanur,73,C. Rajendran,Independent,60,Male
Vanur,73,P. Prakash,Independent,72,Male
Vanur,73,S. Suresh,Independent,53,Male
Vanur,73,M. Kamal,Independent,73,Male
Vanur,73,A. Velu,Independent,46,Male
Vanur,73,P. Sivakarthikeyan,Independent,70,Male
Vanur,73,R. Arun,Independent,38,Male
Vanur,73,P. Selvam,Independent,28,Male
Vanur,73,T. Vijay,Independent,25,Male
Villupuram,74,L. Vikram,DMK,73,Male
Villupuram,74,C. Suresh,AIADMK,47,Male
Villupuram,74,B. Mani,NTK,37,Male
Villupuram,74,T. Natarajan,BJP,41,Male
Villupuram,74,G. Velu,INC,44,Male
Villupuram,74,G. Sivakarthikeyan,Independent,25,Male
Villupuram,74,R. Vikram,Independent,75,Male
Villupuram,74,B. Natarajan,Independent,73,Male
Villupuram,74,S. Chandran,Independent,40,Male
Villupuram,74,S. Dhanush,Independent,43,Male
Villupuram,74,R. Rajendran,Independent,75,Male
Villupuram,74,A. Karthik,Independent,31,Male
Villupuram,74,E. Ajith,Independent,59,Male
Villupuram,74,G. Sivakarthikeyan,Independent,32,Male
Villupuram,74,V. Perumal,Independent,48,Male
Villupuram,74,N. Ramesh,Independent,74,Male
Villupuram,74,N. Mani,Independent,25,Male
Villupuram,74,P. Karthik,Independent,64,Male
Villupuram,74,L. Raja,Independent,66,Male
Villupuram,74,M. Karthik,Independent,35,Male
Villupuram,74,A. Sekar,Independent,34,Male
Vikravandi,75,S. Palani,DMK,28,Male
Vikravandi,75,C. Priya,AIADMK,36,Female
Vikravandi,75,T. Anitha,NTK,62,Female
Vikravandi,75,N. Sivakarthikeyan,INC,57,Male
Vikravandi,75,V. Kavitha,Independent,56,Female
Vikravandi,75,E. Kavitha,Independent,29,Female
Vikravandi,75,P. Karuppu,Independent,62,Male
Vikravandi,75,K. Karthik,Independent,30,Male
Vikravandi,75,K. Ramesh,Independent,44,Male
Vikravandi,75,K. Karuppu,Independent,52,Male
Vikravandi,75,B. Ajith,Independent,70,Male
Vikravandi,75,E. Arun,Independent,39,Male
Tirukkoyilur,76,K. Ganesan,DMK,49,Male
Tirukkoyilur,76,T. Perumal,AIADMK,54,Male
Tirukkoyilur,76,A. Selvam,NTK,59,Male
Tirukkoyilur,76,E. Ajith,BJP,33,Male
Tirukkoyilur,76,N. Meena,PMK,69,Female
Tirukkoyilur,76,E. Balaji,VCK,44,Male
Tirukkoyilur,76,V. Renuka,Independent,75,Female
Tirukkoyilur,76,L. Prakash,Independent,73,Male
Tirukkoyilur,76,D. Dhanush,Independent,74,Male
Tirukkoyilur,76,E. Ganesan,Independent,73,Male
Tirukkoyilur,76,P. Vijay,Independent,59,Male
Tirukkoyilur,76,R. Karthik,Independent,34,Male
Tirukkoyilur,76,K. Palani,Independent,35,Male
Tirukkoyilur,76,N. Suresh,Independent,40,Male
Tirukkoyilur,76,V. Ramesh,Independent,59,Male
Tirukkoyilur,76,T. Muthu,Independent,52,Male
Tirukkoyilur,76,K. Senthil,Independent,62,Male
Tirukkoyilur,76,D. Natarajan,Independent,38,Male
Tirukkoyilur,76,S. Dhanush,Independent,47,Male
Tirukkoyilur,76,B. Karuppu,Independent,55,Male
Tirukkoyilur,76,L. Ramesh,Independent,40,Male
Tirukkoyilur,76,A. Palani,Independent,34,Male
Ulundurpettai,77,T. Mani,DMK,25,Male
Ulundurpettai,77,B. Kannan,AIADMK,28,Male
Ulundurpettai,77,V. Shanthi,NTK,39,Female
Ulundurpettai,77,T. Palani,BJP,32,Male
Ulundurpettai,77,R. Mani,Independent,59,Male
Ulundurpettai,77,B. Dhanush,Independent,74,Male
Ulundurpettai,77,M. Velu,Independent,58,Male
Ulundurpettai,77,E. Balaji,Independent,31,Male
Ulundurpettai,77,J. Vikram,Independent,52,Male
Ulundurpettai,77,A. Karuppu,Independent,43,Male
Ulundurpettai,77,E. Surya,Independent,60,Male
Ulundurpettai,77,T. Priya,Independent,53,Female
Ulundurpettai,77,E. Ramesh,Independent,62,Male
Ulundurpettai,77,K. Sekar,Independent,42,Male
Ulundurpettai,77,L. Sekar,Independent,40,Male
Ulundurpettai,77,N. Muthu,Independent,51,Male
Rishivandiyam,78,L. Balaji,DMK,55,Male
Rishivandiyam,78,M. Ramesh,AIADMK,52,Male
Rishivandiyam,78,D. Rajendran,NTK,63,Male
Rishivandiyam,78,N. Anitha,BJP,40,Female
Rishivandiyam,78,N. Palani,Independent,61,Male
Rishivandiyam,78,C. Suresh,Independent,42,Male
Rishivandiyam,78,N. Prakash,Independent,50,Male
Rishivandiyam,78,P. Mani,Independent,31,Male
Rishivandiyam,78,B. Vijay,Independent,34,Male
Rishivandiyam,78,M. Palani,Independent,48,Male
Rishivandiyam,78,M. Rajini,Independent,50,Male
Rishivandiyam,78,A. Vijay,Independent,36,Male
Rishivandiyam,78,D. Vijay,Independent,55,Male
Rishivandiyam,78,G. Shanthi,Independent,48,Female
Rishivandiyam,78,V. Ashok,Independent,62,Male
Rishivandiyam,78,S. Palani,Independent,37,Male
Rishivandiyam,78,B. Chandran,Independent,32,Male
Rishivandiyam,78,K. Geetha,Independent,28,Female
Rishivandiyam,78,M. Kamal,Independent,53,Male
Rishivandiyam,78,J. Kavitha,Independent,46,Female
Rishivandiyam,78,S. Surya,Independent,72,Male
Rishivandiyam,78,M. Chandran,Independent,54,Male
Sankarapuram,79,J. Ashok,DMK,37,Male
Sankarapuram,79,B. Renuka,AIADMK,58,Female
Sankarapuram,79,G. Ganesan,NTK,61,Male
Sankarapuram,79,R. Palani,BJP,75,Male
Sankarapuram,79,L. Ganesan,Independent,62,Male
Sankarapuram,79,B. Gayathri,Independent,27,Female
Sankarapuram,79,V. Raja,Independent,75,Male
Sankarapuram,79,K. Arun,Independent,26,Male
Sankarapuram,79,V. Suresh,Independent,33,Male
Sankarapuram,79,T. Dhanush,Independent,73,Male
Sankarapuram,79,M. Renuka,Independent,27,Female
Sankarapuram,79,P. Renuka,Independent,48,Female
Sankarapuram,79,S. Mani,Independent,47,Male
Sankarapuram,79,A. Muthu,Independent,73,Male
Sankarapuram,79,P. Vikram,Independent,46,Male
Sankarapuram,79,N. Kannan,Independent,35,Male
Sankarapuram,79,N. Vikram,Independent,36,Male
Sankarapuram,79,J. Vikram,Independent,26,Male
Kallakurichi,80,G. Karthik,DMK,43,Male
Kallakurichi,80,P. Karuppu,AIADMK,70,Male
Kallakurichi,80,E. Priya,NTK,59,Female
Kallakurichi,80,M. Rajini,BJP,34,Male
Kallakurichi,80,K. Murugan,INC,53,Male
Kallakurichi,80,N. Natarajan,Independent,55,Male
Kallakurichi,80,D. Senthil,Independent,49,Male
Kallakurichi,80,R. Dhanush,Independent,41,Male
Kallakurichi,80,R. Karuppu,Independent,39,Male
Kallakurichi,80,A. Dhanush,Independent,33,Male
Kallakurichi,80,V. Selvam,Independent,54,Male
Kallakurichi,80,C. Sudha,Independent,61,Female
Kallakurichi,80,R. Karthik,Independent,56,Male
Kallakurichi,80,D. Natarajan,Independent,73,Male
Kallakurichi,80,E. Senthil,Independent,25,Male
Kallakurichi,80,P. Vijay,Independent,65,Male
Kallakurichi,80,D. Revathi,Independent,47,Female
Gangavalli,81,A. Perumal,DMK,42,Male
Gangavalli,81,V. Karuppu,AIADMK,47,Male
Gangavalli,81,E. Soundarya,NTK,74,Female
Gangavalli,81,J. Vikram,BJP,48,Male
Gangavalli,81,V. Sekar,INC,70,Male
Gangavalli,81,E. Palani,Independent,32,Male
Gangavalli,81,E. Prakash,Independent,47,Male
Gangavalli,81,D. Prakash,Independent,63,Male
Gangavalli,81,N. Moorthy,Independent,43,Male
Gangavalli,81,K. Vijay,Independent,29,Male
Gangavalli,81,T. Mani,Independent,35,Male
Gangavalli,81,N. Prakash,Independent,69,Male
Gangavalli,81,P. Palani,Independent,66,Male
Gangavalli,81,M. Ramesh,Independent,53,Male
Attur,82,K. Selvam,DMK,75,Male
Attur,82,K. Mani,AIADMK,68,Male
Attur,82,J. Deepa,NTK,63,Female
Attur,82,T. Dhanush,BJP,49,Male
Attur,82,K. Arun,Independent,72,Male
Attur,82,B. Chandran,Independent,69,Male
Attur,82,P. Chandran,Independent,37,Male
Attur,82,K. Sekar,Independent,42,Male
Attur,82,A. Suresh,Independent,66,Male
Attur,82,K. Devi,Independent,45,Female
Attur,82,N. Rajini,Independent,25,Male
Attur,82,V. Deepa,Independent,73,Female
Attur,82,E. Natarajan,Independent,25,Male
Yercaud,83,S. Selvam,DMK,49,Male
Yercaud,83,N. Palani,AIADMK,38,Male
Yercaud,83,C. Sudha,NTK,42,Female
Yercaud,83,D. Vijay,INC,37,Male
Yercaud,83,E. Raja,PMK,63,Male
Yercaud,83,C. Rajendran,VCK,66,Male
Yercaud,83,D. Moorthy,Independent,32,Male
Yercaud,83,L. Indira,Independent,36,Female
Yercaud,83,S. Sekar,Independent,40,Male
Yercaud,83,D. Muthu,Independent,38,Male
Yercaud,83,P. Palani,Independent,55,Male
Yercaud,83,M. Karthik,Independent,55,Male
Yercaud,83,G. Dhanush,Independent,30,Male
Yercaud,83,K. Palani,Independent,39,Male
Yercaud,83,G. Dhanush,Independent,67,Male
Yercaud,83,B. Surya,Independent,60,Male
Yercaud,83,S. Vijay,Independent,54,Male
Omalur,84,T. Natarajan,DMK,34,Male
Omalur,84,N. Ajith,AIADMK,63,Male
Omalur,84,K. Vikram,NTK,33,Male
Omalur,84,J. Indira,BJP,36,Female
Omalur,84,P. Ajith,INC,55,Male
Omalur,84,M. Suresh,Independent,72,Male
Omalur,84,J. Muthu,Independent,38,Male
Omalur,84,T. Priya,Independent,51,Female
Omalur,84,S. Priya,Independent,44,Female
Omalur,84,R. Sekar,Independent,56,Male
Omalur,84,J. Karthik,Independent,51,Male
Omalur,84,C. Ajith,Independent,63,Male
Omalur,84,V. Ajith,Independent,48,Male
Omalur,84,R. Raja,Independent,55,Male
Omalur,84,M. Ramesh,Independent,30,Male
Mettur,85,T. Senthil,DMK,45,Male
Mettur,85,B. Chandran,AIADMK,32,Male
Mettur,85,L. Prakash,NTK,73,Male
Mettur,85,L. Selvam,BJP,38,Male
Mettur,85,P. Arun,Independent,45,Male
Mettur,85,M. Prakash,Independent,74,Male
Mettur,85,V. Vikram,Independent,54,Male
Mettur,85,N. Natarajan,Independent,71,Male
Mettur,85,J. Kannan,Independent,33,Male
Mettur,85,N. Kamal,Independent,68,Male
Mettur,85,V. Ganesan,Independent,30,Male
Mettur,85,A. Selvam,Independent,51,Male
Mettur,85,D. Sivakarthikeyan,Independent,41,Male
Mettur,85,K. Prakash,Independent,35,Male
Mettur,85,C. Surya,Independent,54,Male
Mettur,85,D. Muthu,Independent,50,Male
Mettur,85,P. Ramesh,Independent,36,Male
Mettur,85,L. Kamal,Independent,46,Male
Mettur,85,N. Selvam,Independent,52,Male
Mettur,85,S. Arun,Independent,73,Male
Edappadi,86,C. Rajini,DMK,39,Male
Edappadi,86,R. Selvam,AIADMK,40,Male
Edappadi,86,S. Sudha,NTK,55,Female
Edappadi,86,C. Vikram,INC,29,Male
Edappadi,86,C. Sivakarthikeyan,VCK,62,Male
Edappadi,86,A. Rajendran,Independent,62,Male
Edappadi,86,K. Prakash,Independent,41,Male
Edappadi,86,B. Palani,Independent,42,Male
Edappadi,86,S. Karuppu,Independent,57,Male
Edappadi,86,M. Dhanush,Independent,62,Male
Edappadi,86,C. Mani,Independent,61,Male
Edappadi,86,C. Surya,Independent,32,Male
Sankari,87,M. Perumal,DMK,35,Male
Sankari,87,G. Arun,AIADMK,51,Male
Sankari,87,N. Karuppu,NTK,50,Male
Sankari,87,D. Moorthy,Independent,72,Male
Sankari,87,S. Prakash,Independent,38,Male
Sankari,87,S. Kamal,Independent,32,Male
Sankari,87,L. Gayathri,Independent,70,Female
Sankari,87,D. Kamal,Independent,31,Male
Sankari,87,J. Ajith,Independent,73,Male
Sankari,87,V. Dhanush,Independent,72,Male
Sankari,87,V. Vijay,Independent,42,Male
Sankari,87,N. Kamal,Independent,31,Male
Sankari,87,S. Sivakarthikeyan,Independent,37,Male
Sankari,87,R. Suresh,Independent,46,Male
Sankari,87,D. Vikram,Independent,31,Male
Sankari,87,G. Natarajan,Independent,73,Male
Salem (West),88,B. Vijay,DMK,33,Male
Salem (West),88,M. Senthil,AIADMK,26,Male
Salem (West),88,L. Renuka,NTK,65,Female
Salem (West),88,M. Rajendran,Independent,52,Male
Salem (West),88,R. Ganesan,Independent,59,Male
Salem (West),88,G. Murugan,Independent,40,Male
Salem (West),88,L. Mani,Independent,49,Male
Salem (West),88,C. Murugan,Independent,71,Male
Salem (West),88,P. Shanthi,Independent,73,Female
Salem (West),88,E. Arun,Independent,64,Male
Salem (West),88,V. Chandran,Independent,60,Male
Salem (West),88,D. Priya,Independent,74,Female
Salem (West),88,S. Ganesan,Independent,25,Male
Salem (West),88,B. Chandran,Independent,75,Male
Salem (West),88,K. Sivakarthikeyan,Independent,50,Male
Salem (West),88,R. Sekar,Independent,25,Male
Salem (West),88,P. Rajini,Independent,31,Male
Salem (West),88,G. Raja,Independent,61,Male
Salem (West),88,B. Sekar,Independent,74,Male
Salem (West),88,V. Vijay,Independent,32,Male
Salem (West),88,N. Rajendran,Independent,58,Male
Salem (North),89,M. Dhanush,DMK,34,Male
Salem (North),89,B. Ganesan,AIADMK,68,Male
Salem (North),89,V. Velu,NTK,33,Male
Salem (North),89,N. Devi,PMK,44,Female
Salem (North),89,J. Perumal,Independent,73,Male
Salem (North),89,K. Surya,Independent,63,Male
Salem (North),89,K. Muthu,Independent,62,Male
Salem (North),89,M. Arun,Independent,67,Male
Salem (North),89,A. Prakash,Independent,38,Male
Salem (North),89,T. Vikram,Independent,60,Male
Salem (North),89,E. Karthik,Independent,39,Male
Salem (North),89,S. Ajith,Independent,46,Male
Salem (North),89,P. Suresh,Independent,60,Male
Salem (North),89,N. Prakash,Independent,32,Male
Salem (North),89,M. Rajendran,Independent,56,Male
Salem (North),89,S. Rajendran,Independent,47,Male
Salem (North),89,S. Kannan,Independent,41,Male
Salem (North),89,T. Karthik,Independent,33,Male
Salem (North),89,M. Suresh,Independent,36,Male
Salem (North),89,J. Sivakarthikeyan,Independent,42,Male
Salem (North),89,J. Ramesh,Independent,64,Male
Salem (South),90,C. Vijay,DMK,59,Male
Salem (South),90,P. Natarajan,AIADMK,52,Male
Salem (South),90,B. Balaji,NTK,67,Male
Salem (South),90,P. Suresh,Independent,56,Male
Salem (South),90,V. Rajendran,Independent,59,Male
Salem (South),90,L. Balaji,Independent,43,Male
Salem (South),90,N. Prakash,Independent,39,Male
Salem (South),90,J. Malathi,Independent,53,Female
Salem (South),90,G. Murugan,Independent,70,Male
Salem (South),90,L. Vikram,Independent,69,Male
Salem (South),90,B. Velu,Independent,31,Male
Salem (South),90,M. Karthik,Independent,27,Male
Veerapandi,91,A. Kannan,DMK,35,Male
Veerapandi,91,D. Arun,AIADMK,49,Male
Veerapandi,91,E. Karthik,NTK,72,Male
Veerapandi,91,V. Raja,Independent,45,Male
Veerapandi,91,R. Sivakarthikeyan,Independent,51,Male
Veerapandi,91,P. Surya,Independent,42,Male
Veerapandi,91,C. Karuppu,Independent,27,Male
Veerapandi,91,D. Chandran,Independent,71,Male
Veerapandi,91,E. Ajith,Independent,34,Male
Veerapandi,91,N. Arun,Independent,35,Male
Veerapandi,91,T. Arun,Independent,65,Male
Veerapandi,91,J. Surya,Independent,29,Male
Veerapandi,91,P. Selvam,Independent,43,Male
Veerapandi,91,L. Karthik,Independent,45,Male
Veerapandi,91,T. Surya,Independent,50,Male
Veerapandi,91,B. Dhanush,Independent,38,Male
Veerapandi,91,T. Dhanush,Independent,30,Male
Veerapandi,91,G. Kannan,Independent,39,Male
Veerapandi,91,G. Prakash,Independent,33,Male
Rasipuram,92,G. Ganesan,DMK,63,Male
Rasipuram,92,V. Sudha,AIADMK,62,Female
Rasipuram,92,E. Ajith,NTK,51,Male
Rasipuram,92,D. Karuppu,PMK,48,Male
Rasipuram,92,V. Renuka,Independent,72,Female
Rasipuram,92,B. Vijay,Independent,53,Male
Rasipuram,92,T. Sivakarthikeyan,Independent,25,Male
Rasipuram,92,E. Murugan,Independent,54,Male
Rasipuram,92,L. Ramesh,Independent,71,Male
Rasipuram,92,B. Suresh,Independent,52,Male
Rasipuram,92,G. Kalpana,Independent,45,Female
Rasipuram,92,E. Suganya,Independent,67,Female
Rasipuram,92,G. Velu,Independent,31,Male
Rasipuram,92,R. Indira,Independent,43,Female
Rasipuram,92,K. Kamal,Independent,36,Male
Rasipuram,92,E. Raja,Independent,52,Male
Rasipuram,92,A. Ashok,Independent,48,Male
Rasipuram,92,M. Surya,Independent,34,Male
Rasipuram,92,G. Rajini,Independent,27,Male
Rasipuram,92,A. Selvam,Independent,64,Male
Rasipuram,92,N. Prakash,Independent,72,Male
Rasipuram,92,R. Vijay,Independent,43,Male
Senthamangalam,93,D. Senthil,DMK,37,Male
Senthamangalam,93,P. Ashok,AIADMK,53,Male
Senthamangalam,93,E. Mani,NTK,74,Male
Senthamangalam,93,N. Dhanush,BJP,41,Male
Senthamangalam,93,R. Rajendran,Independent,51,Male
Senthamangalam,93,C. Velu,Independent,43,Male
Senthamangalam,93,T. Velu,Independent,52,Male
Senthamangalam,93,P. Natarajan,Independent,59,Male
Senthamangalam,93,J. Murugan,Independent,75,Male
Senthamangalam,93,V. Mani,Independent,31,Male
Senthamangalam,93,T. Murugan,Independent,35,Male
Senthamangalam,93,L. Ashok,Independent,35,Male
Senthamangalam,93,J. Surya,Independent,49,Male
Senthamangalam,93,V. Selvam,Independent,64,Male
Senthamangalam,93,L. Soundarya,Independent,53,Female
Senthamangalam,93,C. Ashok,Independent,29,Male
Senthamangalam,93,A. Selvam,Independent,65,Male
Senthamangalam,93,K. Ramesh,Independent,51,Male
Senthamangalam,93,L. Kannan,Independent,46,Male
Senthamangalam,93,K. Sivakarthikeyan,Independent,44,Male
Namakkal,94,T. Natarajan,DMK,72,Male
Namakkal,94,A. Lakshmi,AIADMK,64,Female
Namakkal,94,V. Dhanush,NTK,45,Male
Namakkal,94,N. Vijay,INC,61,Male
Namakkal,94,J. Selvam,VCK,25,Male
Namakkal,94,G. Raja,Independent,63,Male
Namakkal,94,D. Karuppu,Independent,69,Male
Namakkal,94,M. Natarajan,Independent,61,Male
Namakkal,94,B. Velu,Independent,37,Male
Namakkal,94,E. Muthu,Independent,50,Male
Namakkal,94,S. Karuppu,Independent,37,Male
Namakkal,94,C. Palani,Independent,54,Male
Namakkal,94,P. Perumal,Independent,61,Male
Namakkal,94,T. Kamal,Independent,74,Male
Namakkal,94,J. Deepa,Independent,64,Female
Namakkal,94,G. Ashok,Independent,36,Male
Namakkal,94,M. Palani,Independent,27,Male
Namakkal,94,G. Vikram,Independent,32,Male
Namakkal,94,T. Karuppu,Independent,73,Male
Namakkal,94,P. Raja,Independent,49,Male
Paramathi-Velur,95,M. Suganya,DMK,55,Female
Paramathi-Velur,95,E. Vasanthi,AIADMK,68,Female
Paramathi-Velur,95,G. Senthil,NTK,49,Male
Paramathi-Velur,95,P. Vikram,Independent,66,Male
Paramathi-Velur,95,A. Velu,Independent,26,Male
Paramathi-Velur,95,B. Meena,Independent,31,Female
Paramathi-Velur,95,N. Kamal,Independent,68,Male
Paramathi-Velur,95,P. Ajith,Independent,30,Male
Paramathi-Velur,95,J. Karthik,Independent,73,Male
Paramathi-Velur,95,S. Suresh,Independent,46,Male
Paramathi-Velur,95,J. Perumal,Independent,41,Male
Paramathi-Velur,95,D. Rajini,Independent,49,Male
Paramathi-Velur,95,M. Moorthy,Independent,53,Male
Paramathi-Velur,95,N. Karuppu,Independent,26,Male
Paramathi-Velur,95,L. Muthu,Independent,32,Male
Paramathi-Velur,95,J. Rajini,Independent,43,Male
Paramathi-Velur,95,J. Vikram,Independent,43,Male
Paramathi-Velur,95,P. Natarajan,Independent,36,Male
Paramathi-Velur,95,V. Ganesan,Independent,47,Male
Paramathi-Velur,95,T. Perumal,Independent,66,Male
Paramathi-Velur,95,C. Kannan,Independent,30,Male
Paramathi-Velur,95,K. Muthu,Independent,48,Male
Tiruchengodu,96,E. Vijay,DMK,53,Male
Tiruchengodu,96,T. Lakshmi,AIADMK,26,Female
Tiruchengodu,96,K. Murugan,NTK,52,Male
Tiruchengodu,96,R. Raja,INC,48,Male
Tiruchengodu,96,A. Ganesan,Independent,51,Male
Tiruchengodu,96,R. Palani,Independent,37,Male
Tiruchengodu,96,E. Rajendran,Independent,71,Male
Tiruchengodu,96,S. Raja,Independent,75,Male
Tiruchengodu,96,R. Perumal,Independent,66,Male
Tiruchengodu,96,M. Kannan,Independent,54,Male
Tiruchengodu,96,G. Karthik,Independent,29,Male
Tiruchengodu,96,S. Murugan,Independent,53,Male
Tiruchengodu,96,N. Kannan,Independent,54,Male
Tiruchengodu,96,G. Mani,Independent,36,Male
Tiruchengodu,96,T. Suresh,Independent,50,Male
Tiruchengodu,96,P. Moorthy,Independent,68,Male
Tiruchengodu,96,V. Raja,Independent,68,Male
Tiruchengodu,96,E. Raja,Independent,47,Male
Tiruchengodu,96,R. Natarajan,Independent,71,Male
Tiruchengodu,96,B. Muthu,Independent,46,Male
Tiruchengodu,96,M. Ganesan,Independent,74,Male
Tiruchengodu,96,B. Chandran,Independent,42,Male
Kumarapalayam,97,R. Vijay,DMK,65,Male
Kumarapalayam,97,J. Raja,AIADMK,44,Male
Kumarapalayam,97,D. Vijay,NTK,61,Male
Kumarapalayam,97,G. Dhanush,BJP,53,Male
Kumarapalayam,97,S. Dhanush,Independent,57,Male
Kumarapalayam,97,P. Kannan,Independent,45,Male
Kumarapalayam,97,T. Kamal,Independent,49,Male
Kumarapalayam,97,E. Prakash,Independent,40,Male
Kumarapalayam,97,S. Velu,Independent,37,Male
Kumarapalayam,97,S. Ajith,Independent,26,Male
Kumarapalayam,97,L. Mani,Independent,39,Male
Kumarapalayam,97,V. Raja,Independent,40,Male
Kumarapalayam,97,R. Revathi,Independent,51,Female
Kumarapalayam,97,J. Sekar,Independent,68,Male
Kumarapalayam,97,C. Vikram,Independent,60,Male
Kumarapalayam,97,B. Vijay,Independent,35,Male
Kumarapalayam,97,V. Balaji,Independent,60,Male
Kumarapalayam,97,B. Vijay,Independent,69,Male
Kumarapalayam,97,V. Murugan,Independent,37,Male
Erode (East),98,L. Ramesh,DMK,43,Male
Erode (East),98,D. Karthik,AIADMK,55,Male
Erode (East),98,A. Sekar,NTK,71,Male
Erode (East),98,A. Chandran,BJP,26,Male
Erode (East),98,M. Surya,PMK,71,Male
Erode (East),98,D. Dhanush,Independent,25,Male
Erode (East),98,G. Murugan,Independent,30,Male
Erode (East),98,A. Prakash,Independent,49,Male
Erode (East),98,V. Indira,Independent,39,Female
Erode (East),98,G. Selvam,Independent,25,Male
Erode (East),98,V. Senthil,Independent,34,Male
Erode (East),98,T. Rajendran,Independent,52,Male
Erode (East),98,P. Rajendran,Independent,49,Male
Erode (East),98,L. Kalpana,Independent,67,Female
Erode (East),98,T. Senthil,Independent,39,Male
Erode (East),98,N. Ashok,Independent,25,Male
Erode (East),98,J. Balaji,Independent,62,Male
Erode (East),98,G. Rajendran,Independent,56,Male
Erode (East),98,G. Rajini,Independent,42,Male
Erode (East),98,R. Ramesh,Independent,68,Male
Erode (West),99,B. Rajini,DMK,62,Male
Erode (West),99,R. Arun,AIADMK,47,Male
Erode (West),99,J. Rajini,NTK,60,Male
Erode (West),99,C. Kalpana,BJP,48,Female
Erode (West),99,S. Rajini,PMK,31,Male
Erode (West),99,C. Arun,VCK,70,Male
Erode (West),99,C. Ganesan,Independent,61,Male
Erode (West),99,M. Moorthy,Independent,25,Male
Erode (West),99,E. Murugan,Independent,75,Male
Erode (West),99,R. Velu,Independent,39,Male
Erode (West),99,D. Arun,Independent,66,Male
Erode (West),99,R. Karthik,Independent,70,Male
Erode (West),99,S. Selvam,Independent,38,Male
Erode (West),99,L. Palani,Independent,56,Male
Erode (West),99,B. Karthik,Independent,25,Male
Modakkurichi,100,G. Rajendran,DMK,54,Male
Modakkurichi,100,S. Karuppu,AIADMK,31,Male
Modakkurichi,100,A. Karuppu,NTK,67,Male
Modakkurichi,100,T. Rajini,PMK,38,Male
Modakkurichi,100,N. Rajendran,Independent,75,Male
Modakkurichi,100,C. Ajith,Independent,47,Male
Modakkurichi,100,C. Vijay,Independent,54,Male
Modakkurichi,100,J. Senthil,Independent,46,Male
Modakkurichi,100,C. Selvam,Independent,29,Male
Modakkurichi,100,M. Raja,Independent,52,Male
Modakkurichi,100,G. Ganesan,Independent,25,Male
Modakkurichi,100,M. Arun,Independent,57,Male
Modakkurichi,100,T. Arun,Independent,39,Male
Modakkurichi,100,D. Palani,Independent,66,Male
Modakkurichi,100,J. Indira,Independent,71,Female
Modakkurichi,100,C. Raja,Independent,59,Male
Modakkurichi,100,C. Senthil,Independent,64,Male
Modakkurichi,100,E. Ganesan,Independent,54,Male
Modakkurichi,100,A. Vijay,Independent,32,Male
Modakkurichi,100,G. Moorthy,Independent,65,Male
Modakkurichi,100,L. Prakash,Independent,51,Male
Dharapuram,101,R. Kamal,DMK,75,Male
Dharapuram,101,P. Sudha,AIADMK,74,Female
Dharapuram,101,P. Karuppu,NTK,68,Male
Dharapuram,101,D. Ganesan,BJP,64,Male
Dharapuram,101,L. Rajendran,INC,45,Male
Dharapuram,101,D. Raja,PMK,55,Male
Dharapuram,101,L. Kannan,Independent,74,Male
Dharapuram,101,V. Kavitha,Independent,33,Female
Dharapuram,101,P. Balaji,Independent,55,Male
Dharapuram,101,B. Prakash,Independent,70,Male
Dharapuram,101,C. Moorthy,Independent,40,Male
Dharapuram,101,B. Kamal,Independent,31,Male
Dharapuram,101,N. Dhanush,Independent,30,Male
Dharapuram,101,J. Ramesh,Independent,63,Male
Dharapuram,101,M. Ramesh,Independent,27,Male
Dharapuram,101,M. Ganesan,Independent,54,Male
Dharapuram,101,P. Raja,Independent,72,Male
Dharapuram,101,T. Karuppu,Independent,58,Male
Dharapuram,101,E. Natarajan,Independent,46,Male
Dharapuram,101,R. Palani,Independent,53,Male
Kangayam,102,B. Suganya,DMK,68,Female
Kangayam,102,E. Kannan,AIADMK,37,Male
Kangayam,102,E. Sekar,NTK,35,Male
Kangayam,102,R. Sekar,PMK,40,Male
Kangayam,102,E. Murugan,Independent,55,Male
Kangayam,102,P. Selvam,Independent,73,Male
Kangayam,102,A. Senthil,Independent,31,Male
Kangayam,102,S. Suresh,Independent,33,Male
Kangayam,102,D. Arun,Independent,30,Male
Kangayam,102,B. Senthil,Independent,25,Male
Kangayam,102,E. Deepa,Independent,38,Female
Kangayam,102,M. Palani,Independent,27,Male
Kangayam,102,R. Raja,Independent,58,Male
Kangayam,102,N. Chandran,Independent,31,Male
Kangayam,102,E. Arun,Independent,30,Male
Kangayam,102,D. Selvam,Independent,27,Male
Aravakurichi,103,K. Suganya,DMK,59,Female
Aravakurichi,103,V. Moorthy,AIADMK,57,Male
Aravakurichi,103,B. Surya,NTK,70,Male
Aravakurichi,103,S. Surya,INC,38,Male
Aravakurichi,103,T. Balaji,Independent,31,Male
Aravakurichi,103,J. Vijay,Independent,72,Male
Aravakurichi,103,V. Mani,Independent,36,Male
Aravakurichi,103,L. Ramesh,Independent,55,Male
Aravakurichi,103,P. Revathi,Independent,38,Female
Aravakurichi,103,E. Suresh,Independent,55,Male
Aravakurichi,103,A. Vikram,Independent,74,Male
Aravakurichi,103,M. Rajini,Independent,67,Male
Aravakurichi,103,J. Malathi,Independent,62,Female
Aravakurichi,103,S. Natarajan,Independent,43,Male
Aravakurichi,103,J. Rajini,Independent,51,Male
Aravakurichi,103,P. Sivakarthikeyan,Independent,62,Male
Karur,104,T. Chandran,DMK,64,Male
Karur,104,R. Kalpana,AIADMK,32,Female
Karur,104,T. Vasanthi,NTK,60,Female
Karur,104,L. Mani,VCK,47,Male
Karur,104,C. Dhanush,Independent,55,Male
Karur,104,S. Ajith,Independent,32,Male
Karur,104,G. Moorthy,Independent,55,Male
Karur,104,L. Suresh,Independent,48,Male
Karur,104,J. Ganesan,Independent,25,Male
Karur,104,C. Malathi,Independent,53,Female
Karur,104,C. Muthu,Independent,73,Male
Karur,104,R. Renuka,Independent,57,Female
Krishnarayapuram,105,B. Senthil,DMK,63,Male
Krishnarayapuram,105,E. Natarajan,AIADMK,54,Male
Krishnarayapuram,105,V. Ganesan,NTK,48,Male
Krishnarayapuram,105,V. Ramesh,BJP,51,Male
Krishnarayapuram,105,V. Sudha,PMK,56,Female
Krishnarayapuram,105,T. Kannan,Independent,27,Male
Krishnarayapuram,105,E. Indira,Independent,55,Female
Krishnarayapuram,105,T. Sivakarthikeyan,Independent,25,Male
Krishnarayapuram,105,P. Balaji,Independent,65,Male
Krishnarayapuram,105,P. Vikram,Independent,33,Male
Krishnarayapuram,105,P. Natarajan,Independent,74,Male
Krishnarayapuram,105,L. Palani,Independent,74,Male
Krishnarayapuram,105,J. Rajini,Independent,39,Male
Krishnarayapuram,105,M. Balaji,Independent,28,Male
Krishnarayapuram,105,G. Sekar,Independent,26,Male
Krishnarayapuram,105,B. Sivakarthikeyan,Independent,32,Male
Krishnarayapuram,105,K. Kavitha,Independent,66,Female
Krishnarayapuram,105,T. Sekar,Independent,72,Male
Krishnarayapuram,105,T. Palani,Independent,75,Male
Kulithalai,106,E. Gayathri,DMK,42,Female
Kulithalai,106,B. Ashok,AIADMK,40,Male
Kulithalai,106,G. Arun,NTK,69,Male
Kulithalai,106,R. Selvam,Independent,45,Male
Kulithalai,106,B. Sekar,Independent,44,Male
Kulithalai,106,R. Ramesh,Independent,30,Male
Kulithalai,106,J. Dhanush,Independent,64,Male
Kulithalai,106,D. Vijay,Independent,68,Male
Kulithalai,106,J. Perumal,Independent,56,Male
Kulithalai,106,J. Arun,Independent,52,Male
Kulithalai,106,P. Karuppu,Independent,37,Male
Kulithalai,106,E. Suresh,Independent,43,Male
Kulithalai,106,D. Ashok,Independent,26,Male
Kulithalai,106,M. Senthil,Independent,67,Male
Kulithalai,106,J. Sekar,Independent,40,Male
Kulithalai,106,T. Murugan,Independent,52,Male
Kulithalai,106,N. Ganesan,Independent,30,Male
Manapaarai,107,R. Mani,DMK,59,Male
Manapaarai,107,K. Prakash,AIADMK,42,Male
Manapaarai,107,E. Velu,NTK,31,Male
Manapaarai,107,M. Malathi,Independent,64,Female
Manapaarai,107,E. Prakash,Independent,48,Male
Manapaarai,107,R. Ramesh,Independent,40,Male
Manapaarai,107,M. Palani,Independent,41,Male
Manapaarai,107,A. Ajith,Independent,64,Male
Manapaarai,107,R. Kannan,Independent,50,Male
Manapaarai,107,N. Selvam,Independent,45,Male
Manapaarai,107,J. Suresh,Independent,70,Male
Manapaarai,107,J. Meena,Independent,54,Female
Manapaarai,107,S. Ganesan,Independent,58,Male
Manapaarai,107,P. Velu,Independent,73,Male
Manapaarai,107,P. Muthu,Independent,57,Male
Manapaarai,107,V. Moorthy,Independent,67,Male
Manapaarai,107,J. Soundarya,Independent,42,Female
Manapaarai,107,N. Rajendran,Independent,39,Male
Manapaarai,107,B. Raja,Independent,42,Male
Manapaarai,107,G. Selvam,Independent,68,Male
Srirangam,108,D. Perumal,DMK,34,Male
Srirangam,108,C. Soundarya,AIADMK,65,Female
Srirangam,108,V. Shanthi,NTK,63,Female
Srirangam,108,N. Arun,BJP,38,Male
Srirangam,108,G. Rajini,PMK,73,Male
Srirangam,108,M. Velu,Independent,48,Male
Srirangam,108,T. Mani,Independent,48,Male
Srirangam,108,C. Senthil,Independent,46,Male
Srirangam,108,A. Surya,Independent,67,Male
Srirangam,108,E. Chandran,Independent,29,Male
Srirangam,108,A. Sekar,Independent,47,Male
Srirangam,108,A. Dhanush,Independent,32,Male
Srirangam,108,B. Sivakarthikeyan,Independent,72,Male
Srirangam,108,C. Mani,Independent,42,Male
Srirangam,108,P. Sekar,Independent,39,Male
Srirangam,108,K. Suresh,Independent,49,Male
Srirangam,108,M. Sekar,Independent,72,Male
Srirangam,108,P. Raja,Independent,53,Male
Srirangam,108,G. Selvam,Independent,58,Male
Tiruchirappalli (West),109,M. Ramesh,DMK,42,Male
Tiruchirappalli (West),109,E. Vasanthi,AIADMK,66,Female
Tiruchirappalli (West),109,S. Vijay,NTK,63,Male
Tiruchirappalli (West),109,T. Murugan,BJP,63,Male
Tiruchirappalli (West),109,J. Palani,INC,35,Male
Tiruchirappalli (West),109,L. Ashok,Independent,68,Male
Tiruchirappalli (West),109,R. Sekar,Independent,45,Male
Tiruchirappalli (West),109,S. Suresh,Independent,30,Male
Tiruchirappalli (West),109,C. Selvam,Independent,32,Male
Tiruchirappalli (West),109,B. Raja,Independent,35,Male
Tiruchirappalli (West),109,B. Ramesh,Independent,67,Male
Tiruchirappalli (West),109,K. Moorthy,Independent,45,Male
Tiruchirappalli (West),109,D. Selvam,Independent,74,Male
Tiruchirappalli (West),109,T. Meena,Independent,28,Female
Tiruchirappalli (West),109,G. Surya,Independent,39,Male
Tiruchirappalli (West),109,V. Velu,Independent,31,Male
Tiruchirappalli (West),109,R. Ajith,Independent,50,Male
Tiruchirappalli (East),110,D. Prakash,DMK,66,Male
Tiruchirappalli (East),110,T. Ashok,AIADMK,31,Male
Tiruchirappalli (East),110,V. Suresh,NTK,51,Male
Tiruchirappalli (East),110,G. Balaji,INC,51,Male
Tiruchirappalli (East),110,P. Karuppu,Independent,31,Male
Tiruchirappalli (East),110,P. Geetha,Independent,47,Female
Tiruchirappalli (East),110,S. Rajendran,Independent,57,Male
Tiruchirappalli (East),110,M. Suresh,Independent,73,Male
Tiruchirappalli (East),110,E. Moorthy,Independent,29,Male
Tiruchirappalli (East),110,A. Muthu,Independent,44,Male
Tiruchirappalli (East),110,A. Arun,Independent,65,Male
Tiruchirappalli (East),110,D. Senthil,Independent,40,Male
Tiruchirappalli (East),110,N. Sekar,Independent,56,Male
Tiruchirappalli (East),110,L. Sivakarthikeyan,Independent,56,Male
Tiruchirappalli (East),110,G. Palani,Independent,44,Male
Tiruchirappalli (East),110,T. Chandran,Independent,66,Male
Tiruchirappalli (East),110,J. Raja,Independent,32,Male
Tiruchirappalli (East),110,L. Surya,Independent,63,Male
Tiruchirappalli (East),110,T. Karuppu,Independent,29,Male
Tiruchirappalli (East),110,V. Sivakarthikeyan,Independent,65,Male
Tiruchirappalli (East),110,C. Murugan,Independent,74,Male
Tiruchirappalli (East),110,T. Rajendran,Independent,69,Male
Thiruverumbur,111,R. Raja,DMK,35,Male
Thiruverumbur,111,R. Ramesh,AIADMK,74,Male
Thiruverumbur,111,N. Selvam,NTK,61,Male
Thiruverumbur,111,D. Sekar,BJP,63,Male
Thiruverumbur,111,E. Palani,PMK,53,Male
Thiruverumbur,111,B. Raja,Independent,50,Male
Thiruverumbur,111,S. Velu,Independent,51,Male
Thiruverumbur,111,B. Sivakarthikeyan,Independent,43,Male
Thiruverumbur,111,M. Selvam,Independent,67,Male
Thiruverumbur,111,L. Karthik,Independent,69,Male
Thiruverumbur,111,J. Ajith,Independent,40,Male
Thiruverumbur,111,E. Moorthy,Independent,50,Male
Thiruverumbur,111,N. Murugan,Independent,43,Male
Thiruverumbur,111,R. Chandran,Independent,29,Male
Thiruverumbur,111,M. Prakash,Independent,32,Male
Thiruverumbur,111,D. Vijay,Independent,25,Male
Thiruverumbur,111,S. Dhanush,Independent,38,Male
Thiruverumbur,111,E. Dhanush,Independent,32,Male
Thiruverumbur,111,J. Natarajan,Independent,54,Male
Thiruverumbur,111,E. Vikram,Independent,68,Male
Thiruverumbur,111,C. Kannan,Independent,56,Male
Lalgudi,112,S. Prakash,DMK,45,Male
Lalgudi,112,K. Ashok,AIADMK,58,Male
Lalgudi,112,S. Sivakarthikeyan,NTK,51,Male
Lalgudi,112,D. Arun,INC,74,Male
Lalgudi,112,T. Palani,Independent,57,Male
Lalgudi,112,G. Suresh,Independent,67,Male
Lalgudi,112,D. Selvam,Independent,49,Male
Lalgudi,112,K. Perumal,Independent,61,Male
Lalgudi,112,B. Selvam,Independent,72,Male
Lalgudi,112,M. Vikram,Independent,35,Male
Lalgudi,112,B. Prakash,Independent,64,Male
Lalgudi,112,C. Rajendran,Independent,46,Male
Lalgudi,112,J. Raja,Independent,40,Male
Lalgudi,112,J. Selvam,Independent,54,Male
Lalgudi,112,J. Suresh,Independent,27,Male
Manachanallur,113,T. Meena,DMK,36,Female
Manachanallur,113,C. Rajendran,AIADMK,38,Male
Manachanallur,113,S. Vikram,NTK,67,Male
Manachanallur,113,N. Mani,BJP,28,Male
Manachanallur,113,V. Moorthy,Independent,36,Male
Manachanallur,113,C. Arun,Independent,65,Male
Manachanallur,113,K. Balaji,Independent,43,Male
Manachanallur,113,G. Devi,Independent,70,Female
Manachanallur,113,K. Moorthy,Independent,73,Male
Manachanallur,113,L. Revathi,Independent,46,Female
Manachanallur,113,L. Mani,Independent,43,Male
Manachanallur,113,T. Moorthy,Independent,63,Male
Manachanallur,113,T. Suresh,Independent,64,Male
Manachanallur,113,B. Karuppu,Independent,63,Male
Musiri,114,K. Senthil,DMK,39,Male
Musiri,114,L. Priya,AIADMK,46,Female
Musiri,114,D. Dhanush,NTK,65,Male
Musiri,114,L. Palani,BJP,57,Male
Musiri,114,L. Balaji,Independent,56,Male
Musiri,114,D. Anitha,Independent,60,Female
Musiri,114,S. Kannan,Independent,26,Male
Musiri,114,R. Senthil,Independent,44,Male
Musiri,114,T. Surya,Independent,25,Male
Musiri,114,V. Sekar,Independent,51,Male
Musiri,114,R. Balaji,Independent,27,Male
Musiri,114,E. Sekar,Independent,67,Male
Musiri,114,S. Chandran,Independent,38,Male
Musiri,114,B. Devi,Independent,75,Female
Musiri,114,M. Karuppu,Independent,75,Male
Thuraiyur,115,S. Soundarya,DMK,65,Female
Thuraiyur,115,C. Rajendran,AIADMK,28,Male
Thuraiyur,115,S. Ajith,NTK,36,Male
Thuraiyur,115,J. Rajini,BJP,25,Male
Thuraiyur,115,L. Shanthi,INC,30,Female
Thuraiyur,115,G. Muthu,Independent,59,Male
Thuraiyur,115,A. Selvam,Independent,74,Male
Thuraiyur,115,J. Rajendran,Independent,26,Male
Thuraiyur,115,V. Selvam,Independent,63,Male
Thuraiyur,115,L. Rajini,Independent,62,Male
Thuraiyur,115,P. Palani,Independent,30,Male
Thuraiyur,115,A. Sekar,Independent,43,Male
Thuraiyur,115,P. Suresh,Independent,75,Male
Thuraiyur,115,T. Prakash,Independent,59,Male
Thuraiyur,115,C. Palani,Independent,30,Male
Thuraiyur,115,B. Selvam,Independent,74,Male
Thuraiyur,115,T. Moorthy,Independent,30,Male
Perambalur,116,V. Karthik,DMK,25,Male
Perambalur,116,K. Palani,AIADMK,37,Male
Perambalur,116,S. Karuppu,NTK,37,Male
Perambalur,116,E. Arun,BJP,25,Male
Perambalur,116,A. Murugan,Independent,57,Male
Perambalur,116,C. Velu,Independent,68,Male
Perambalur,116,A. Mani,Independent,46,Male
Perambalur,116,D. Velu,Independent,27,Male
Perambalur,116,D. Sekar,Independent,42,Male
Perambalur,116,J. Chandran,Independent,42,Male
Perambalur,116,T. Rajendran,Independent,50,Male
Perambalur,116,V. Indira,Independent,49,Female
Kunnam,117,A. Surya,DMK,61,Male
Kunnam,117,E. Ashok,AIADMK,50,Male
Kunnam,117,A. Kannan,NTK,38,Male
Kunnam,117,A. Gayathri,INC,25,Female
Kunnam,117,R. Muthu,Independent,36,Male
Kunnam,117,B. Selvam,Independent,48,Male
Kunnam,117,E. Mani,Independent,71,Male
Kunnam,117,K. Kamal,Independent,52,Male
Kunnam,117,D. Selvam,Independent,25,Male
Kunnam,117,D. Anitha,Independent,54,Female
Kunnam,117,L. Murugan,Independent,54,Male
Kunnam,117,L. Perumal,Independent,57,Male
Kunnam,117,D. Senthil,Independent,67,Male
Kunnam,117,M. Ajith,Independent,60,Male
Kunnam,117,S. Kannan,Independent,64,Male
Kunnam,117,C. Prakash,Independent,64,Male
Ariyalur,118,N. Gayathri,DMK,61,Female
Ariyalur,118,V. Palani,AIADMK,42,Male
Ariyalur,118,E. Revathi,NTK,61,Female
Ariyalur,118,G. Senthil,BJP,30,Male
Ariyalur,118,D. Vikram,INC,54,Male
Ariyalur,118,B. Chandran,PMK,51,Male
Ariyalur,118,E. Ashok,Independent,68,Male
Ariyalur,118,B. Ramesh,Independent,32,Male
Ariyalur,118,M. Raja,Independent,60,Male
Ariyalur,118,D. Sivakarthikeyan,Independent,60,Male
Ariyalur,118,R. Ramesh,Independent,55,Male
Ariyalur,118,L. Ashok,Independent,27,Male
Jayankondam,119,E. Vikram,DMK,33,Male
Jayankondam,119,L. Meena,AIADMK,36,Female
Jayankondam,119,G. Raja,NTK,51,Male
Jayankondam,119,T. Selvam,INC,47,Male
Jayankondam,119,V. Senthil,Independent,58,Male
Jayankondam,119,K. Rajendran,Independent,66,Male
Jayankondam,119,R. Vijay,Independent,60,Male
Jayankondam,119,G. Velu,Independent,75,Male
Jayankondam,119,N. Balaji,Independent,29,Male
Jayankondam,119,R. Shanthi,Independent,57,Female
Jayankondam,119,T. Karuppu,Independent,66,Male
Jayankondam,119,S. Karuppu,Independent,33,Male
Jayankondam,119,B. Rajini,Independent,56,Male
Jayankondam,119,N. Prakash,Independent,32,Male
Jayankondam,119,R. Ganesan,Independent,57,Male
Jayankondam,119,G. Ganesan,Independent,40,Male
Jayankondam,119,T. Selvam,Independent,54,Male
Tittakudi,120,V. Moorthy,DMK,53,Male
Tittakudi,120,J. Karuppu,AIADMK,50,Male
Tittakudi,120,T. Karthik,NTK,66,Male
Tittakudi,120,V. Muthu,BJP,60,Male
Tittakudi,120,K. Palani,INC,58,Male
Tittakudi,120,B. Surya,PMK,65,Male
Tittakudi,120,N. Karthik,Independent,71,Male
Tittakudi,120,G. Ashok,Independent,49,Male
Tittakudi,120,P. Perumal,Independent,29,Male
Tittakudi,120,K. Kannan,Independent,45,Male
Tittakudi,120,B. Senthil,Independent,72,Male
Tittakudi,120,M. Raja,Independent,68,Male
Tittakudi,120,A. Sivakarthikeyan,Independent,26,Male
Vriddhachalam,121,G. Prakash,DMK,64,Male
Vriddhachalam,121,E. Dhanush,AIADMK,62,Male
Vriddhachalam,121,B. Ramesh,NTK,36,Male
Vriddhachalam,121,S. Vijay,INC,30,Male
Vriddhachalam,121,P. Vikram,Independent,40,Male
Vriddhachalam,121,T. Ramesh,Independent,46,Male
Vriddhachalam,121,S. Vikram,Independent,37,Male
Vriddhachalam,121,V. Mani,Independent,34,Male
Vriddhachalam,121,B. Dhanush,Independent,64,Male
Vriddhachalam,121,R. Suresh,Independent,72,Male
Vriddhachalam,121,M. Ramesh,Independent,35,Male
Vriddhachalam,121,L. Karthik,Independent,29,Male
Vriddhachalam,121,V. Meena,Independent,50,Female
Neyveli,122,P. Chandran,DMK,36,Male
Neyveli,122,G. Karuppu,AIADMK,67,Male
Neyveli,122,K. Revathi,NTK,28,Female
Neyveli,122,V. Rajendran,BJP,40,Male
Neyveli,122,E. Prakash,INC,25,Male
Neyveli,122,D. Selvam,Independent,35,Male
Neyveli,122,P. Sudha,Independent,51,Female
Neyveli,122,J. Indira,Independent,49,Female
Neyveli,122,J. Velu,Independent,29,Male
Neyveli,122,J. Vikram,Independent,37,Male
Neyveli,122,K. Rajendran,Independent,68,Male
Neyveli,122,G. Kannan,Independent,52,Male
Neyveli,122,D. Raja,Independent,48,Male
Neyveli,122,P. Muthu,Independent,25,Male
Neyveli,122,R. Karthik,Independent,75,Male
Neyveli,122,S. Ajith,Independent,35,Male
Neyveli,122,R. Karuppu,Independent,50,Male
Neyveli,122,A. Suresh,Independent,47,Male
Panruti,123,N. Vijay,DMK,71,Male
Panruti,123,G. Kamal,AIADMK,74,Male
Panruti,123,S. Arun,NTK,56,Male
Panruti,123,P. Ashok,Independent,70,Male
Panruti,123,R. Ajith,Independent,42,Male
Panruti,123,V. Perumal,Independent,48,Male
Panruti,123,N. Kamal,Independent,32,Male
Panruti,123,D. Prakash,Independent,44,Male
Panruti,123,C. Moorthy,Independent,43,Male
Panruti,123,K. Senthil,Independent,29,Male
Panruti,123,R. Senthil,Independent,48,Male
Panruti,123,B. Natarajan,Independent,44,Male
Panruti,123,D. Moorthy,Independent,67,Male
Panruti,123,G. Mani,Independent,75,Male
Panruti,123,A. Suresh,Independent,36,Male
Panruti,123,R. Meena,Independent,29,Female
Panruti,123,D. Suresh,Independent,37,Male
Cuddalore,124,P. Muthu,DMK,43,Male
Cuddalore,124,C. Sekar,AIADMK,31,Male
Cuddalore,124,K. Selvam,NTK,29,Male
Cuddalore,124,R. Vijay,INC,32,Male
Cuddalore,124,A. Kannan,VCK,60,Male
Cuddalore,124,E. Ajith,Independent,42,Male
Cuddalore,124,L. Dhanush,Independent,38,Male
Cuddalore,124,A. Karthik,Independent,38,Male
Cuddalore,124,G. Kamal,Independent,32,Male
Cuddalore,124,P. Vasanthi,Independent,71,Female
Cuddalore,124,J. Vikram,Independent,62,Male
Cuddalore,124,G. Karthik,Independent,39,Male
Kurinjipadi,125,T. Ashok,DMK,45,Male
Kurinjipadi,125,T. Karthik,AIADMK,73,Male
Kurinjipadi,125,V. Meena,NTK,32,Female
Kurinjipadi,125,M. Ajith,Independent,61,Male
Kurinjipadi,125,V. Renuka,Independent,75,Female
Kurinjipadi,125,T. Senthil,Independent,53,Male
Kurinjipadi,125,C. Dhanush,Independent,27,Male
Kurinjipadi,125,T. Ramesh,Independent,54,Male
Kurinjipadi,125,L. Muthu,Independent,25,Male
Kurinjipadi,125,P. Devi,Independent,73,Female
Kurinjipadi,125,L. Geetha,Independent,29,Female
Kurinjipadi,125,J. Vikram,Independent,52,Male
Kurinjipadi,125,D. Devi,Independent,55,Female
Kurinjipadi,125,C. Vikram,Independent,30,Male
Kurinjipadi,125,T. Arun,Independent,59,Male
Kurinjipadi,125,J. Lakshmi,Independent,70,Female
Bhuvanagiri,126,N. Anitha,DMK,42,Female
Bhuvanagiri,126,G. Kalpana,AIADMK,27,Female
Bhuvanagiri,126,T. Devi,NTK,61,Female
Bhuvanagiri,126,N. Palani,INC,60,Male
Bhuvanagiri,126,T. Sekar,VCK,33,Male
Bhuvanagiri,126,T. Arun,Independent,39,Male
Bhuvanagiri,126,G. Suresh,Independent,46,Male
Bhuvanagiri,126,K. Moorthy,Independent,31,Male
Bhuvanagiri,126,B. Selvam,Independent,66,Male
Bhuvanagiri,126,G. Murugan,Independent,61,Male
Bhuvanagiri,126,A. Priya,Independent,69,Female
Bhuvanagiri,126,J. Ajith,Independent,53,Male
Bhuvanagiri,126,R. Surya,Independent,40,Male
Bhuvanagiri,126,N. Kamal,Independent,36,Male
Bhuvanagiri,126,V. Ashok,Independent,28,Male
Bhuvanagiri,126,L. Chandran,Independent,58,Male
Chidambaram,127,M. Ganesan,DMK,35,Male
Chidambaram,127,A. Surya,AIADMK,28,Male
Chidambaram,127,N. Rajini,NTK,46,Male
Chidambaram,127,A. Shanthi,BJP,40,Female
Chidambaram,127,P. Arun,Independent,53,Male
Chidambaram,127,R. Ashok,Independent,66,Male
Chidambaram,127,D. Renuka,Independent,38,Female
Chidambaram,127,J. Senthil,Independent,63,Male
Chidambaram,127,V. Palani,Independent,58,Male
Chidambaram,127,T. Arun,Independent,34,Male
Chidambaram,127,S. Balaji,Independent,35,Male
Chidambaram,127,S. Perumal,Independent,40,Male
Chidambaram,127,E. Ramesh,Independent,36,Male
Chidambaram,127,E. Suresh,Independent,58,Male
Chidambaram,127,B. Surya,Independent,70,Male
Chidambaram,127,L. Natarajan,Independent,62,Male
Chidambaram,127,P. Rajini,Independent,59,Male
Chidambaram,127,R. Mani,Independent,57,Male
Kattumannarkoil,128,G. Geetha,DMK,60,Female
Kattumannarkoil,128,P. Karuppu,AIADMK,63,Male
Kattumannarkoil,128,M. Suresh,NTK,61,Male
Kattumannarkoil,128,G. Murugan,BJP,57,Male
Kattumannarkoil,128,P. Ajith,INC,34,Male
Kattumannarkoil,128,S. Rajendran,VCK,45,Male
Kattumannarkoil,128,N. Vijay,Independent,41,Male
Kattumannarkoil,128,D. Balaji,Independent,68,Male
Kattumannarkoil,128,E. Arun,Independent,58,Male
Kattumannarkoil,128,K. Suresh,Independent,65,Male
Kattumannarkoil,128,L. Balaji,Independent,69,Male
Kattumannarkoil,128,C. Prakash,Independent,26,Male
Kattumannarkoil,128,A. Gayathri,Independent,53,Female
Kattumannarkoil,128,L. Murugan,Independent,35,Male
Kattumannarkoil,128,D. Kamal,Independent,46,Male
Kattumannarkoil,128,P. Ramesh,Independent,64,Male
Kattumannarkoil,128,J. Raja,Independent,39,Male
Kattumannarkoil,128,E. Suresh,Independent,51,Male
Kattumannarkoil,128,J. Senthil,Independent,55,Male
Sirkazhi,129,J. Sekar,DMK,54,Male
Sirkazhi,129,R. Karuppu,AIADMK,75,Male
Sirkazhi,129,J. Malathi,NTK,57,Female
Sirkazhi,129,C. Selvam,BJP,38,Male
Sirkazhi,129,L. Vikram,PMK,28,Male
Sirkazhi,129,L. Sekar,Independent,46,Male
Sirkazhi,129,N. Sivakarthikeyan,Independent,28,Male
Sirkazhi,129,L. Raja,Independent,57,Male
Sirkazhi,129,A. Muthu,Independent,69,Male
Sirkazhi,129,L. Murugan,Independent,67,Male
Sirkazhi,129,L. Selvam,Independent,57,Male
Sirkazhi,129,K. Natarajan,Independent,32,Male
Sirkazhi,129,J. Deepa,Independent,57,Female
Sirkazhi,129,B. Senthil,Independent,61,Male
Sirkazhi,129,T. Murugan,Independent,36,Male
Sirkazhi,129,E. Ajith,Independent,48,Male
Sirkazhi,129,K. Kamal,Independent,50,Male
Sirkazhi,129,D. Rajendran,Independent,60,Male
Sirkazhi,129,M. Ganesan,Independent,36,Male
Sirkazhi,129,L. Kannan,Independent,62,Male
Sirkazhi,129,T. Muthu,Independent,43,Male
Sirkazhi,129,N. Perumal,Independent,71,Male
Mayiladuthurai,130,L. Karthik,DMK,31,Male
Mayiladuthurai,130,S. Soundarya,AIADMK,67,Female
Mayiladuthurai,130,S. Vasanthi,NTK,30,Female
Mayiladuthurai,130,T. Kannan,BJP,36,Male
Mayiladuthurai,130,D. Sivakarthikeyan,Independent,38,Male
Mayiladuthurai,130,D. Kamal,Independent,68,Male
Mayiladuthurai,130,A. Karuppu,Independent,72,Male
Mayiladuthurai,130,K. Karthik,Independent,73,Male
Mayiladuthurai,130,L. Perumal,Independent,42,Male
Mayiladuthurai,130,C. Kamal,Independent,42,Male
Mayiladuthurai,130,L. Karuppu,Independent,27,Male
Mayiladuthurai,130,G. Karuppu,Independent,28,Male
Poompuhar,131,D. Perumal,DMK,36,Male
Poompuhar,131,E. Deepa,AIADMK,53,Female
Poompuhar,131,J. Ramesh,NTK,68,Male
Poompuhar,131,N. Palani,BJP,43,Male
Poompuhar,131,J. Muthu,Independent,26,Male
Poompuhar,131,E. Ganesan,Independent,52,Male
Poompuhar,131,K. Senthil,Independent,30,Male
Poompuhar,131,K. Palani,Independent,49,Male
Poompuhar,131,S. Surya,Independent,57,Male
Poompuhar,131,S. Palani,Independent,56,Male
Poompuhar,131,P. Rajendran,Independent,59,Male
Poompuhar,131,N. Suresh,Independent,72,Male
Poompuhar,131,N. Arun,Independent,52,Male
Nagapattinam,132,J. Rajini,DMK,49,Male
Nagapattinam,132,L. Devi,AIADMK,65,Female
Nagapattinam,132,P. Prakash,NTK,53,Male
Nagapattinam,132,J. Arun,BJP,75,Male
Nagapattinam,132,V. Rajendran,Independent,66,Male
Nagapattinam,132,M. Soundarya,Independent,29,Female
Nagapattinam,132,T. Vikram,Independent,75,Male
Nagapattinam,132,C. Velu,Independent,41,Male
Nagapattinam,132,P. Dhanush,Independent,73,Male
Nagapattinam,132,E. Palani,Independent,38,Male
Nagapattinam,132,B. Vikram,Independent,28,Male
Nagapattinam,132,A. Ajith,Independent,39,Male
Kilvelur,133,P. Perumal,DMK,25,Male
Kilvelur,133,S. Sivakarthikeyan,AIADMK,75,Male
Kilvelur,133,C. Lakshmi,NTK,56,Female
Kilvelur,133,G. Renuka,Independent,49,Female
Kilvelur,133,P. Selvam,Independent,38,Male
Kilvelur,133,D. Vikram,Independent,73,Male
Kilvelur,133,B. Senthil,Independent,26,Male
Kilvelur,133,V. Balaji,Independent,52,Male
Kilvelur,133,J. Muthu,Independent,72,Male
Kilvelur,133,C. Muthu,Independent,26,Male
Kilvelur,133,N. Moorthy,Independent,45,Male
Kilvelur,133,C. Arun,Independent,70,Male
Kilvelur,133,N. Vasanthi,Independent,73,Female
Kilvelur,133,K. Vijay,Independent,48,Male
Kilvelur,133,B. Raja,Independent,30,Male
Kilvelur,133,V. Ganesan,Independent,46,Male
Kilvelur,133,R. Mani,Independent,38,Male
Kilvelur,133,N. Vasanthi,Independent,57,Female
Kilvelur,133,L. Selvam,Independent,74,Male
Vedaranyam,134,G. Vasanthi,DMK,71,Female
Vedaranyam,134,D. Moorthy,AIADMK,36,Male
Vedaranyam,134,J. Dhanush,NTK,29,Male
Vedaranyam,134,V. Kalpana,INC,73,Female
Vedaranyam,134,T. Sekar,PMK,51,Male
Vedaranyam,134,D. Sivakarthikeyan,Independent,43,Male
Vedaranyam,134,M. Palani,Independent,45,Male
Vedaranyam,134,G. Sivakarthikeyan,Independent,29,Male
Vedaranyam,134,C. Natarajan,Independent,28,Male
Vedaranyam,134,T. Ramesh,Independent,51,Male
Vedaranyam,134,G. Perumal,Independent,74,Male
Vedaranyam,134,V. Prakash,Independent,26,Male
Vedaranyam,134,K. Moorthy,Independent,51,Male
Vedaranyam,134,A. Deepa,Independent,71,Female
Vedaranyam,134,C. Rajendran,Independent,28,Male
Vedaranyam,134,G. Vijay,Independent,63,Male
Vedaranyam,134,L. Karuppu,Independent,37,Male
Vedaranyam,134,N. Karthik,Independent,43,Male
Vedaranyam,134,K. Ashok,Independent,63,Male
Vedaranyam,134,V. Rajini,Independent,73,Male
Thiruthuraipoondi,135,N. Kannan,DMK,49,Male
Thiruthuraipoondi,135,N. Selvam,AIADMK,26,Male
Thiruthuraipoondi,135,A. Rajendran,NTK,34,Male
Thiruthuraipoondi,135,G. Devi,BJP,62,Female
Thiruthuraipoondi,135,V. Shanthi,INC,46,Female
Thiruthuraipoondi,135,A. Meena,Independent,38,Female
Thiruthuraipoondi,135,E. Dhanush,Independent,55,Male
Thiruthuraipoondi,135,K. Senthil,Independent,49,Male
Thiruthuraipoondi,135,J. Murugan,Independent,53,Male
Thiruthuraipoondi,135,J. Murugan,Independent,32,Male
Thiruthuraipoondi,135,S. Karthik,Independent,36,Male
Thiruthuraipoondi,135,E. Murugan,Independent,54,Male
Thiruthuraipoondi,135,S. Karuppu,Independent,64,Male
Thiruthuraipoondi,135,E. Natarajan,Independent,73,Male
Thiruthuraipoondi,135,E. Karthik,Independent,26,Male
Thiruthuraipoondi,135,J. Ashok,Independent,74,Male
Thiruthuraipoondi,135,S. Rajendran,Independent,67,Male
Thiruthuraipoondi,135,D. Ganesan,Independent,34,Male
Thiruthuraipoondi,135,G. Ashok,Independent,45,Male
Thiruthuraipoondi,135,A. Moorthy,Independent,36,Male
Mannargudi,136,S. Dhanush,DMK,59,Male
Mannargudi,136,S. Soundarya,AIADMK,70,Female
Mannargudi,136,D. Vikram,NTK,48,Male
Mannargudi,136,K. Velu,PMK,28,Male
Mannargudi,136,K. Ganesan,VCK,31,Male
Mannargudi,136,J. Arun,Independent,34,Male
Mannargudi,136,A. Vikram,Independent,47,Male
Mannargudi,136,P. Kamal,Independent,30,Male
Mannargudi,136,R. Rajini,Independent,41,Male
Mannargudi,136,D. Velu,Independent,65,Male
Mannargudi,136,G. Velu,Independent,43,Male
Mannargudi,136,B. Vikram,Independent,38,Male
Mannargudi,136,G. Kamal,Independent,66,Male
Thiruvarur,137,B. Sekar,DMK,67,Male
Thiruvarur,137,N. Balaji,AIADMK,46,Male
Thiruvarur,137,J. Rajendran,NTK,68,Male
Thiruvarur,137,P. Kannan,BJP,57,Male
Thiruvarur,137,M. Sekar,VCK,58,Male
Thiruvarur,137,R. Velu,Independent,61,Male
Thiruvarur,137,P. Selvam,Independent,53,Male
Thiruvarur,137,A. Surya,Independent,72,Male
Thiruvarur,137,A. Selvam,Independent,56,Male
Thiruvarur,137,K. Muthu,Independent,72,Male
Thiruvarur,137,J. Kalpana,Independent,62,Female
Thiruvarur,137,P. Chandran,Independent,27,Male
Thiruvarur,137,R. Rajini,Independent,64,Male
Thiruvarur,137,B. Chandran,Independent,57,Male
Thiruvarur,137,N. Muthu,Independent,32,Male
Thiruvarur,137,N. Ajith,Independent,74,Male
Thiruvarur,137,J. Suresh,Independent,54,Male
Thiruvarur,137,D. Balaji,Independent,59,Male
Thiruvarur,137,N. Deepa,Independent,55,Female
Nannilam,138,D. Perumal,DMK,31,Male
Nannilam,138,P. Vikram,AIADMK,63,Male
Nannilam,138,J. Velu,NTK,65,Male
Nannilam,138,L. Senthil,BJP,37,Male
Nannilam,138,G. Gayathri,INC,57,Female
Nannilam,138,M. Velu,Independent,70,Male
Nannilam,138,P. Velu,Independent,47,Male
Nannilam,138,L. Deepa,Independent,63,Female
Nannilam,138,N. Surya,Independent,52,Male
Nannilam,138,M. Prakash,Independent,59,Male
Nannilam,138,V. Natarajan,Independent,46,Male
Nannilam,138,E. Sivakarthikeyan,Independent,48,Male
Nannilam,138,M. Kannan,Independent,32,Male
Nannilam,138,M. Vikram,Independent,44,Male
Nannilam,138,V. Shanthi,Independent,49,Female
Nannilam,138,K. Velu,Independent,57,Male
Nannilam,138,S. Vikram,Independent,66,Male
Nannilam,138,A. Suresh,Independent,39,Male
Nannilam,138,S. Muthu,Independent,30,Male
Nannilam,138,E. Arun,Independent,70,Male
Nannilam,138,V. Vikram,Independent,40,Male
Thiruvidaimarudur,139,J. Kavitha,DMK,28,Female
Thiruvidaimarudur,139,B. Kannan,AIADMK,51,Male
Thiruvidaimarudur,139,J. Ajith,NTK,29,Male
Thiruvidaimarudur,139,G. Vikram,BJP,34,Male
Thiruvidaimarudur,139,R. Ganesan,Independent,31,Male
Thiruvidaimarudur,139,K. Mani,Independent,73,Male
Thiruvidaimarudur,139,T. Murugan,Independent,69,Male
Thiruvidaimarudur,139,J. Arun,Independent,74,Male
Thiruvidaimarudur,139,R. Moorthy,Independent,66,Male
Thiruvidaimarudur,139,K. Murugan,Independent,37,Male
Thiruvidaimarudur,139,L. Lakshmi,Independent,46,Female
Thiruvidaimarudur,139,E. Vikram,Independent,63,Male
Thiruvidaimarudur,139,G. Muthu,Independent,60,Male
Thiruvidaimarudur,139,D. Karuppu,Independent,75,Male
Thiruvidaimarudur,139,D. Vijay,Independent,38,Male
Kumbakonam,140,V. Balaji,DMK,47,Male
Kumbakonam,140,D. Ajith,AIADMK,60,Male
Kumbakonam,140,E. Chandran,NTK,29,Male
Kumbakonam,140,D. Muthu,BJP,68,Male
Kumbakonam,140,L. Palani,INC,55,Male
Kumbakonam,140,G. Prakash,Independent,28,Male
Kumbakonam,140,A. Senthil,Independent,66,Male
Kumbakonam,140,E. Sekar,Independent,65,Male
Kumbakonam,140,J. Moorthy,Independent,59,Male
Kumbakonam,140,R. Revathi,Independent,52,Female
Kumbakonam,140,R. Arun,Independent,60,Male
Kumbakonam,140,R. Kannan,Independent,69,Male
Kumbakonam,140,G. Arun,Independent,49,Male
Kumbakonam,140,N. Chandran,Independent,65,Male
Kumbakonam,140,C. Mani,Independent,42,Male
Kumbakonam,140,A. Natarajan,Independent,54,Male
Kumbakonam,140,E. Deepa,Independent,38,Female
Kumbakonam,140,S. Indira,Independent,75,Female
Kumbakonam,140,C. Natarajan,Independent,56,Male
Papanasam,141,A. Rajendran,DMK,28,Male
Papanasam,141,T. Rajendran,AIADMK,42,Male
Papanasam,141,J. Vasanthi,NTK,57,Female
Papanasam,141,D. Sivakarthikeyan,BJP,28,Male
Papanasam,141,N. Karuppu,INC,67,Male
Papanasam,141,D. Sivakarthikeyan,VCK,35,Male
Papanasam,141,P. Selvam,Independent,75,Male
Papanasam,141,A. Selvam,Independent,72,Male
Papanasam,141,V. Ramesh,Independent,39,Male
Papanasam,141,S. Deepa,Independent,74,Female
Papanasam,141,L. Sivakarthikeyan,Independent,64,Male
Papanasam,141,T. Moorthy,Independent,63,Male
Papanasam,141,K. Vikram,Independent,70,Male
Papanasam,141,K. Sekar,Independent,56,Male
Papanasam,141,N. Kavitha,Independent,41,Female
Papanasam,141,S. Moorthy,Independent,26,Male
Papanasam,141,E. Prakash,Independent,63,Male
Papanasam,141,K. Balaji,Independent,42,Male
Papanasam,141,B. Chandran,Independent,45,Male
Papanasam,141,K. Natarajan,Independent,48,Male
Papanasam,141,B. Ajith,Independent,39,Male
Papanasam,141,S. Surya,Independent,48,Male
Thiruvaiyaru,142,L. Ajith,DMK,52,Male
Thiruvaiyaru,142,L. Rajendran,AIADMK,36,Male
Thiruvaiyaru,142,G. Chandran,NTK,62,Male
Thiruvaiyaru,142,K. Moorthy,BJP,32,Male
Thiruvaiyaru,142,A. Meena,INC,48,Female
Thiruvaiyaru,142,S. Sudha,Independent,33,Female
Thiruvaiyaru,142,T. Natarajan,Independent,72,Male
Thiruvaiyaru,142,C. Perumal,Independent,62,Male
Thiruvaiyaru,142,M. Vijay,Independent,44,Male
Thiruvaiyaru,142,G. Prakash,Independent,72,Male
Thiruvaiyaru,142,C. Selvam,Independent,41,Male
Thiruvaiyaru,142,L. Vijay,Independent,35,Male
Thiruvaiyaru,142,J. Vikram,Independent,42,Male
Thiruvaiyaru,142,P. Renuka,Independent,62,Female
Thiruvaiyaru,142,D. Muthu,Independent,54,Male
Thiruvaiyaru,142,L. Chandran,Independent,51,Male
Thiruvaiyaru,142,D. Ashok,Independent,35,Male
Thiruvaiyaru,142,J. Sekar,Independent,67,Male
Thiruvaiyaru,142,N. Surya,Independent,44,Male
Thiruvaiyaru,142,R. Natarajan,Independent,48,Male
Thiruvaiyaru,142,J. Kannan,Independent,69,Male
Thiruvaiyaru,142,T. Karthik,Independent,29,Male
Thanjavur,143,K. Prakash,DMK,65,Male
Thanjavur,143,D. Natarajan,AIADMK,70,Male
Thanjavur,143,L. Vikram,NTK,52,Male
Thanjavur,143,P. Velu,Independent,63,Male
Thanjavur,143,V. Lakshmi,Independent,26,Female
Thanjavur,143,E. Rajini,Independent,56,Male
Thanjavur,143,V. Chandran,Independent,54,Male
Thanjavur,143,R. Selvam,Independent,52,Male
Thanjavur,143,L. Vikram,Independent,73,Male
Thanjavur,143,D. Palani,Independent,34,Male
Thanjavur,143,J. Chandran,Independent,66,Male
Thanjavur,143,A. Ajith,Independent,50,Male
Thanjavur,143,L. Raja,Independent,46,Male
Thanjavur,143,P. Balaji,Independent,31,Male
Thanjavur,143,B. Karuppu,Independent,38,Male
Thanjavur,143,J. Kannan,Independent,60,Male
Orathanadu,144,C. Velu,DMK,50,Male
Orathanadu,144,V. Mani,AIADMK,28,Male
Orathanadu,144,M. Gayathri,NTK,48,Female
Orathanadu,144,M. Devi,VCK,38,Female
Orathanadu,144,V. Ashok,Independent,66,Male
Orathanadu,144,M. Surya,Independent,41,Male
Orathanadu,144,G. Mani,Independent,59,Male
Orathanadu,144,S. Karuppu,Independent,36,Male
Orathanadu,144,J. Vikram,Independent,37,Male
Orathanadu,144,M. Balaji,Independent,58,Male
Orathanadu,144,P. Vikram,Independent,43,Male
Orathanadu,144,G. Surya,Independent,31,Male
Orathanadu,144,P. Balaji,Independent,25,Male
Orathanadu,144,P. Muthu,Independent,32,Male
Orathanadu,144,A. Rajini,Independent,39,Male
Orathanadu,144,M. Natarajan,Independent,62,Male
Orathanadu,144,B. Ramesh,Independent,56,Male
Orathanadu,144,J. Mani,Independent,45,Male
Orathanadu,144,V. Raja,Independent,75,Male
Orathanadu,144,C. Perumal,Independent,27,Male
Orathanadu,144,D. Moorthy,Independent,62,Male
Pattukkottai,145,C. Rajendran,DMK,30,Male
Pattukkottai,145,C. Dhanush,AIADMK,53,Male
Pattukkottai,145,E. Ganesan,NTK,34,Male
Pattukkottai,145,V. Anitha,INC,41,Female
Pattukkottai,145,S. Vijay,VCK,44,Male
Pattukkottai,145,B. Dhanush,Independent,72,Male
Pattukkottai,145,C. Raja,Independent,68,Male
Pattukkottai,145,J. Vikram,Independent,60,Male
Pattukkottai,145,L. Sivakarthikeyan,Independent,70,Male
Pattukkottai,145,E. Ajith,Independent,47,Male
Pattukkottai,145,J. Balaji,Independent,75,Male
Pattukkottai,145,N. Ganesan,Independent,32,Male
Pattukkottai,145,L. Murugan,Independent,30,Male
Peravurani,146,S. Vijay,DMK,60,Male
Peravurani,146,K. Mani,AIADMK,68,Male
Peravurani,146,M. Indira,NTK,65,Female
Peravurani,146,A. Perumal,INC,60,Male
Peravurani,146,G. Priya,VCK,34,Female
Peravurani,146,D. Balaji,Independent,29,Male
Peravurani,146,E. Selvam,Independent,57,Male
Peravurani,146,T. Kamal,Independent,25,Male
Peravurani,146,C. Dhanush,Independent,64,Male
Peravurani,146,V. Suresh,Independent,60,Male
Peravurani,146,A. Kamal,Independent,53,Male
Peravurani,146,E. Sivakarthikeyan,Independent,67,Male
Peravurani,146,B. Vikram,Independent,54,Male
Peravurani,146,T. Kamal,Independent,39,Male
Gandharvakottai,147,G. Natarajan,DMK,39,Male
Gandharvakottai,147,J. Palani,AIADMK,61,Male
Gandharvakottai,147,A. Chandran,NTK,48,Male
Gandharvakottai,147,B. Rajini,INC,61,Male
Gandharvakottai,147,P. Dhanush,Independent,70,Male
Gandharvakottai,147,P. Sivakarthikeyan,Independent,51,Male
Gandharvakottai,147,M. Surya,Independent,65,Male
Gandharvakottai,147,T. Muthu,Independent,73,Male
Gandharvakottai,147,V. Meena,Independent,75,Female
Gandharvakottai,147,L. Perumal,Independent,30,Male
Gandharvakottai,147,V. Vijay,Independent,61,Male
Gandharvakottai,147,P. Raja,Independent,41,Male
Gandharvakottai,147,V. Muthu,Independent,38,Male
Gandharvakottai,147,S. Chandran,Independent,31,Male
Gandharvakottai,147,L. Sivakarthikeyan,Independent,36,Male
Gandharvakottai,147,M. Balaji,Independent,52,Male
Gandharvakottai,147,P. Vijay,Independent,45,Male
Gandharvakottai,147,P. Chandran,Independent,40,Male
Gandharvakottai,147,C. Muthu,Independent,46,Male
Gandharvakottai,147,L. Gayathri,Independent,58,Female
Gandharvakottai,147,R. Velu,Independent,47,Male
Viralimalai,148,B. Muthu,DMK,59,Male
Viralimalai,148,R. Sekar,AIADMK,27,Male
Viralimalai,148,S. Perumal,NTK,37,Male
Viralimalai,148,M. Vijay,BJP,70,Male
Viralimalai,148,N. Renuka,PMK,71,Female
Viralimalai,148,N. Ganesan,VCK,45,Male
Viralimalai,148,N. Arun,Independent,52,Male
Viralimalai,148,M. Vasanthi,Independent,64,Female
Viralimalai,148,T. Vijay,Independent,57,Male
Viralimalai,148,B. Dhanush,Independent,71,Male
Viralimalai,148,C. Kamal,Independent,48,Male
Viralimalai,148,K. Senthil,Independent,28,Male
Viralimalai,148,P. Ajith,Independent,35,Male
Viralimalai,148,D. Raja,Independent,43,Male
Viralimalai,148,J. Suresh,Independent,29,Male
Viralimalai,148,R. Ajith,Independent,68,Male
Viralimalai,148,L. Rajini,Independent,66,Male
Viralimalai,148,M. Rajini,Independent,67,Male
Pudukkottai,149,L. Ashok,DMK,67,Male
Pudukkottai,149,P. Senthil,AIADMK,57,Male
Pudukkottai,149,A. Kannan,NTK,34,Male
Pudukkottai,149,L. Dhanush,VCK,53,Male
Pudukkottai,149,P. Vasanthi,Independent,65,Female
Pudukkottai,149,N. Palani,Independent,71,Male
Pudukkottai,149,D. Perumal,Independent,73,Male
Pudukkottai,149,K. Palani,Independent,65,Male
Pudukkottai,149,M. Suresh,Independent,58,Male
Pudukkottai,149,J. Ramesh,Independent,37,Male
Pudukkottai,149,B. Muthu,Independent,59,Male
Pudukkottai,149,C. Vikram,Independent,39,Male
Pudukkottai,149,A. Palani,Independent,50,Male
Pudukkottai,149,D. Surya,Independent,68,Male
Pudukkottai,149,P. Ajith,Independent,49,Male
Pudukkottai,149,S. Prakash,Independent,41,Male
Pudukkottai,149,K. Sekar,Independent,27,Male
Pudukkottai,149,J. Muthu,Independent,67,Male
Thirumayam,150,N. Velu,DMK,34,Male
Thirumayam,150,J. Prakash,AIADMK,53,Male
Thirumayam,150,E. Ramesh,NTK,46,Male
Thirumayam,150,D. Devi,INC,37,Female
Thirumayam,150,R. Karuppu,PMK,30,Male
Thirumayam,150,L. Perumal,Independent,63,Male
Thirumayam,150,M. Rajendran,Independent,65,Male
Thirumayam,150,A. Rajini,Independent,42,Male
Thirumayam,150,B. Selvam,Independent,38,Male
Thirumayam,150,N. Raja,Independent,45,Male
Thirumayam,150,V. Kannan,Independent,52,Male
Thirumayam,150,T. Prakash,Independent,72,Male
Thirumayam,150,L. Velu,Independent,42,Male
Thirumayam,150,R. Murugan,Independent,74,Male
Thirumayam,150,V. Mani,Independent,32,Male
Thirumayam,150,S. Rajendran,Independent,42,Male
Thirumayam,150,S. Ajith,Independent,38,Male
Thirumayam,150,J. Natarajan,Independent,66,Male
Thirumayam,150,E. Karthik,Independent,56,Male
Alangudi,151,E. Murugan,DMK,38,Male
Alangudi,151,D. Ganesan,AIADMK,28,Male
Alangudi,151,P. Perumal,NTK,45,Male
Alangudi,151,N. Surya,Independent,50,Male
Alangudi,151,D. Balaji,Independent,46,Male
Alangudi,151,M. Senthil,Independent,71,Male
Alangudi,151,V. Sivakarthikeyan,Independent,57,Male
Alangudi,151,L. Sivakarthikeyan,Independent,39,Male
Alangudi,151,A. Mani,Independent,39,Male
Alangudi,151,D. Moorthy,Independent,30,Male
Alangudi,151,N. Raja,Independent,63,Male
Alangudi,151,C. Renuka,Independent,73,Female
Alangudi,151,L. Muthu,Independent,36,Male
Alangudi,151,S. Vijay,Independent,43,Male
Aranthangi,152,S. Shanthi,DMK,62,Female
Aranthangi,152,E. Malathi,AIADMK,63,Female
Aranthangi,152,K. Velu,NTK,64,Male
Aranthangi,152,J. Kannan,Independent,38,Male
Aranthangi,152,J. Velu,Independent,74,Male
Aranthangi,152,V. Ajith,Independent,35,Male
Aranthangi,152,P. Sivakarthikeyan,Independent,31,Male
Aranthangi,152,D. Mani,Independent,60,Male
Aranthangi,152,T. Palani,Independent,72,Male
Aranthangi,152,K. Perumal,Independent,75,Male
Aranthangi,152,P. Senthil,Independent,32,Male
Aranthangi,152,R. Murugan,Independent,65,Male
Aranthangi,152,J. Vijay,Independent,44,Male
Aranthangi,152,L. Ajith,Independent,71,Male
Aranthangi,152,K. Vijay,Independent,25,Male
Aranthangi,152,E. Natarajan,Independent,37,Male
Aranthangi,152,K. Sivakarthikeyan,Independent,53,Male
Aranthangi,152,L. Kannan,Independent,25,Male
Aranthangi,152,E. Vijay,Independent,62,Male
Aranthangi,152,N. Senthil,Independent,65,Male
Aranthangi,152,N. Anitha,Independent,56,Female
Aranthangi,152,S. Arun,Independent,64,Male
Karaikudi,153,B. Natarajan,DMK,70,Male
Karaikudi,153,P. Ashok,AIADMK,53,Male
Karaikudi,153,T. Chandran,NTK,40,Male
Karaikudi,153,D. Raja,INC,45,Male
Karaikudi,153,G. Murugan,Independent,69,Male
Karaikudi,153,E. Vikram,Independent,41,Male
Karaikudi,153,N. Ajith,Independent,36,Male
Karaikudi,153,D. Kamal,Independent,62,Male
Karaikudi,153,D. Vikram,Independent,55,Male
Karaikudi,153,N. Natarajan,Independent,42,Male
Karaikudi,153,P. Vijay,Independent,43,Male
Karaikudi,153,J. Deepa,Independent,53,Female
Karaikudi,153,G. Rajendran,Independent,62,Male
Karaikudi,153,V. Sivakarthikeyan,Independent,72,Male
Tiruppattur,154,S. Dhanush,DMK,44,Male
Tiruppattur,154,B. Kamal,AIADMK,53,Male
Tiruppattur,154,R. Priya,NTK,49,Female
Tiruppattur,154,G. Mani,BJP,54,Male
Tiruppattur,154,R. Murugan,Independent,55,Male
Tiruppattur,154,A. Dhanush,Independent,51,Male
Tiruppattur,154,T. Arun,Independent,25,Male
Tiruppattur,154,E. Rajini,Independent,49,Male
Tiruppattur,154,L. Surya,Independent,63,Male
Tiruppattur,154,L. Kannan,Independent,33,Male
Tiruppattur,154,R. Perumal,Independent,25,Male
Tiruppattur,154,P. Sivakarthikeyan,Independent,25,Male
Tiruppattur,154,V. Vikram,Independent,69,Male
Tiruppattur,154,L. Palani,Independent,63,Male
Sivaganga,155,V. Vijay,DMK,55,Male
Sivaganga,155,B. Moorthy,AIADMK,53,Male
Sivaganga,155,J. Mani,NTK,69,Male
Sivaganga,155,L. Ashok,BJP,26,Male
Sivaganga,155,G. Mani,PMK,39,Male
Sivaganga,155,V. Rajendran,Independent,53,Male
Sivaganga,155,V. Rajini,Independent,71,Male
Sivaganga,155,N. Prakash,Independent,36,Male
Sivaganga,155,M. Arun,Independent,31,Male
Sivaganga,155,N. Kamal,Independent,55,Male
Sivaganga,155,D. Kannan,Independent,73,Male
Sivaganga,155,M. Shanthi,Independent,52,Female
Sivaganga,155,N. Selvam,Independent,60,Male
Sivaganga,155,P. Muthu,Independent,46,Male
Sivaganga,155,D. Kamal,Independent,29,Male
Manamadurai,156,J. Kannan,DMK,51,Male
Manamadurai,156,V. Arun,AIADMK,31,Male
Manamadurai,156,V. Karthik,NTK,67,Male
Manamadurai,156,V. Murugan,INC,35,Male
Manamadurai,156,C. Chandran,Independent,50,Male
Manamadurai,156,B. Velu,Independent,35,Male
Manamadurai,156,K. Prakash,Independent,45,Male
Manamadurai,156,E. Malathi,Independent,47,Female
Manamadurai,156,A. Surya,Independent,61,Male
Manamadurai,156,B. Natarajan,Independent,51,Male
Manamadurai,156,M. Muthu,Independent,70,Male
Manamadurai,156,N. Karthik,Independent,52,Male
Manamadurai,156,L. Velu,Independent,32,Male
Manamadurai,156,J. Natarajan,Independent,43,Male
Manamadurai,156,B. Perumal,Independent,67,Male
Melur,157,N. Rajendran,DMK,49,Male
Melur,157,M. Kamal,AIADMK,32,Male
Melur,157,D. Kannan,NTK,73,Male
Melur,157,A. Ganesan,BJP,47,Male
Melur,157,B. Velu,INC,35,Male
Melur,157,G. Ajith,PMK,71,Male
Melur,157,L. Senthil,VCK,36,Male
Melur,157,N. Revathi,Independent,71,Female
Melur,157,A. Natarajan,Independent,73,Male
Melur,157,L. Velu,Independent,63,Male
Melur,157,A. Muthu,Independent,47,Male
Melur,157,E. Balaji,Independent,41,Male
Melur,157,E. Surya,Independent,48,Male
Melur,157,E. Karuppu,Independent,67,Male
Melur,157,P. Sivakarthikeyan,Independent,37,Male
Melur,157,A. Perumal,Independent,65,Male
Melur,157,R. Ganesan,Independent,70,Male
Melur,157,M. Devi,Independent,50,Female
Melur,157,T. Karuppu,Independent,44,Male
Madurai East,158,N. Karthik,DMK,39,Male
Madurai East,158,R. Devi,AIADMK,34,Female
Madurai East,158,S. Palani,NTK,59,Male
Madurai East,158,C. Perumal,BJP,56,Male
Madurai East,158,C. Sudha,PMK,40,Female
Madurai East,158,M. Sekar,VCK,28,Male
Madurai East,158,G. Vijay,Independent,43,Male
Madurai East,158,B. Karuppu,Independent,37,Male
Madurai East,158,M. Kannan,Independent,43,Male
Madurai East,158,T. Anitha,Independent,46,Female
Madurai East,158,J. Senthil,Independent,52,Male
Madurai East,158,P. Arun,Independent,45,Male
Madurai East,158,J. Priya,Independent,59,Female
Madurai East,158,V. Senthil,Independent,62,Male
Madurai East,158,A. Soundarya,Independent,56,Female
Madurai East,158,J. Chandran,Independent,48,Male
Madurai East,158,S. Ramesh,Independent,62,Male
Madurai East,158,N. Murugan,Independent,46,Male
Madurai East,158,C. Kalpana,Independent,33,Female
Madurai East,158,M. Dhanush,Independent,35,Male
Madurai East,158,S. Moorthy,Independent,28,Male
Sholavandan,159,C. Balaji,DMK,61,Male
Sholavandan,159,C. Vijay,AIADMK,50,Male
Sholavandan,159,E. Karuppu,NTK,28,Male
Sholavandan,159,J. Palani,Independent,36,Male
Sholavandan,159,T. Rajendran,Independent,31,Male
Sholavandan,159,N. Ramesh,Independent,29,Male
Sholavandan,159,J. Chandran,Independent,40,Male
Sholavandan,159,V. Raja,Independent,61,Male
Sholavandan,159,D. Prakash,Independent,51,Male
Sholavandan,159,N. Karuppu,Independent,48,Male
Sholavandan,159,T. Raja,Independent,37,Male
Sholavandan,159,C. Sekar,Independent,51,Male
Sholavandan,159,R. Rajini,Independent,70,Male
Sholavandan,159,K. Ganesan,Independent,62,Male
Sholavandan,159,K. Indira,Independent,26,Female
Sholavandan,159,J. Vijay,Independent,48,Male
Sholavandan,159,D. Ganesan,Independent,41,Male
Sholavandan,159,J. Suganya,Independent,26,Female
Madurai North,160,K. Sivakarthikeyan,DMK,39,Male
Madurai North,160,T. Moorthy,AIADMK,54,Male
Madurai North,160,K. Senthil,NTK,38,Male
Madurai North,160,B. Velu,BJP,73,Male
Madurai North,160,P. Suresh,Independent,31,Male
Madurai North,160,B. Kannan,Independent,36,Male
Madurai North,160,P. Ramesh,Independent,58,Male
Madurai North,160,V. Natarajan,Independent,35,Male
Madurai North,160,C. Raja,Independent,25,Male
Madurai North,160,A. Sekar,Independent,42,Male
Madurai North,160,B. Natarajan,Independent,42,Male
Madurai North,160,R. Lakshmi,Independent,30,Female
Madurai North,160,J. Muthu,Independent,47,Male
Madurai North,160,T. Ramesh,Independent,48,Male
Madurai South,161,P. Sekar,DMK,66,Male
Madurai South,161,V. Ganesan,AIADMK,41,Male
Madurai South,161,E. Lakshmi,NTK,36,Female
Madurai South,161,E. Moorthy,INC,71,Male
Madurai South,161,R. Senthil,PMK,42,Male
Madurai South,161,L. Gayathri,Independent,46,Female
Madurai South,161,G. Muthu,Independent,37,Male
Madurai South,161,S. Natarajan,Independent,25,Male
Madurai South,161,R. Moorthy,Independent,37,Male
Madurai South,161,E. Mani,Independent,51,Male
Madurai South,161,L. Prakash,Independent,43,Male
Madurai South,161,V. Soundarya,Independent,36,Female
Madurai South,161,T. Kannan,Independent,41,Male
Madurai South,161,C. Sekar,Independent,61,Male
Madurai South,161,M. Chandran,Independent,72,Male
Madurai Central,162,J. Kannan,DMK,49,Male
Madurai Central,162,T. Suresh,AIADMK,42,Male
Madurai Central,162,S. Dhanush,NTK,56,Male
Madurai Central,162,E. Meena,INC,38,Female
Madurai Central,162,J. Rajendran,Independent,48,Male
Madurai Central,162,R. Sekar,Independent,34,Male
Madurai Central,162,S. Sivakarthikeyan,Independent,73,Male
Madurai Central,162,G. Muthu,Independent,74,Male
Madurai Central,162,A. Perumal,Independent,71,Male
Madurai Central,162,S. Raja,Independent,35,Male
Madurai Central,162,E. Prakash,Independent,34,Male
Madurai Central,162,B. Ashok,Independent,62,Male
Madurai Central,162,V. Surya,Independent,51,Male
Madurai West,163,D. Dhanush,DMK,49,Male
Madurai West,163,D. Ajith,AIADMK,67,Male
Madurai West,163,B. Mani,NTK,56,Male
Madurai West,163,N. Ramesh,INC,29,Male
Madurai West,163,L. Chandran,Independent,50,Male
Madurai West,163,S. Natarajan,Independent,52,Male
Madurai West,163,S. Vijay,Independent,40,Male
Madurai West,163,E. Perumal,Independent,69,Male
Madurai West,163,D. Velu,Independent,25,Male
Madurai West,163,R. Rajendran,Independent,65,Male
Madurai West,163,S. Karthik,Independent,61,Male
Madurai West,163,D. Ganesan,Independent,46,Male
Madurai West,163,L. Mani,Independent,57,Male
Madurai West,163,P. Perumal,Independent,45,Male
Thiruparankundram,164,V. Karuppu,DMK,53,Male
Thiruparankundram,164,D. Natarajan,AIADMK,31,Male
Thiruparankundram,164,D. Suresh,NTK,65,Male
Thiruparankundram,164,K. Selvam,Independent,53,Male
Thiruparankundram,164,K. Dhanush,Independent,67,Male
Thiruparankundram,164,P. Ajith,Independent,37,Male
Thiruparankundram,164,M. Murugan,Independent,50,Male
Thiruparankundram,164,V. Ramesh,Independent,70,Male
Thiruparankundram,164,T. Rajini,Independent,35,Male
Thiruparankundram,164,P. Moorthy,Independent,33,Male
Thiruparankundram,164,S. Vikram,Independent,45,Male
Thiruparankundram,164,D. Kamal,Independent,35,Male
Thiruparankundram,164,L. Rajini,Independent,56,Male
Thiruparankundram,164,C. Sekar,Independent,50,Male
Thiruparankundram,164,C. Velu,Independent,65,Male
Thiruparankundram,164,K. Ashok,Independent,53,Male
Thiruparankundram,164,A. Suganya,Independent,26,Female
Tirumangalam,165,R. Ajith,DMK,69,Male
Tirumangalam,165,L. Kamal,AIADMK,38,Male
Tirumangalam,165,R. Mani,NTK,40,Male
Tirumangalam,165,D. Ajith,BJP,63,Male
Tirumangalam,165,D. Ganesan,Independent,57,Male
Tirumangalam,165,C. Rajini,Independent,36,Male
Tirumangalam,165,E. Prakash,Independent,51,Male
Tirumangalam,165,E. Palani,Independent,29,Male
Tirumangalam,165,M. Balaji,Independent,31,Male
Tirumangalam,165,T. Perumal,Independent,41,Male
Tirumangalam,165,L. Dhanush,Independent,45,Male
Tirumangalam,165,B. Chandran,Independent,40,Male
Tirumangalam,165,V. Ajith,Independent,58,Male
Tirumangalam,165,S. Prakash,Independent,67,Male
Tirumangalam,165,P. Sivakarthikeyan,Independent,48,Male
Tirumangalam,165,N. Perumal,Independent,27,Male
Tirumangalam,165,A. Dhanush,Independent,54,Male
Tirumangalam,165,D. Ganesan,Independent,73,Male
Tirumangalam,165,J. Karuppu,Independent,61,Male
Tirumangalam,165,J. Mani,Independent,34,Male
Usilampatti,166,K. Ajith,DMK,53,Male
Usilampatti,166,R. Palani,AIADMK,56,Male
Usilampatti,166,N. Ganesan,NTK,63,Male
Usilampatti,166,R. Lakshmi,Independent,61,Female
Usilampatti,166,V. Kalpana,Independent,40,Female
Usilampatti,166,G. Geetha,Independent,42,Female
Usilampatti,166,R. Rajendran,Independent,41,Male
Usilampatti,166,B. Ramesh,Independent,42,Male
Usilampatti,166,S. Vikram,Independent,75,Male
Usilampatti,166,D. Rajini,Independent,48,Male
Usilampatti,166,E. Rajini,Independent,71,Male
Usilampatti,166,B. Dhanush,Independent,74,Male
Usilampatti,166,M. Kannan,Independent,57,Male
Andipatti,167,R. Balaji,DMK,75,Male
Andipatti,167,L. Moorthy,AIADMK,71,Male
Andipatti,167,G. Ganesan,NTK,61,Male
Andipatti,167,N. Rajendran,BJP,65,Male
Andipatti,167,C. Gayathri,INC,52,Female
Andipatti,167,V. Raja,Independent,43,Male
Andipatti,167,R. Vikram,Independent,44,Male
Andipatti,167,V. Karthik,Independent,41,Male
Andipatti,167,V. Rajendran,Independent,67,Male
Andipatti,167,C. Anitha,Independent,73,Female
Andipatti,167,P. Perumal,Independent,64,Male
Andipatti,167,T. Chandran,Independent,33,Male
Andipatti,167,N. Rajendran,Independent,60,Male
Andipatti,167,G. Moorthy,Independent,37,Male
Andipatti,167,B. Suresh,Independent,31,Male
Andipatti,167,K. Mani,Independent,52,Male
Andipatti,167,V. Lakshmi,Independent,42,Female
Andipatti,167,N. Suresh,Independent,65,Male
Andipatti,167,V. Suresh,Independent,37,Male
Andipatti,167,C. Shanthi,Independent,74,Female
Periyakulam,168,K. Soundarya,DMK,66,Female
Periyakulam,168,D. Arun,AIADMK,44,Male
Periyakulam,168,P. Suresh,NTK,75,Male
Periyakulam,168,A. Ramesh,Independent,63,Male
Periyakulam,168,T. Suresh,Independent,32,Male
Periyakulam,168,R. Surya,Independent,40,Male
Periyakulam,168,K. Sekar,Independent,44,Male
Periyakulam,168,M. Vikram,Independent,35,Male
Periyakulam,168,J. Palani,Independent,53,Male
Periyakulam,168,P. Muthu,Independent,71,Male
Periyakulam,168,K. Velu,Independent,62,Male
Periyakulam,168,S. Kavitha,Independent,41,Female
Periyakulam,168,G. Karuppu,Independent,41,Male
Periyakulam,168,C. Kamal,Independent,38,Male
Periyakulam,168,A. Murugan,Independent,45,Male
Periyakulam,168,C. Senthil,Independent,30,Male
Periyakulam,168,G. Kannan,Independent,40,Male
Periyakulam,168,D. Dhanush,Independent,38,Male
Bodinayakanur,169,V. Senthil,DMK,47,Male
Bodinayakanur,169,N. Palani,AIADMK,31,Male
Bodinayakanur,169,N. Meena,NTK,36,Female
Bodinayakanur,169,E. Devi,INC,28,Female
Bodinayakanur,169,C. Vikram,Independent,61,Male
Bodinayakanur,169,B. Ramesh,Independent,56,Male
Bodinayakanur,169,D. Velu,Independent,44,Male
Bodinayakanur,169,B. Rajini,Independent,61,Male
Bodinayakanur,169,C. Chandran,Independent,39,Male
Bodinayakanur,169,S. Perumal,Independent,70,Male
Bodinayakanur,169,G. Murugan,Independent,37,Male
Bodinayakanur,169,K. Meena,Independent,53,Female
Bodinayakanur,169,M. Vijay,Independent,43,Male
Bodinayakanur,169,J. Ajith,Independent,70,Male
Cumbum,170,G. Natarajan,DMK,47,Male
Cumbum,170,G. Selvam,AIADMK,74,Male
Cumbum,170,C. Kamal,NTK,27,Male
Cumbum,170,M. Mani,BJP,45,Male
Cumbum,170,J. Vijay,INC,72,Male
Cumbum,170,A. Senthil,PMK,73,Male
Cumbum,170,T. Natarajan,Independent,38,Male
Cumbum,170,M. Renuka,Independent,25,Female
Cumbum,170,T. Sivakarthikeyan,Independent,43,Male
Cumbum,170,C. Murugan,Independent,28,Male
Cumbum,170,K. Palani,Independent,62,Male
Cumbum,170,M. Vijay,Independent,54,Male
Cumbum,170,P. Perumal,Independent,58,Male
Cumbum,170,N. Surya,Independent,51,Male
Cumbum,170,D. Sekar,Independent,32,Male
Cumbum,170,B. Perumal,Independent,63,Male
Cumbum,170,E. Mani,Independent,40,Male
Cumbum,170,E. Sivakarthikeyan,Independent,45,Male
Cumbum,170,E. Deepa,Independent,35,Female
Cumbum,170,S. Ganesan,Independent,54,Male
Cumbum,170,L. Raja,Independent,41,Male
Cumbum,170,R. Ramesh,Independent,58,Male
Rajapalayam,171,M. Malathi,DMK,74,Female
Rajapalayam,171,D. Palani,AIADMK,43,Male
Rajapalayam,171,V. Natarajan,NTK,72,Male
Rajapalayam,171,D. Shanthi,BJP,39,Female
Rajapalayam,171,S. Vijay,INC,32,Male
Rajapalayam,171,D. Sivakarthikeyan,Independent,31,Male
Rajapalayam,171,D. Senthil,Independent,38,Male
Rajapalayam,171,E. Rajendran,Independent,58,Male
Rajapalayam,171,A. Natarajan,Independent,67,Male
Rajapalayam,171,T. Ajith,Independent,66,Male
Rajapalayam,171,A. Kamal,Independent,48,Male
Rajapalayam,171,N. Moorthy,Independent,64,Male
Rajapalayam,171,K. Moorthy,Independent,51,Male
Rajapalayam,171,B. Renuka,Independent,52,Female
Rajapalayam,171,S. Ajith,Independent,66,Male
Rajapalayam,171,L. Kannan,Independent,25,Male
Rajapalayam,171,J. Surya,Independent,62,Male
Rajapalayam,171,L. Vikram,Independent,35,Male
Rajapalayam,171,E. Devi,Independent,52,Female
Rajapalayam,171,T. Vikram,Independent,55,Male
Srivilliputhur,172,K. Rajini,DMK,65,Male
Srivilliputhur,172,L. Prakash,AIADMK,28,Male
Srivilliputhur,172,L. Soundarya,NTK,56,Female
Srivilliputhur,172,S. Gayathri,BJP,27,Female
Srivilliputhur,172,E. Balaji,Independent,48,Male
Srivilliputhur,172,V. Karthik,Independent,33,Male
Srivilliputhur,172,R. Arun,Independent,72,Male
Srivilliputhur,172,A. Senthil,Independent,30,Male
Srivilliputhur,172,C. Ajith,Independent,35,Male
Srivilliputhur,172,A. Raja,Independent,58,Male
Srivilliputhur,172,N. Selvam,Independent,27,Male
Srivilliputhur,172,B. Ashok,Independent,67,Male
Sattur,173,K. Vijay,DMK,66,Male
Sattur,173,N. Suresh,AIADMK,51,Male
Sattur,173,G. Anitha,NTK,73,Female
Sattur,173,E. Mani,INC,51,Male
Sattur,173,C. Muthu,PMK,49,Male
Sattur,173,T. Vikram,Independent,70,Male
Sattur,173,M. Ashok,Independent,25,Male
Sattur,173,E. Muthu,Independent,55,Male
Sattur,173,G. Murugan,Independent,43,Male
Sattur,173,T. Murugan,Independent,42,Male
Sattur,173,B. Palani,Independent,60,Male
Sattur,173,V. Raja,Independent,59,Male
Sattur,173,G. Selvam,Independent,61,Male
Sattur,173,A. Vikram,Independent,40,Male
Sattur,173,M. Suresh,Independent,43,Male
Sattur,173,L. Balaji,Independent,54,Male
Sattur,173,V. Kannan,Independent,31,Male
Sattur,173,J. Balaji,Independent,29,Male
Sivakasi,174,S. Soundarya,DMK,75,Female
Sivakasi,174,N. Sekar,AIADMK,70,Male
Sivakasi,174,C. Ramesh,NTK,54,Male
Sivakasi,174,L. Chandran,PMK,51,Male
Sivakasi,174,A. Karthik,Independent,37,Male
Sivakasi,174,K. Prakash,Independent,74,Male
Sivakasi,174,R. Dhanush,Independent,73,Male
Sivakasi,174,P. Prakash,Independent,52,Male
Sivakasi,174,E. Kannan,Independent,47,Male
Sivakasi,174,L. Perumal,Independent,72,Male
Sivakasi,174,E. Murugan,Independent,65,Male
Sivakasi,174,C. Selvam,Independent,44,Male
Sivakasi,174,N. Senthil,Independent,26,Male
Sivakasi,174,K. Selvam,Independent,30,Male
Sivakasi,174,D. Natarajan,Independent,74,Male
Sivakasi,174,J. Prakash,Independent,58,Male
Sivakasi,174,C. Balaji,Independent,36,Male
Sivakasi,174,B. Rajendran,Independent,32,Male
Sivakasi,174,R. Raja,Independent,51,Male
Virudhunagar,175,E. Suresh,DMK,52,Male
Virudhunagar,175,T. Rajendran,AIADMK,37,Male
Virudhunagar,175,P. Murugan,NTK,35,Male
Virudhunagar,175,T. Geetha,BJP,69,Female
Virudhunagar,175,N. Ajith,INC,66,Male
Virudhunagar,175,S. Rajendran,Independent,39,Male
Virudhunagar,175,S. Dhanush,Independent,54,Male
Virudhunagar,175,P. Dhanush,Independent,54,Male
Virudhunagar,175,N. Balaji,Independent,29,Male
Virudhunagar,175,J. Kamal,Independent,26,Male
Virudhunagar,175,T. Selvam,Independent,69,Male
Virudhunagar,175,L. Geetha,Independent,27,Female
Virudhunagar,175,B. Murugan,Independent,60,Male
Virudhunagar,175,A. Vikram,Independent,74,Male
Virudhunagar,175,N. Chandran,Independent,45,Male
Aruppukkottai,176,S. Surya,DMK,48,Male
Aruppukkottai,176,D. Ashok,AIADMK,63,Male
Aruppukkottai,176,D. Gayathri,NTK,71,Female
Aruppukkottai,176,C. Kalpana,BJP,49,Female
Aruppukkottai,176,T. Rajini,Independent,64,Male
Aruppukkottai,176,V. Mani,Independent,43,Male
Aruppukkottai,176,C. Karthik,Independent,70,Male
Aruppukkottai,176,P. Surya,Independent,40,Male
Aruppukkottai,176,L. Arun,Independent,38,Male
Aruppukkottai,176,T. Shanthi,Independent,35,Female
Aruppukkottai,176,M. Suganya,Independent,32,Female
Aruppukkottai,176,S. Rajendran,Independent,32,Male
Aruppukkottai,176,G. Karthik,Independent,72,Male
Aruppukkottai,176,D. Suganya,Independent,67,Female
Aruppukkottai,176,N. Kamal,Independent,31,Male
Aruppukkottai,176,N. Perumal,Independent,67,Male
Aruppukkottai,176,P. Muthu,Independent,57,Male
Aruppukkottai,176,K. Karthik,Independent,51,Male
Aruppukkottai,176,V. Natarajan,Independent,48,Male
Aruppukkottai,176,N. Arun,Independent,42,Male
Aruppukkottai,176,G. Suresh,Independent,67,Male
Tiruchuli,177,D. Kavitha,DMK,43,Female
Tiruchuli,177,V. Rajini,AIADMK,26,Male
Tiruchuli,177,B. Karthik,NTK,72,Male
Tiruchuli,177,N. Perumal,BJP,41,Male
Tiruchuli,177,S. Chandran,Independent,49,Male
Tiruchuli,177,L. Palani,Independent,63,Male
Tiruchuli,177,E. Suresh,Independent,47,Male
Tiruchuli,177,E. Vijay,Independent,71,Male
Tiruchuli,177,B. Indira,Independent,29,Female
Tiruchuli,177,J. Renuka,Independent,75,Female
Tiruchuli,177,K. Indira,Independent,54,Female
Tiruchuli,177,C. Vikram,Independent,71,Male
Tiruchuli,177,D. Chandran,Independent,25,Male
Tiruchuli,177,E. Muthu,Independent,48,Male
Tiruchuli,177,L. Muthu,Independent,68,Male
Tiruchuli,177,S. Balaji,Independent,34,Male
Tiruchuli,177,D. Sivakarthikeyan,Independent,54,Male
Paramakudi,178,D. Velu,DMK,63,Male
Paramakudi,178,N. Surya,AIADMK,43,Male
Paramakudi,178,L. Surya,NTK,43,Male
Paramakudi,178,K. Rajendran,BJP,50,Male
Paramakudi,178,J. Senthil,INC,33,Male
Paramakudi,178,L. Vikram,Independent,31,Male
Paramakudi,178,G. Indira,Independent,40,Female
Paramakudi,178,V. Kamal,Independent,63,Male
Paramakudi,178,E. Raja,Independent,58,Male
Paramakudi,178,G. Anitha,Independent,55,Female
Paramakudi,178,D. Dhanush,Independent,65,Male
Paramakudi,178,P. Balaji,Independent,72,Male
Paramakudi,178,N. Anitha,Independent,67,Female
Paramakudi,178,D. Balaji,Independent,57,Male
Paramakudi,178,L. Velu,Independent,67,Male
Paramakudi,178,T. Senthil,Independent,69,Male
Paramakudi,178,P. Rajini,Independent,32,Male
Paramakudi,178,N. Sivakarthikeyan,Independent,29,Male
Paramakudi,178,B. Vikram,Independent,25,Male
Tiruvadanai,179,T. Kannan,DMK,49,Male
Tiruvadanai,179,M. Kamal,AIADMK,36,Male
Tiruvadanai,179,A. Dhanush,NTK,43,Male
Tiruvadanai,179,S. Ajith,BJP,75,Male
Tiruvadanai,179,R. Kamal,INC,73,Male
Tiruvadanai,179,V. Perumal,Independent,47,Male
Tiruvadanai,179,N. Senthil,Independent,45,Male
Tiruvadanai,179,D. Dhanush,Independent,25,Male
Tiruvadanai,179,T. Raja,Independent,45,Male
Tiruvadanai,179,E. Kannan,Independent,52,Male
Tiruvadanai,179,J. Arun,Independent,26,Male
Tiruvadanai,179,N. Rajendran,Independent,67,Male
Tiruvadanai,179,N. Moorthy,Independent,52,Male
Tiruvadanai,179,N. Natarajan,Independent,72,Male
Tiruvadanai,179,L. Arun,Independent,69,Male
Tiruvadanai,179,T. Surya,Independent,31,Male
Ramanathapuram,180,L. Balaji,DMK,74,Male
Ramanathapuram,180,M. Ganesan,AIADMK,32,Male
Ramanathapuram,180,S. Moorthy,NTK,39,Male
Ramanathapuram,180,G. Muthu,INC,56,Male
Ramanathapuram,180,D. Vijay,Independent,63,Male
Ramanathapuram,180,A. Ramesh,Independent,48,Male
Ramanathapuram,180,S. Rajendran,Independent,45,Male
Ramanathapuram,180,M. Rajini,Independent,58,Male
Ramanathapuram,180,S. Kamal,Independent,67,Male
Ramanathapuram,180,J. Karuppu,Independent,57,Male
Ramanathapuram,180,M. Dhanush,Independent,41,Male
Ramanathapuram,180,K. Vikram,Independent,65,Male
Ramanathapuram,180,A. Muthu,Independent,27,Male
Ramanathapuram,180,L. Ganesan,Independent,34,Male
Ramanathapuram,180,V. Prakash,Independent,32,Male
Ramanathapuram,180,E. Shanthi,Independent,31,Female
Ramanathapuram,180,T. Moorthy,Independent,63,Male
Ramanathapuram,180,R. Ramesh,Independent,38,Male
Ramanathapuram,180,R. Balaji,Independent,67,Male
Mudhukulathur,181,R. Ashok,DMK,70,Male
Mudhukulathur,181,E. Ganesan,AIADMK,47,Male
Mudhukulathur,181,V. Vijay,NTK,73,Male
Mudhukulathur,181,R. Kannan,BJP,70,Male
Mudhukulathur,181,V. Dhanush,Independent,28,Male
Mudhukulathur,181,P. Dhanush,Independent,66,Male
Mudhukulathur,181,E. Vikram,Independent,40,Male
Mudhukulathur,181,T. Soundarya,Independent,55,Female
Mudhukulathur,181,T. Vikram,Independent,71,Male
Mudhukulathur,181,D. Perumal,Independent,28,Male
Mudhukulathur,181,M. Murugan,Independent,31,Male
Mudhukulathur,181,C. Kamal,Independent,33,Male
Mudhukulathur,181,D. Priya,Independent,52,Female
Mudhukulathur,181,T. Karuppu,Independent,49,Male
Mudhukulathur,181,T. Surya,Independent,38,Male
Mudhukulathur,181,D. Rajini,Independent,54,Male
Mudhukulathur,181,G. Velu,Independent,69,Male
Mudhukulathur,181,E. Muthu,Independent,65,Male
Vilathikulam,182,C. Velu,DMK,26,Male
Vilathikulam,182,L. Vasanthi,AIADMK,40,Female
Vilathikulam,182,D. Moorthy,NTK,40,Male
Vilathikulam,182,G. Selvam,INC,49,Male
Vilathikulam,182,D. Vijay,Independent,53,Male
Vilathikulam,182,N. Kamal,Independent,33,Male
Vilathikulam,182,G. Ganesan,Independent,52,Male
Vilathikulam,182,B. Karthik,Independent,29,Male
Vilathikulam,182,B. Rajendran,Independent,30,Male
Vilathikulam,182,L. Muthu,Independent,64,Male
Vilathikulam,182,T. Surya,Independent,26,Male
Vilathikulam,182,K. Karuppu,Independent,25,Male
Vilathikulam,182,V. Natarajan,Independent,49,Male
Vilathikulam,182,E. Selvam,Independent,46,Male
Vilathikulam,182,D. Prakash,Independent,67,Male
Vilathikulam,182,J. Kavitha,Independent,64,Female
Vilathikulam,182,K. Suresh,Independent,39,Male
Vilathikulam,182,C. Karthik,Independent,66,Male
Thoothukkudi,183,C. Sivakarthikeyan,DMK,47,Male
Thoothukkudi,183,G. Prakash,AIADMK,58,Male
Thoothukkudi,183,R. Kannan,NTK,45,Male
Thoothukkudi,183,R. Rajendran,INC,48,Male
Thoothukkudi,183,C. Ashok,Independent,49,Male
Thoothukkudi,183,A. Senthil,Independent,67,Male
Thoothukkudi,183,N. Perumal,Independent,57,Male
Thoothukkudi,183,S. Perumal,Independent,45,Male
Thoothukkudi,183,S. Raja,Independent,41,Male
Thoothukkudi,183,G. Palani,Independent,27,Male
Thoothukkudi,183,D. Dhanush,Independent,40,Male
Thoothukkudi,183,L. Perumal,Independent,34,Male
Thoothukkudi,183,B. Mani,Independent,48,Male
Thoothukkudi,183,D. Ashok,Independent,40,Male
Thoothukkudi,183,J. Rajini,Independent,40,Male
Thoothukkudi,183,D. Rajendran,Independent,68,Male
Thoothukkudi,183,K. Revathi,Independent,31,Female
Tiruchendur,184,D. Sekar,DMK,50,Male
Tiruchendur,184,K. Surya,AIADMK,27,Male
Tiruchendur,184,N. Natarajan,NTK,67,Male
Tiruchendur,184,G. Dhanush,BJP,39,Male
Tiruchendur,184,T. Ashok,VCK,75,Male
Tiruchendur,184,A. Meena,Independent,51,Female
Tiruchendur,184,A. Kamal,Independent,70,Male
Tiruchendur,184,S. Natarajan,Independent,47,Male
Tiruchendur,184,C. Muthu,Independent,73,Male
Tiruchendur,184,S. Raja,Independent,59,Male
Tiruchendur,184,D. Chandran,Independent,74,Male
Tiruchendur,184,S. Murugan,Independent,30,Male
Tiruchendur,184,M. Moorthy,Independent,39,Male
Tiruchendur,184,V. Moorthy,Independent,42,Male
Tiruchendur,184,L. Sekar,Independent,29,Male
Tiruchendur,184,M. Moorthy,Independent,63,Male
Tiruchendur,184,N. Sekar,Independent,46,Male
Tiruchendur,184,A. Soundarya,Independent,61,Female
Tiruchendur,184,K. Dhanush,Independent,69,Male
Srivaikuntam,185,T. Dhanush,DMK,56,Male
Srivaikuntam,185,R. Vijay,AIADMK,73,Male
Srivaikuntam,185,D. Ashok,NTK,56,Male
Srivaikuntam,185,J. Vasanthi,INC,52,Female
Srivaikuntam,185,K. Rajini,Independent,49,Male
Srivaikuntam,185,N. Raja,Independent,49,Male
Srivaikuntam,185,L. Arun,Independent,63,Male
Srivaikuntam,185,M. Renuka,Independent,28,Female
Srivaikuntam,185,N. Ashok,Independent,50,Male
Srivaikuntam,185,D. Sivakarthikeyan,Independent,34,Male
Srivaikuntam,185,L. Karthik,Independent,30,Male
Srivaikuntam,185,R. Senthil,Independent,43,Male
Srivaikuntam,185,G. Surya,Independent,54,Male
Srivaikuntam,185,V. Mani,Independent,67,Male
Srivaikuntam,185,V. Karuppu,Independent,53,Male
Ottapidaram,186,K. Anitha,DMK,33,Female
Ottapidaram,186,L. Palani,AIADMK,52,Male
Ottapidaram,186,G. Kamal,NTK,72,Male
Ottapidaram,186,G. Raja,BJP,60,Male
Ottapidaram,186,T. Lakshmi,INC,36,Female
Ottapidaram,186,J. Ajith,Independent,51,Male
Ottapidaram,186,A. Chandran,Independent,53,Male
Ottapidaram,186,E. Velu,Independent,38,Male
Ottapidaram,186,N. Palani,Independent,56,Male
Ottapidaram,186,L. Sivakarthikeyan,Independent,33,Male
Ottapidaram,186,V. Perumal,Independent,50,Male
Ottapidaram,186,D. Chandran,Independent,69,Male
Kovilpatti,187,S. Murugan,DMK,74,Male
Kovilpatti,187,C. Rajini,AIADMK,67,Male
Kovilpatti,187,B. Vijay,NTK,31,Male
Kovilpatti,187,T. Velu,Independent,33,Male
Kovilpatti,187,C. Rajini,Independent,60,Male
Kovilpatti,187,E. Velu,Independent,63,Male
Kovilpatti,187,P. Ajith,Independent,40,Male
Kovilpatti,187,J. Raja,Independent,65,Male
Kovilpatti,187,B. Arun,Independent,33,Male
Kovilpatti,187,A. Balaji,Independent,28,Male
Kovilpatti,187,K. Kannan,Independent,44,Male
Kovilpatti,187,G. Ashok,Independent,63,Male
Kovilpatti,187,N. Kalpana,Independent,51,Female
Kovilpatti,187,C. Natarajan,Independent,32,Male
Sankarankovil,188,C. Ramesh,DMK,30,Male
Sankarankovil,188,K. Raja,AIADMK,33,Male
Sankarankovil,188,E. Palani,NTK,74,Male
Sankarankovil,188,S. Sudha,BJP,48,Female
Sankarankovil,188,J. Selvam,INC,51,Male
Sankarankovil,188,J. Senthil,PMK,64,Male
Sankarankovil,188,V. Vijay,VCK,52,Male
Sankarankovil,188,C. Soundarya,Independent,67,Female
Sankarankovil,188,D. Prakash,Independent,39,Male
Sankarankovil,188,P. Arun,Independent,47,Male
Sankarankovil,188,S. Rajini,Independent,28,Male
Sankarankovil,188,D. Perumal,Independent,26,Male
Sankarankovil,188,R. Shanthi,Independent,30,Female
Sankarankovil,188,R. Dhanush,Independent,25,Male
Vasudevanallur,189,N. Kannan,DMK,41,Male
Vasudevanallur,189,V. Palani,AIADMK,30,Male
Vasudevanallur,189,A. Ashok,NTK,31,Male
Vasudevanallur,189,V. Balaji,BJP,47,Male
Vasudevanallur,189,E. Suganya,Independent,34,Female
Vasudevanallur,189,N. Sivakarthikeyan,Independent,33,Male
Vasudevanallur,189,J. Priya,Independent,38,Female
Vasudevanallur,189,S. Ganesan,Independent,52,Male
Vasudevanallur,189,T. Kamal,Independent,73,Male
Vasudevanallur,189,E. Surya,Independent,30,Male
Vasudevanallur,189,A. Surya,Independent,30,Male
Vasudevanallur,189,V. Meena,Independent,57,Female
Vasudevanallur,189,J. Priya,Independent,66,Female
Vasudevanallur,189,P. Senthil,Independent,72,Male
Vasudevanallur,189,L. Karthik,Independent,54,Male
Vasudevanallur,189,M. Palani,Independent,53,Male
Vasudevanallur,189,L. Muthu,Independent,36,Male
Vasudevanallur,189,A. Rajendran,Independent,75,Male
Vasudevanallur,189,B. Surya,Independent,46,Male
Vasudevanallur,189,G. Mani,Independent,32,Male
Vasudevanallur,189,D. Velu,Independent,57,Male
Kadayanallur,190,D. Devi,DMK,43,Female
Kadayanallur,190,D. Gayathri,AIADMK,62,Female
Kadayanallur,190,S. Anitha,NTK,33,Female
Kadayanallur,190,K. Rajini,Independent,62,Male
Kadayanallur,190,V. Palani,Independent,60,Male
Kadayanallur,190,P. Natarajan,Independent,26,Male
Kadayanallur,190,P. Suresh,Independent,60,Male
Kadayanallur,190,T. Meena,Independent,35,Female
Kadayanallur,190,A. Senthil,Independent,71,Male
Kadayanallur,190,P. Moorthy,Independent,39,Male
Kadayanallur,190,A. Muthu,Independent,69,Male
Kadayanallur,190,D. Surya,Independent,50,Male
Kadayanallur,190,N. Surya,Independent,37,Male
Kadayanallur,190,S. Mani,Independent,67,Male
Kadayanallur,190,L. Surya,Independent,75,Male
Kadayanallur,190,P. Perumal,Independent,42,Male
Kadayanallur,190,P. Suresh,Independent,49,Male
Kadayanallur,190,M. Balaji,Independent,42,Male
Kadayanallur,190,C. Ganesan,Independent,71,Male
Kadayanallur,190,V. Kannan,Independent,45,Male
Kadayanallur,190,L. Deepa,Independent,46,Female
Tenkasi,191,R. Vasanthi,DMK,32,Female
Tenkasi,191,S. Velu,AIADMK,41,Male
Tenkasi,191,T. Natarajan,NTK,33,Male
Tenkasi,191,C. Rajini,INC,70,Male
Tenkasi,191,J. Velu,Independent,51,Male
Tenkasi,191,E. Chandran,Independent,47,Male
Tenkasi,191,G. Ashok,Independent,26,Male
Tenkasi,191,C. Selvam,Independent,37,Male
Tenkasi,191,N. Ashok,Independent,40,Male
Tenkasi,191,M. Kalpana,Independent,26,Female
Tenkasi,191,P. Velu,Independent,37,Male
Tenkasi,191,V. Sekar,Independent,67,Male
Tenkasi,191,C. Rajendran,Independent,55,Male
Tenkasi,191,R. Ganesan,Independent,70,Male
Alangulam,192,R. Ramesh,DMK,32,Male
Alangulam,192,P. Chandran,AIADMK,50,Male
Alangulam,192,K. Suganya,NTK,30,Female
Alangulam,192,S. Palani,BJP,58,Male
Alangulam,192,R. Murugan,INC,32,Male
Alangulam,192,P. Kamal,PMK,43,Male
Alangulam,192,M. Rajini,Independent,50,Male
Alangulam,192,M. Vijay,Independent,46,Male
Alangulam,192,D. Meena,Independent,33,Female
Alangulam,192,V. Velu,Independent,26,Male
Alangulam,192,B. Raja,Independent,38,Male
Alangulam,192,N. Surya,Independent,36,Male
Alangulam,192,L. Senthil,Independent,57,Male
Tirunelveli,193,L. Vasanthi,DMK,30,Female
Tirunelveli,193,L. Muthu,AIADMK,62,Male
Tirunelveli,193,L. Kannan,NTK,51,Male
Tirunelveli,193,T. Ajith,BJP,45,Male
Tirunelveli,193,J. Mani,INC,72,Male
Tirunelveli,193,T. Velu,Independent,67,Male
Tirunelveli,193,V. Ramesh,Independent,68,Male
Tirunelveli,193,P. Vijay,Independent,43,Male
Tirunelveli,193,E. Vijay,Independent,52,Male
Tirunelveli,193,C. Kamal,Independent,63,Male
Tirunelveli,193,J. Vijay,Independent,48,Male
Tirunelveli,193,R. Shanthi,Independent,58,Female
Ambasamudram,194,C. Renuka,DMK,28,Female
Ambasamudram,194,P. Senthil,AIADMK,27,Male
Ambasamudram,194,L. Kamal,NTK,41,Male
Ambasamudram,194,S. Ganesan,BJP,39,Male
Ambasamudram,194,L. Senthil,INC,39,Male
Ambasamudram,194,J. Rajini,Independent,38,Male
Ambasamudram,194,R. Arun,Independent,66,Male
Ambasamudram,194,E. Ramesh,Independent,46,Male
Ambasamudram,194,L. Balaji,Independent,61,Male
Ambasamudram,194,N. Karuppu,Independent,56,Male
Ambasamudram,194,G. Devi,Independent,28,Female
Ambasamudram,194,J. Ajith,Independent,63,Male
Palayamkottai,195,S. Arun,DMK,62,Male
Palayamkottai,195,M. Karuppu,AIADMK,46,Male
Palayamkottai,195,S. Geetha,NTK,42,Female
Palayamkottai,195,A. Velu,BJP,68,Male
Palayamkottai,195,B. Geetha,Independent,31,Female
Palayamkottai,195,D. Balaji,Independent,71,Male
Palayamkottai,195,L. Raja,Independent,34,Male
Palayamkottai,195,D. Vikram,Independent,65,Male
Palayamkottai,195,G. Muthu,Independent,73,Male
Palayamkottai,195,S. Lakshmi,Independent,27,Female
Palayamkottai,195,G. Karthik,Independent,26,Male
Palayamkottai,195,N. Rajini,Independent,26,Male
Nanguneri,196,V. Mani,DMK,38,Male
Nanguneri,196,E. Moorthy,AIADMK,29,Male
Nanguneri,196,K. Lakshmi,NTK,33,Female
Nanguneri,196,S. Rajini,VCK,65,Male
Nanguneri,196,E. Ganesan,Independent,71,Male
Nanguneri,196,L. Suresh,Independent,32,Male
Nanguneri,196,P. Suresh,Independent,57,Male
Nanguneri,196,B. Kamal,Independent,61,Male
Nanguneri,196,N. Velu,Independent,27,Male
Nanguneri,196,J. Prakash,Independent,47,Male
Nanguneri,196,V. Velu,Independent,69,Male
Nanguneri,196,D. Senthil,Independent,69,Male
Nanguneri,196,R. Natarajan,Independent,43,Male
Nanguneri,196,R. Surya,Independent,60,Male
Nanguneri,196,G. Moorthy,Independent,41,Male
Nanguneri,196,D. Ajith,Independent,41,Male
Nanguneri,196,C. Velu,Independent,46,Male
Nanguneri,196,P. Karthik,Independent,47,Male
Nanguneri,196,A. Sekar,Independent,68,Male
Radhapuram,197,P. Murugan,DMK,27,Male
Radhapuram,197,R. Murugan,AIADMK,49,Male
Radhapuram,197,G. Ramesh,NTK,31,Male
Radhapuram,197,L. Muthu,INC,58,Male
Radhapuram,197,V. Arun,Independent,70,Male
Radhapuram,197,C. Vijay,Independent,40,Male
Radhapuram,197,D. Revathi,Independent,54,Female
Radhapuram,197,D. Chandran,Independent,41,Male
Radhapuram,197,T. Prakash,Independent,33,Male
Radhapuram,197,E. Kannan,Independent,72,Male
Radhapuram,197,P. Balaji,Independent,65,Male
Radhapuram,197,R. Lakshmi,Independent,56,Female
Radhapuram,197,J. Murugan,Independent,43,Male
Radhapuram,197,J. Palani,Independent,73,Male
Radhapuram,197,L. Dhanush,Independent,27,Male
Kanniyakumari,198,S. Ashok,DMK,54,Male
Kanniyakumari,198,A. Sekar,AIADMK,67,Male
Kanniyakumari,198,A. Sekar,NTK,46,Male
Kanniyakumari,198,C. Rajini,BJP,33,Male
Kanniyakumari,198,J. Surya,Independent,40,Male
Kanniyakumari,198,E. Prakash,Independent,31,Male
Kanniyakumari,198,K. Karthik,Independent,68,Male
Kanniyakumari,198,V. Suresh,Independent,34,Male
Kanniyakumari,198,R. Kamal,Independent,40,Male
Kanniyakumari,198,B. Natarajan,Independent,73,Male
Kanniyakumari,198,C. Rajendran,Independent,35,Male
Kanniyakumari,198,A. Selvam,Independent,50,Male
Kanniyakumari,198,V. Kamal,Independent,45,Male
Kanniyakumari,198,D. Ganesan,Independent,70,Male
Kanniyakumari,198,N. Rajendran,Independent,57,Male
Kanniyakumari,198,M. Ganesan,Independent,73,Male
Kanniyakumari,198,A. Devi,Independent,33,Female
Kanniyakumari,198,M. Ajith,Independent,26,Male
Kanniyakumari,198,K. Suresh,Independent,67,Male
Nagercoil,199,N. Mani,DMK,47,Male
Nagercoil,199,V. Gayathri,AIADMK,52,Female
Nagercoil,199,T. Anitha,NTK,32,Female
Nagercoil,199,R. Meena,BJP,57,Female
Nagercoil,199,K. Sivakarthikeyan,PMK,35,Male
Nagercoil,199,N. Anitha,VCK,51,Female
Nagercoil,199,R. Perumal,Independent,64,Male
Nagercoil,199,E. Karuppu,Independent,64,Male
Nagercoil,199,V. Meena,Independent,41,Female
Nagercoil,199,K. Senthil,Independent,37,Male
Nagercoil,199,E. Raja,Independent,58,Male
Nagercoil,199,C. Mani,Independent,40,Male
Nagercoil,199,E. Balaji,Independent,73,Male
Nagercoil,199,G. Kannan,Independent,37,Male
Nagercoil,199,C. Surya,Independent,37,Male
Nagercoil,199,R. Suresh,Independent,60,Male
Nagercoil,199,T. Palani,Independent,25,Male
Nagercoil,199,S. Rajini,Independent,61,Male
Nagercoil,199,B. Kannan,Independent,62,Male
Colachel,200,R. Selvam,DMK,36,Male
Colachel,200,J. Mani,AIADMK,57,Male
Colachel,200,B. Devi,NTK,32,Female
Colachel,200,M. Kannan,BJP,44,Male
Colachel,200,M. Moorthy,INC,71,Male
Colachel,200,V. Vijay,Independent,45,Male
Colachel,200,E. Vikram,Independent,45,Male
Colachel,200,S. Ramesh,Independent,41,Male
Colachel,200,E. Sekar,Independent,42,Male
Colachel,200,M. Mani,Independent,74,Male
Colachel,200,A. Velu,Independent,30,Male
Colachel,200,K. Suresh,Independent,70,Male
Colachel,200,V. Muthu,Independent,64,Male
Colachel,200,J. Murugan,Independent,62,Male
Colachel,200,D. Gayathri,Independent,64,Female
Colachel,200,G. Palani,Independent,49,Male
Colachel,200,N. Karthik,Independent,68,Male
Colachel,200,R. Suresh,Independent,39,Male
Padmanabhapuram,201,P. Murugan,DMK,74,Male
Padmanabhapuram,201,D. Muthu,AIADMK,26,Male
Padmanabhapuram,201,M. Velu,NTK,66,Male
Padmanabhapuram,201,B. Vasanthi,INC,55,Female
Padmanabhapuram,201,A. Suganya,Independent,49,Female
Padmanabhapuram,201,T. Indira,Independent,28,Female
Padmanabhapuram,201,G. Murugan,Independent,31,Male
Padmanabhapuram,201,A. Kamal,Independent,36,Male
Padmanabhapuram,201,L. Karthik,Independent,62,Male
Padmanabhapuram,201,C. Revathi,Independent,26,Female
Padmanabhapuram,201,K. Perumal,Independent,41,Male
Padmanabhapuram,201,R. Sivakarthikeyan,Independent,31,Male
Padmanabhapuram,201,M. Selvam,Independent,38,Male
Padmanabhapuram,201,J. Karthik,Independent,38,Male
Padmanabhapuram,201,N. Kavitha,Independent,50,Female
Padmanabhapuram,201,A. Vikram,Independent,27,Male
Vilavancode,202,J. Senthil,DMK,51,Male
Vilavancode,202,G. Palani,AIADMK,71,Male
Vilavancode,202,C. Raja,NTK,66,Male
Vilavancode,202,N. Ramesh,BJP,54,Male
Vilavancode,202,A. Revathi,PMK,33,Female
Vilavancode,202,V. Devi,Independent,43,Female
Vilavancode,202,S. Perumal,Independent,73,Male
Vilavancode,202,B. Senthil,Independent,44,Male
Vilavancode,202,A. Surya,Independent,47,Male
Vilavancode,202,G. Raja,Independent,41,Male
Vilavancode,202,B. Vikram,Independent,36,Male
Vilavancode,202,A. Suresh,Independent,60,Male
Vilavancode,202,L. Palani,Independent,58,Male
Vilavancode,202,T. Chandran,Independent,72,Male
Vilavancode,202,J. Velu,Independent,63,Male
Vilavancode,202,D. Rajini,Independent,40,Male
Vilavancode,202,J. Raja,Independent,37,Male
Vilavancode,202,N. Moorthy,Independent,43,Male
Killiyoor,203,G. Revathi,DMK,72,Female
Killiyoor,203,C. Palani,AIADMK,32,Male
Killiyoor,203,G. Balaji,NTK,27,Male
Killiyoor,203,L. Raja,PMK,52,Male
Killiyoor,203,N. Karuppu,Independent,50,Male
Killiyoor,203,P. Meena,Independent,52,Female
Killiyoor,203,T. Karuppu,Independent,49,Male
Killiyoor,203,C. Karthik,Independent,48,Male
Killiyoor,203,D. Sivakarthikeyan,Independent,47,Male
Killiyoor,203,G. Soundarya,Independent,58,Female
Killiyoor,203,A. Prakash,Independent,35,Male
Killiyoor,203,T. Balaji,Independent,33,Male
Killiyoor,203,G. Mani,Independent,31,Male
Killiyoor,203,G. Mani,Independent,42,Male
Killiyoor,203,M. Selvam,Independent,26,Male
Killiyoor,203,T. Palani,Independent,75,Male
Killiyoor,203,G. Prakash,Independent,27,Male
Killiyoor,203,K. Prakash,Independent,38,Male
Killiyoor,203,N. Balaji,Independent,38,Male
