constituency,party,slNo,criminal,incumbent,symbol,name,gender,id,education,age,image,profession,assets,minister,alliance,acNo
Gummidipoondi,DMK,1,0,False,Rising sun,T.J.Govindarajan,Male,90001,10th Grade (SSLC),65,,,₹7.57 Cr,,spa,1
Gummidipoondi,AIADMK,2,0,False,Two leaves,Sudhakar.V,Male,90002,12th Grade (HSC / +2),40,,,₹5.62 Cr,,nda,1
Gummidipoondi,BSP,3,0,False,Elephant,M.Jagadeesan,Male,90003,Bachelor's Degree,34,,,₹12.40 L,,others,1
Gummidipoondi,NTK,4,0,False,Farmer Carrying Plough,R.Sridar. B.L,Male,90004,Bachelor's Degree,54,,,₹1.10 Cr,,ntk,1
Gummidipoondi,AJPK,5,0,False,Gas cylinder,Sdk Sankar,Male,90005,Bachelor's Degree,46,,,₹nan,,ajpk,1
Gummidipoondi,VTVTK,6,0,False,Pestle and mortar,K.Chandra Sekar,Male,90006,Not Specified,51,,,₹6.06 L,,others,1
Gummidipoondi,TVK,7,0,False,Whistle,S.Vijayakumar,Male,90007,Bachelor's Degree,56,,,₹1.15 Cr,,tvk,1
Gummidipoondi,IND,8,0,False,Diamond,M.Kumaran,Male,90008,Bachelor's Degree,44,,,₹2.35 L,,independent,1
Gummidipoondi,IND,9,0,False,Letter box,Gopal.K,Male,90009,10th Grade (SSLC),63,,,₹71.62 L,,independent,1
Gummidipoondi,IND,10,0,False,Ship,T.Govindan,Male,90010,10th Grade (SSLC),43,,,₹17.46 L,,independent,1
Gummidipoondi,IND,11,0,False,Batsman,A.H.Siva Ganesh,Male,90011,Master's Degree,43,,,₹6.80 Cr,,independent,1
Gummidipoondi,IND,12,0,False,Peas,D.Sudhakar,Male,90012,5th Grade,35,,,₹5.21 L,,independent,1
Gummidipoondi,IND,13,0,False,Water melon,V.Sudhakar,Male,90013,8th Grade,40,,,"₹35,400",,independent,1
Gummidipoondi,IND,14,0,False,Road roller,D.Dinesh,Male,90014,Master's Degree,42,,,₹2.62 Cr,,independent,1
Gummidipoondi,IND,15,0,False,Crane,G.Ranjith,Male,90015,Bachelor's Degree,25,,,₹4.67 L,,independent,1
Ponneri,INC,1,0,True,Hand,Durai Chandrasekar,Male,90016,Bachelor's Degree,53,,,₹1.42 Cr,,spa,2
Ponneri,BSP,2,0,False,Elephant,Santhoshkumar.J,Male,90017,Master's Degree,46,,,₹22.65 L,,others,2
Ponneri,AIADMK,3,0,False,Two leaves,Balaraman.P,Male,90018,Master's Degree,64,,,₹1.89 Cr,,nda,2
Ponneri,NTK,4,0,False,Farmer Carrying Plough,Rajathi.M,Female,90019,Bachelor's Degree,34,,,₹16.00 L,,ntk,2
Ponneri,DMSK,5,0,False,Football player,Ashok Priyadarshan,Male,90020,Master's Degree,47,,,"₹30,000",,others,2
Ponneri,VBA,6,0,False,Gas cylinder,Raja.S,Male,90021,Doctorate (Ph.D / MD),46,,,₹69.71 L,,others,2
Ponneri,TAVK,7,0,False,Camera,Kotteeswaran. K,Male,90022,10th Grade (SSLC),44,,,"₹44,370",,others,2
Ponneri,TMMK,8,0,False,Matchbox,Malathi.S,Female,90023,12th Grade (HSC / +2),28,,,₹7.25 L,,others,2
Ponneri,TVK,9,0,False,Whistle,Dr.Ravi.M.S,Male,90024,Not Specified,67,,,₹5.04 Cr,,tvk,2
Ponneri,IND,10,0,False,Batsman,Nagaiyan.G,Male,90025,10th Grade (SSLC),48,,,₹51.72 L,,independent,2
Ponneri,IND,11,0,False,Brush,Barathiraja.K,Male,90026,10th Grade (SSLC),39,,,₹7.57 L,,independent,2
Ponneri,IND,12,0,False,Pen drive,Rajasekar.J,Male,90027,Bachelor's Degree,36,,,₹3.39 L,,independent,2
Ponneri,IND,13,0,False,Water melon,Venkatesan.S,Male,90028,Not Specified,43,,,"₹4,338",,independent,2
Tiruttani,AIADMK,1,0,False,Two leaves,G.Hari,Male,90029,Master's Degree,65,,,₹77.53 L,,nda,3
Tiruttani,DMDK,2,0,False,Nagara,D.Krishnamurthy,Male,90030,10th Grade (SSLC),63,,,₹4.27 Cr,,spa,3
Tiruttani,NTK,3,0,False,Farmer Carrying Plough,Chandran .S.S,Male,90031,Bachelor's Degree,27,,,₹78.01 L,,ntk,3
Tiruttani,BSP,4,0,False,Elephant,Muthuraj.G,Male,90032,Not Specified,56,,,"₹21,200",,others,3
Tiruttani,TVK,5,0,False,Whistle,M.Sathya Kumar,Male,90033,Not Specified,38,,,₹4.34 Cr,,tvk,3
Tiruttani,TK,6,0,False,Matchbox,Balaji.A,Male,90034,Bachelor's Degree,37,,,₹2.08 L,,others,3
Tiruttani,TAVK,7,0,False,Camera,Pavendhan.Y.R,Male,90035,Master's Degree,47,,,"₹30,000",,others,3
Tiruttani,IND,8,0,False,Diamond,Krishnamoorthy.K,Male,90036,Not Specified,29,,,₹7.73 Cr,,independent,3
Tiruttani,IND,9,0,False,Pestle and mortar,Krishnamoorthy.D,Male,90037,12th Grade (HSC / +2),45,,,₹20.04 L,,independent,3
Tiruttani,IND,10,0,False,Noodles bowl,Krishnamoorthy.M,Male,90038,Bachelor's Degree,52,,,₹15.21 L,,independent,3
Tiruttani,IND,11,0,False,Gas cylinder,Shettu.S,Male,90039,Bachelor's Degree,57,,,"₹50,000",,independent,3
Tiruttani,IND,12,0,False,Bangles,Dr.A.V.Narendran,Male,90040,Not Specified,43,,,₹16.20 L,,independent,3
Tiruttani,IND,13,0,False,Bucket,Jambu.B,Male,90041,Bachelor's Degree,35,,,"₹25,000",,independent,3
Thiruvallur,DMK,1,0,False,Rising sun,V.G.Raajendran,Male,90042,Diploma / ITI,58,,,₹127.21 Cr,,spa,4
Thiruvallur,NTK,2,0,False,Farmer Carrying Plough,K.Senthilkumar,Male,90043,9th Grade,47,,,"₹13,500",,ntk,4
Thiruvallur,AIADMK,3,0,False,Two leaves,Be Vee Ramanah,Male,90044,Not Specified,58,,,₹6.84 Cr,,nda,4
Thiruvallur,BSP,4,0,False,Elephant,B.Rajesh Kumar,Male,90045,Bachelor's Degree,42,,,₹1.00 L,,others,4
Thiruvallur,TVK,5,0,False,Whistle,Dr. T.Arunkumar,Male,90046,Master's Degree,49,,,₹1.09 Cr,,tvk,4
Thiruvallur,RPI (A),6,0,False,Ganna kisan,E.Mani,Male,90047,Master's Degree,68,,,"₹41,247",,others,4
Thiruvallur,TAVK,7,0,False,Camera,E.Rajarathinam,Male,90048,Not Specified,45,,,₹nan,,others,4
Thiruvallur,AJPK,8,0,False,Gas cylinder,N.Venkatesan,Male,90049,Bachelor's Degree,50,,,₹66.17 L,,ajpk,4
Thiruvallur,IND,9,0,False,Rubber stamp,E.Kothandan,Male,90050,Master's Degree,38,,,₹2.28 L,,independent,4
Thiruvallur,IND,10,0,False,Cot,N.Nagendrababu,Male,90051,Bachelor's Degree,30,,,₹45.09 L,,independent,4
Thiruvallur,IND,11,0,False,Diamond,N.Balakrishnan,Male,90052,8th Grade,49,,,₹7.24 L,,independent,4
Thiruvallur,IND,12,0,False,Can,R.Ramanan,Male,90053,HSE,56,,,₹18.90 L,,independent,4
Thiruvallur,IND,13,0,False,Water tank,G.Rajendiran,Male,90054,Master's Degree,59,,,₹6.39 L,,independent,4
Thiruvallur,IND,14,0,False,Plate stand,S.Rajendran,Male,90055,5th Grade,62,,,₹8.16 L,,independent,4
Poonamallee,DMK,1,0,True,Rising sun,Krishnaswamy.A,Male,90056,Bachelor's Degree,60,,,₹10.25 Cr,,spa,5
Poonamallee,NTK,2,0,False,Farmer Carrying Plough,Mekala.J,Female,90057,Not Specified,45,,,₹7.53 L,,ntk,5
Poonamallee,BSP,3,0,False,Elephant,Rajasekaran.K,Male,90058,12th Grade (HSC / +2),33,,,₹6.11 L,,others,5
Poonamallee,AMMK,4,0,False,Pressure cooker,Elumalai.T.A,Male,90059,Bachelor's Degree,62,,,₹81.72 L,,nda,5
Poonamallee,TVK,5,0,False,Whistle,Prakasam.R,Male,90060,10th Grade (SSLC),44,,,"₹75,000",,tvk,5
Poonamallee,IND,6,0,False,Belt,Sivakumar.S,Male,90061,Bachelor's Degree,56,,,"₹41,000",,independent,5
Poonamallee,IND,7,0,False,Box,Dhasarathan.R,Male,92897,6th Grade,58,,,"₹26,030",,independent,5
Poonamallee,IND,8,0,False,Saw,Purushothaman.B,Male,90063,10th Grade (SSLC),56,,,"₹16,600",,independent,5
Poonamallee,IND,9,0,False,Diamond,Ravikumar.M,Male,90064,9th Grade,37,,,₹3.70 L,,independent,5
Poonamallee,IND,10,0,False,Batsman,Velu.S,Male,90065,Bachelor's Degree,49,,,"₹41,555",,independent,5
Poonamallee,IND,11,0,False,Swing,Dr.Jayanthi.R,Female,90066,Doctorate (Ph.D / MD),50,,,₹10.95 L,,independent,5
Avadi,BSP,1,0,False,Elephant,S.Charles,Male,90067,12th Grade (HSC / +2),45,,,"₹73,000",,others,6
Avadi,DMK,2,0,False,Rising sun,S.M.Nasar,Male,90068,10th Grade (SSLC),66,,,₹2.08 Cr,,spa,6
Avadi,NTK,3,0,False,Farmer Carrying Plough,Punitha Shanmugam,Female,90069,Doctorate (Ph.D / MD),32,,,₹12.39 L,,ntk,6
Avadi,BJP,4,0,False,Lotus,Rajasimha Mahendra,Male,90070,12th Grade (HSC / +2),49,,,₹59.44 L,,nda,6
Avadi,TAVK,5,0,False,Camera,R.Edmund Jayendren,Male,90071,Bachelor's Degree,53,,,₹1.31 Cr,,others,6
Avadi,ACDP,6,0,False,Truck,C.S.Karnan,Male,90072,Not Specified,70,,,₹nan,,others,6
Avadi,APTADMK,7,0,False,Jackfruit,Senthilkumar. S,Male,90073,Diploma / ITI,51,,,"₹30,000",,others,6
Avadi,AIPTMMK,8,0,False,Coconut farm,R.Bakthavatchalam,Male,90074,12th Grade (HSC / +2),39,,,₹nan,,ajpk,6
Avadi,TVK,9,0,False,Whistle,R.Ramesh Kumar,Male,90075,Bachelor's Degree,60,,,₹2.79 Cr,,tvk,6
Avadi,SMNK,10,0,False,Walking stick,P.Jayakumar,Male,90076,Not Specified,50,,,₹33.47 L,,others,6
Avadi,IND,11,0,False,Refrigerator,K.Annamalai,Male,90077,10th Grade (SSLC),52,,,₹7.20 L,,independent,6
Avadi,IND,12,0,False,Gramophone,G.D.Arunkumar,Male,90078,Bachelor's Degree,30,,,₹6.67 L,,independent,6
Avadi,IND,13,0,False,Cauliflower,M.Erajasimman,Male,90079,Bachelor's Degree,42,,,₹8.42 L,,independent,6
Avadi,IND,14,0,False,Pen nib with seven rays,R.Kumar,Male,90080,Not Specified,49,,,₹12.19 L,,independent,6
Avadi,IND,15,0,False,Fountain,S.Senthilkumar,Male,90081,Bachelor's Degree,48,,,₹26.87 L,,independent,6
Avadi,IND,16,0,False,Gas cylinder,P.Chellapandian,Male,90082,Bachelor's Degree,58,,,₹5.73 L,,independent,6
Avadi,IND,17,0,False,Lady finger,K.Balakrishnan,Male,90083,Bachelor's Degree,47,,,₹1.53 L,,independent,6
Avadi,IND,18,0,False,Envelope,R.Manikandan,Male,90084,Master's Degree,34,,,₹6.48 L,,independent,6
Avadi,IND,19,0,False,Scissors,Uniesh Raj. M,Male,90085,Master's Degree,29,,,₹7.62 L,,independent,6
Avadi,IND,20,0,False,Brush,Rajasekar. R,Male,90086,Bachelor's Degree,27,,,₹6.51 L,,independent,6
Maduravoyal,DMK,1,0,True,Rising sun,Ganapathy. K,Male,90087,8th Grade,67,,,₹10.66 L,,spa,7
Maduravoyal,AIADMK,2,0,False,Two leaves,P.Benjamin,Male,90088,Bachelor's Degree,56,,,₹2.00 Cr,,nda,7
Maduravoyal,NTK,3,0,False,Farmer Carrying Plough,Revathi L,Female,90089,10th Grade (SSLC),32,,,₹7.23 L,,ntk,7
Maduravoyal,NMK,4,0,False,Pen nib with seven rays,Agni Selvaraju. J,Male,90090,Master's Degree,43,,,₹44.05 L,,others,7
Maduravoyal,AMGRDMAK,5,0,False,Pan,Muthuraman. S,Male,90091,12th Grade (HSC / +2),57,,,₹19.50 L,,others,7
Maduravoyal,NIP,6,0,False,Spanner,Murali. S,Male,90092,12th Grade (HSC / +2),31,,,₹1.37 L,,others,7
Maduravoyal,TVK,7,0,False,Whistle,Rhevanth Charan,Male,90093,Not Specified,30,,,₹7.02 Cr,,tvk,7
Maduravoyal,VTVTK,8,0,False,Pestle and mortar,K.Venkatesan,Male,90094,Not Specified,49,,,₹8.10 L,,others,7
Maduravoyal,AIPTMMK,9,0,False,Coconut farm,J.Venkatesan,Male,90095,10th Grade (SSLC),51,,,₹13.40 L,,ajpk,7
Maduravoyal,IND,10,0,False,Bead necklace,D.Anandan,Male,90096,Bachelor's Degree,52,,,₹11.47 L,,independent,7
Maduravoyal,IND,11,0,False,Diamond,K.Ganapathy,Male,90097,9th Grade,39,,,₹nan,,independent,7
Maduravoyal,IND,12,0,False,CCTV Camera,V.Kamala Kannan,Male,90098,8th Grade,36,,,₹2.41 L,,independent,7
Maduravoyal,IND,13,0,False,Gas cylinder,Saravanan Kumar,Male,90099,Doctorate (Ph.D / MD),39,,,₹3.17 Cr,,independent,7
Maduravoyal,IND,14,0,False,Sitar,R.Siva,Male,90100,Not Specified,34,,,₹nan,,independent,7
Maduravoyal,IND,15,0,False,Bangles,M.Balasubramanian,Male,90101,Master's Degree,50,,,₹72.54 L,,independent,7
Maduravoyal,IND,16,0,False,Electric pole,S.Benjamin Moses,Male,90102,Master's Degree,38,,,"₹10,000",,independent,7
Maduravoyal,IND,17,0,False,Stethoscope,Ponmuthu Ramesh,Male,90103,9th Grade,62,,,"₹14,729",,independent,7
Maduravoyal,IND,18,0,False,Bucket,N.A.Mani,Male,90104,Bachelor's Degree,30,,,₹16.36 L,,independent,7
Maduravoyal,IND,19,0,False,Football player,R.Yuvaraj,Male,90105,Bachelor's Degree,27,,,"₹26,092",,independent,7
Maduravoyal,IND,20,0,False,Mixee,Vignesh Nandagopal,Male,90106,Master's Degree,31,,,₹23.06 L,,independent,7
Maduravoyal,IND,21,0,False,Cake,M.James,Male,90107,10th Grade (SSLC),59,,,₹2.63 L,,independent,7
Ambattur,NTK,1,0,False,Farmer Carrying Plough,Silambarasan,Male,90108,Bachelor's Degree,35,,,"₹87,340",,ntk,8
Ambattur,BSP,2,0,False,Elephant,Dr. J.Sailas,Female,90109,Bachelor's Degree,42,,,₹17.33 L,,others,8
Ambattur,DMK,3,0,False,Rising sun,Dr A.P.Poornima,Female,90110,Not Specified,33,,,₹1.72 Cr,,spa,8
Ambattur,NJP,4,0,False,Sitar,A.Kalyanasundaram,Male,90111,10th Grade (SSLC),70,,,₹6.30 L,,others,8
Ambattur,PMK,5,0,False,Mango,K.N.Sekar,Male,90112,8th Grade,55,,,₹14.41 Cr,,nda,8
Ambattur,TVK,6,0,False,Whistle,Balamurugan.G,Male,90113,Diploma / ITI,44,,,₹1.17 Cr,,tvk,8
Ambattur,ISP,7,0,False,Diamond,V.Ramkumar,Male,90114,Bachelor's Degree,52,,,₹9.44 L,,others,8
Ambattur,TAVK,8,0,False,Camera,Rajkumar,Male,90115,9th Grade,30,,,₹nan,,others,8
Ambattur,NIP,9,0,False,Spanner,D.Jeyaganesh,Male,90116,10th Grade (SSLC),46,,,₹80.19 L,,others,8
Ambattur,IND,10,0,False,Gas cylinder,M.S.Arumugam,Male,90117,6th Grade,61,,,₹6.62 L,,independent,8
Ambattur,IND,11,0,False,Water tank,P.Arumugam,Male,90118,Bachelor's Degree,50,,,₹2.56 L,,independent,8
Ambattur,IND,12,0,False,Bangles,G.Sampath,Male,90119,Bachelor's Degree,65,,,₹nan,,independent,8
Ambattur,IND,13,0,False,Air conditioner,K.Sekar,Male,90120,8th Grade,55,,,₹4.24 L,,independent,8
Ambattur,IND,14,0,False,Dish antenna,G.P.Sekar,Male,90121,4th Grade,61,,,₹1.46 L,,independent,8
Ambattur,IND,15,0,False,Batsman,Palani,Male,90122,Diploma / ITI,46,,,₹30.13 L,,independent,8
Ambattur,IND,16,0,False,CCTV Camera,R.Balamurugan,Male,90123,10th Grade (SSLC),49,,,₹1.39 L,,independent,8
Ambattur,IND,17,0,False,Television,Dr. S.Praveen,Male,90124,Master's Degree,37,,,₹4.51 Cr,,independent,8
Ambattur,IND,18,0,False,Carrom board,D.Pushpa,Female,90125,7th Grade,50,,,₹20.26 L,,independent,8
Ambattur,IND,19,0,False,Football player,S.Madhavan,Male,90126,Bachelor's Degree,28,,,₹6.28 L,,independent,8
Ambattur,IND,20,0,False,Telephone,D.K.Meshack Kirubakaran,Male,90127,Bachelor's Degree,38,,,₹1.07 L,,independent,8
Ambattur,IND,21,0,False,Ship,Vinayagamoorthy.R,Male,90128,12th Grade (HSC / +2),35,,,₹42.70 L,,independent,8
Ambattur,IND,22,0,False,Matchbox,S.Janarthanan,Male,90129,Bachelor's Degree,32,,,₹11.92 L,,independent,8
Ambattur,IND,23,0,False,Balloon,Jothi.M,Female,90130,10th Grade (SSLC),41,,,₹7.35 L,,independent,8
Madavaram,NTK,1,0,False,Farmer Carrying Plough,E.Krithika,Female,90131,Bachelor's Degree,28,,,₹40.88 L,,ntk,9
Madavaram,DMK,2,0,False,Rising sun,S.Sudharsanam,Male,90132,Bachelor's Degree,67,,,₹43.20 Cr,,spa,9
Madavaram,AIADMK,3,0,False,Two leaves,Madhavaram V.Moorthy,Male,90133,Bachelor's Degree,67,,,₹16.03 L,,nda,9
Madavaram,BSP,4,0,False,Elephant,N.Janakiraman,Male,90134,Bachelor's Degree,53,,,₹7.05 L,,others,9
Madavaram,TAVK,5,0,False,Camera,R.Karthikeyan,Male,90135,Bachelor's Degree,51,,,₹6.40 L,,others,9
Madavaram,NMK,6,0,False,Pen nib with seven rays,I.Raffik,Male,90136,Bachelor's Degree,40,,,₹1.08 L,,others,9
Madavaram,TVK,7,0,False,Whistle,M.L.Vijayprabhu,Male,90137,Bachelor's Degree,37,,,₹55.26 L,,tvk,9
Madavaram,IND,8,0,False,Chain,S.Sivakumar,Male,90138,Bachelor's Degree,54,,,₹7.19 L,,independent,9
Madavaram,IND,9,0,False,Diamond,Sudarsanam,Male,90139,Not Specified,67,,,₹3.49 L,,independent,9
Madavaram,IND,10,0,False,Peas,A.Nagarajan,Male,90140,Not Specified,39,,,"₹3,000",,independent,9
Madavaram,IND,11,0,False,Ship,R.S.Balaji,Male,90141,Diploma / ITI,53,,,₹5.45 L,,independent,9
Madavaram,IND,12,0,False,Tooth brush,G.Prabu,Male,90142,Diploma / ITI,40,,,"₹4,000",,independent,9
Madavaram,IND,13,0,False,Saw,A.Ponnalagan,Male,90143,Not Specified,60,,,"₹24,000",,independent,9
Madavaram,IND,14,0,False,Electric pole,C.Moorthy,Male,90144,Not Specified,42,,,"₹11,500",,independent,9
Madavaram,IND,15,0,False,Wallet,V.Murthy,Male,90145,Not Specified,56,,,"₹4,000",,independent,9
Thiruvottiyur,AIADMK,1,0,False,Two leaves,Kuppan. K,Male,90146,Bachelor's Degree,72,,,₹1.33 Cr,,nda,10
Thiruvottiyur,NTK,2,0,False,Farmer Carrying Plough,Sathya. B,Female,90147,10th Grade (SSLC),40,,,₹1.69 Cr,,ntk,10
Thiruvottiyur,CPI(M),3,0,False,Hammer Sickle and Star,Sundararaj. L,Male,90148,10th Grade (SSLC),59,,,₹81.61 L,,spa,10
Thiruvottiyur,BSP,4,0,False,Elephant,Mahendra Kumar. D,Male,90149,10th Grade (SSLC),46,,,₹1.28 L,,others,10
Thiruvottiyur,VTVTK,5,0,False,Pestle and mortar,Sasirekha. M,Female,90150,10th Grade (SSLC),55,,,"₹35,000",,others,10
Thiruvottiyur,TVK,6,0,False,Whistle,Senthil Kumar. N,Male,90151,Bachelor's Degree,46,,,₹83.21 L,,tvk,10
Thiruvottiyur,DMA,7,0,False,Ship,Dilli Kumar. R,Male,90152,10th Grade (SSLC),41,,,₹nan,,others,10
Thiruvottiyur,TAVK,8,0,False,Camera,Venkataramanan. J,Male,90153,Bachelor's Degree,28,,,₹2.45 L,,others,10
Thiruvottiyur,IND,9,0,False,Matchbox,Aravind. R,Male,90154,Bachelor's Degree,32,,,"₹2,000",,independent,10
Thiruvottiyur,IND,10,0,False,Gramophone,Gopi. K,Male,90155,Bachelor's Degree,36,,,₹1.69 L,,independent,10
Thiruvottiyur,IND,11,0,False,Door bell,Thanikasalam. B,Male,90156,Diploma / ITI,46,,,"₹10,000",,independent,10
Thiruvottiyur,IND,12,0,False,Boat with man and sail,Balaruban,Male,90157,Bachelor's Degree,32,,,₹nan,,independent,10
Thiruvottiyur,IND,13,0,False,Gas cylinder,Michaelraj. M.A,Male,90158,Bachelor's Degree,57,,,₹12.44 Cr,,independent,10
Thiruvottiyur,IND,14,0,False,Electric pole,Vijay. A,Male,90159,12th Grade (HSC / +2),31,,,"₹18,043",,independent,10
Thiruvottiyur,IND,15,0,False,Wool and Needle,Janagaraj,Male,90160,8th Grade,46,,,₹40.00 L,,independent,10
RK Nagar,AIADMK,1,0,False,Two leaves,R.S.Raajesh,Male,90161,Diploma / ITI,54,,,₹7.67 Cr,,nda,11
RK Nagar,NTK,2,0,False,Farmer Carrying Plough,Vennila.T,Female,90162,Master's Degree,42,,,₹1.01 Cr,,ntk,11
RK Nagar,DMK,3,0,False,Rising sun,J.John Ebenezer,Male,90163,Master's Degree,50,,,₹1.16 Cr,,spa,11
RK Nagar,MANK,4,0,False,Diamond,E.Raamadasan,Male,90164,Bachelor's Degree,73,,,₹nan,,others,11
RK Nagar,SP,5,0,False,Calculator,D.Karthikeyan,Male,90165,Bachelor's Degree,26,,,₹5.35 L,,others,11
RK Nagar,TMMK,6,0,False,Matchbox,Chandrasekar,Male,90166,Not Specified,51,,,₹6.06 L,,others,11
RK Nagar,TAVK,7,0,False,Camera,B.Navin,Male,90167,Bachelor's Degree,30,,,₹8.30 L,,others,11
RK Nagar,TVK,8,0,False,Whistle,N.Marie Wilson,Male,90168,Doctorate (Ph.D / MD),46,,,₹4.71 Cr,,tvk,11
RK Nagar,SUCI(C),9,0,False,Scissors,A.Mohanraj,Male,90169,Not Specified,55,,,₹nan,,others,11
RK Nagar,IND,10,0,False,Triangle,Amudha.N,Female,90170,10th Grade (SSLC),43,,,₹6.40 L,,independent,11
RK Nagar,IND,11,0,False,Biscuit,D.Ajith Kumar,Male,90171,Not Specified,26,,,₹nan,,independent,11
RK Nagar,IND,12,0,False,Ship,S.Emmanuvel,Male,90172,10th Grade (SSLC),42,,,₹10.46 L,,independent,11
RK Nagar,IND,13,0,False,Baby walker,A.Usha,Female,90173,10th Grade (SSLC),38,,,₹10.55 L,,independent,11
RK Nagar,IND,14,0,False,Grapes,R.Ethiraj,Male,90174,12th Grade (HSC / +2),51,,,₹10.51 L,,independent,11
RK Nagar,IND,15,0,False,Bench,V.Shankar,Male,90175,10th Grade (SSLC),63,,,₹3.76 L,,independent,11
RK Nagar,IND,16,0,False,Chain,M.Sathish,Male,90176,10th Grade (SSLC),42,,,₹3.43 L,,independent,11
RK Nagar,IND,17,0,False,Road roller,J.Saravanakumar,Male,90177,Not Specified,36,,,₹nan,,independent,11
RK Nagar,IND,18,0,False,Laptop,L.Saravanan,Male,90178,Bachelor's Degree,50,,,₹5.65 L,,independent,11
RK Nagar,IND,19,0,False,Green chilli,V.Sudhakar,Male,90179,Bachelor's Degree,31,,,₹2.40 L,,independent,11
RK Nagar,IND,20,0,False,Carpet,K.Sujith,Male,90180,Bachelor's Degree,31,,,₹53.74 L,,independent,11
RK Nagar,IND,21,0,False,Electric pole,R.Tamilarasan,Male,90181,Master's Degree,34,,,₹6.70 L,,independent,11
RK Nagar,IND,22,0,False,Sofa,Tamilselvan,Male,90182,Bachelor's Degree,27,,,₹4.93 L,,independent,11
RK Nagar,IND,23,0,False,Coat,R.Devakumar,Male,90183,Bachelor's Degree,36,,,₹7.65 L,,independent,11
RK Nagar,IND,24,0,False,Iron,D.Prabhu,Male,90184,Bachelor's Degree,37,,,₹6.22 L,,independent,11
RK Nagar,IND,25,0,False,Cake,G.Bothi Rajan,Male,90185,Not Specified,45,,,₹nan,,independent,11
RK Nagar,IND,26,0,False,Chimney,Manikandan.H,Male,90186,Diploma / ITI,28,,,"₹55,500",,independent,11
RK Nagar,IND,27,0,False,Box,G.Madhan Kumar,Male,90187,Not Specified,36,,,₹nan,,independent,11
RK Nagar,IND,28,0,False,Bat,V.Madhan Mohan,Male,90188,Not Specified,35,,,₹nan,,independent,11
RK Nagar,IND,29,0,False,Mixee,P.Marimuthu,Male,90189,Not Specified,70,,,₹nan,,independent,11
RK Nagar,IND,30,0,False,Carrom board,R.Muthu Chella Bharathi,Male,90190,Master's Degree,38,,,"₹89,896",,independent,11
RK Nagar,IND,31,0,False,Pressure cooker,K.Murali,Male,90191,Bachelor's Degree,43,,,₹3.90 L,,independent,11
RK Nagar,IND,32,0,False,Flute,J.Murali Krishnan,Male,90192,Bachelor's Degree,26,,,₹5.85 L,,independent,11
RK Nagar,IND,33,0,False,Gas cylinder,C.Rajamanickam,Male,90193,Master's Degree,65,,,₹69.14 L,,independent,11
RK Nagar,IND,34,0,False,Coconut farm,J.Vijayan,Male,90194,Diploma / ITI,42,,,₹64.10 L,,independent,11
RK Nagar,IND,35,0,False,Robot,A.Vijay,Male,90195,Not Specified,42,,,₹nan,,independent,11
RK Nagar,IND,36,0,False,Hand cart,G.Vijay,Male,90196,Diploma / ITI,29,,,₹3.05 L,,independent,11
RK Nagar,IND,37,0,False,Ring,C.Janarthanan,Male,90197,Bachelor's Degree,33,,,₹1.90 L,,independent,11
RK Nagar,IND,38,0,False,Mike,D.Janarthanan,Male,90198,Diploma / ITI,43,,,₹4.66 L,,independent,11
Perambur,DMK,1,0,False,Rising sun,R.D.Shekar,Male,90199,Bachelor's Degree,59,,,₹nan,,spa,12
Perambur,NTK,2,0,False,Farmer Carrying Plough,S.Vetri Thamizhan,Male,90200,Master's Degree,40,,,₹7.64 L,,ntk,12
Perambur,BSP,3,0,False,Elephant,Vetri Vel Selvam,Male,90201,Bachelor's Degree,32,,,"₹11,000",,others,12
Perambur,TMGMK,4,0,False,Diamond,Ashlin Belmen .A.S,Male,90202,Diploma / ITI,29,,,₹56.00 L,,others,12
Perambur,TK,5,0,False,Matchbox,M.Geeta,Female,90203,Bachelor's Degree,40,,,₹57.16 L,,others,12
Perambur,MANK,6,0,False,Bucket,Dr.R.Saravana Perumal,Male,90204,Doctorate (Ph.D / MD),52,,,₹8.80 L,,others,12
Perambur,TTNP,7,0,False,Scissors,Sivakumar.V,Male,90205,Diploma / ITI,39,,,₹32.38 L,,others,12
Perambur,MK,8,0,False,Telephone,S.Sureshkumar,Male,90206,Bachelor's Degree,42,,,"₹59,000",,others,12
Perambur,SUCI(C),9,0,False,Gas cylinder,J.Sebastin,Male,90207,10th Grade (SSLC),49,,,"₹2,631",,others,12
Perambur,PMK,10,0,False,Mango,M.Thilagabama,Female,90208,Bachelor's Degree,56,,,₹3.32 Cr,,nda,12
Perambur,MMK,11,0,False,Computer,K.M.Devan,Male,90209,Bachelor's Degree,41,,,₹7.33 L,,others,12
Perambur,VTVTK,12,0,False,Pestle and mortar,S.Malathi,Female,90210,12th Grade (HSC / +2),28,,,₹7.25 L,,others,12
Perambur,RPI (A),13,0,False,Ganna kisan,A.Rajaram,Male,90211,Bachelor's Degree,51,,,"₹5,500",,others,12
Perambur,AIJMK,14,0,False,Road roller,Vijay,Male,90212,Bachelor's Degree,29,,,₹2.86 L,,others,12
Perambur,TAVK,15,0,False,Camera,D.V.Venugopal,Male,90213,10th Grade (SSLC),55,,,₹10.55 L,,others,12
Perambur,TVK,16,0,False,Whistle,C.Joseph Vijay,Male,90214,Bachelor's Degree,52,,,₹809.17 Cr,,tvk,12
Perambur,IND,17,0,False,Pressure cooker,Agni Aalvar,Male,90215,10th Grade (SSLC),45,,,₹11.98 L,,independent,12
Perambur,IND,18,0,False,Walking stick,Amala.R,Female,90216,9th Grade,58,,,₹29.50 L,,independent,12
Perambur,IND,19,0,False,Battery Torch,Azarutheen.M,Male,90217,Bachelor's Degree,37,,,₹25.66 L,,independent,12
Perambur,IND,20,0,False,Table,P.Esakki Muthu,Male,90218,Not Specified,68,,,"₹30,000",,independent,12
Perambur,IND,21,0,False,Letter box,E.Udhaya Kumar,Male,90219,7th Grade,56,,,₹nan,,independent,12
Perambur,IND,22,0,False,Trumpet,M.Kadhiravan,Male,90220,12th Grade (HSC / +2),58,,,₹55.90 L,,independent,12
Perambur,IND,23,0,False,Can,P.Gunasekar,Male,90221,10th Grade (SSLC),56,,,₹nan,,independent,12
Perambur,IND,24,0,False,Box,B.Sathish Kumar,Male,90222,Bachelor's Degree,42,,,₹33.91 L,,independent,12
Perambur,IND,25,0,False,Robot,Sathish.B,Male,90223,Bachelor's Degree,46,,,₹73.66 L,,independent,12
Perambur,IND,26,0,False,Binoculars,P.Thangamani,Male,90224,8th Grade,61,,,₹nan,,independent,12
Perambur,IND,27,0,False,Bicycle pump,M.Tamilselvam,Male,90225,6th Grade,51,,,"₹45,000",,independent,12
Perambur,IND,28,0,False,Ship,H.Dhanasekar,Male,90226,10th Grade (SSLC),43,,,₹2.65 L,,independent,12
Perambur,IND,29,0,False,Grapes,M.I.Thahira Banu,Female,90227,10th Grade (SSLC),46,,,₹1.08 L,,independent,12
Perambur,IND,30,0,False,Ring,Nivetha,Female,90228,Master's Degree,32,,,₹23.60 L,,independent,12
Perambur,IND,31,0,False,Jackfruit,B.Balaji,Male,90229,12th Grade (HSC / +2),37,,,₹3.55 L,,independent,12
Perambur,IND,32,0,False,Cutting pliers,P.Ponraj,Male,90230,10th Grade (SSLC),56,,,₹4.60 L,,independent,12
Perambur,IND,33,0,False,Mike,Bowdharaj,Male,90231,5th Grade,53,,,₹nan,,independent,12
Perambur,IND,34,0,False,Stethoscope,Dr.D.Madan,Male,90232,Doctorate (Ph.D / MD),28,,,₹6.26 L,,independent,12
Perambur,IND,35,0,False,CCTV Camera,Dr.G.Moorthy,Male,90233,Doctorate (Ph.D / MD),46,,,₹nan,,independent,12
Perambur,IND,36,0,False,Bat,S.Michael,Male,90234,Bachelor's Degree,41,,,₹1.27 L,,independent,12
Perambur,IND,37,0,False,Biscuit,S.Ramesh,Male,90235,Bachelor's Degree,40,,,₹1.45 L,,independent,12
Perambur,IND,38,0,False,Tea filter,V.Raji,Male,90236,Not Specified,51,,,₹1.15 L,,independent,12
Perambur,IND,39,0,False,Balloon,S.Rajesh Kumar,Male,90237,Diploma / ITI,51,,,₹1.80 L,,independent,12
Perambur,IND,40,0,False,Batsman,Reegan Prabhu,Male,90238,Diploma / ITI,37,,,₹55.66 L,,independent,12
Perambur,IND,41,0,False,Pen nib with seven rays,G.Ruthra Kumar,Male,90239,Bachelor's Degree,33,,,"₹93,000",,independent,12
Perambur,IND,42,0,False,Gramophone,Vijay. G,Male,90240,Diploma / ITI,35,,,₹51.97 L,,independent,12
Perambur,IND,43,0,False,Pillow,S.Vishnu Varthan,Male,90241,Bachelor's Degree,29,,,₹33.00 L,,independent,12
Perambur,IND,44,0,False,Coconut farm,B.Venkatesan,Male,90242,Master's Degree,47,,,₹1.07 L,,independent,12
Perambur,IND,45,0,False,Helmet,R.Jayaseelan,Male,90243,5th Grade,60,,,₹2.01 Cr,,independent,12
Perambur,IND,46,0,False,Pen drive,S.Joseph,Male,90244,Master's Degree,65,,,₹46.97 L,,independent,12
Perambur,IND,47,0,False,Noodles bowl,M.Joseph,Male,90245,12th Grade (HSC / +2),49,,,₹3.88 L,,independent,12
Kolathur,AIADMK,1,0,False,Two leaves,P.Santhana Krishnan,Male,90246,Diploma / ITI,51,,,₹79.49 L,,nda,13
Kolathur,BSP,2,0,False,Elephant,Subashini,Female,90247,Master's Degree,37,,,₹11.36 L,,others,13
Kolathur,NTK,3,0,False,Farmer Carrying Plough,Soundara Pandian Luder Seth,Male,90248,Bachelor's Degree,53,,,₹44.13 L,,ntk,13
Kolathur,DMK,4,0,True,Rising sun,M.K.Stalin,Male,90249,Bachelor's Degree,72,,,₹6.01 Cr,True,spa,13
Kolathur,SP,5,0,False,Bangles,Aathithya,Male,90250,Not Specified,48,,,"₹41,000",,others,13
Kolathur,MANK,6,0,False,Gas cylinder,E.Raamadasan,Male,90251,10th Grade (SSLC),73,,,₹5.31 L,,others,13
Kolathur,TAVK,7,0,False,Camera,Oormila,Female,90252,Not Specified,42,,,₹nan,,others,13
Kolathur,VTVTK,8,0,False,Pestle and mortar,K.Elumalai,Male,90253,Not Specified,49,,,₹nan,,others,13
Kolathur,DMSK,9,0,False,Balloon,Sivagnanasam,Male,90254,Doctorate (Ph.D / MD),71,,,"₹49,000",,others,13
Kolathur,RPI (A),10,0,False,Ganna kisan,S.Y.Syed Yusuf,Male,90255,Bachelor's Degree,32,,,"₹2,200",,others,13
Kolathur,TVK,11,0,False,Whistle,V.S.Babu,Male,90256,8th Grade,75,,,₹36.38 L,,tvk,13
Kolathur,IND,12,0,False,Table,Arul Doss. A,Male,90257,Not Specified,44,,,"₹26,500",,independent,13
Kolathur,IND,13,0,False,Hand cart,Kaja Maideen,Male,90258,6th Grade,34,,,₹6.46 L,,independent,13
Kolathur,IND,14,0,False,Ship,V.A.Sudhakar,Male,90259,10th Grade (SSLC),46,,,"₹47,500",,independent,13
Kolathur,IND,15,0,False,Mike,M.Suresh,Male,90260,10th Grade (SSLC),39,,,₹56.52 L,,independent,13
Kolathur,IND,16,0,False,Iron,J.Suriya Muthu,Male,90261,10th Grade (SSLC),51,,,"₹1,000",,independent,13
Kolathur,IND,17,0,False,Diamond,R.Senthil Kumar,Male,90262,Bachelor's Degree,45,,,₹4.32 L,,independent,13
Kolathur,IND,18,0,False,Boat with man and sail,Selvi Steffi. V.M,Female,90263,Master's Degree,26,,,₹1.71 Cr,,independent,13
Kolathur,IND,19,0,False,Helmet,Nanda Kumar,Male,93800,9th Grade,34,,,₹2.30 L,,independent,13
Kolathur,IND,20,0,False,Matchbox,A.L.Naresh Kumar,Male,90265,10th Grade (SSLC),33,,,₹22.20 L,,independent,13
Kolathur,IND,21,0,False,Bat,V.Naresh Babu,Male,90266,Bachelor's Degree,34,,,₹6.03 L,,independent,13
Kolathur,IND,22,0,False,Ring,K.Panneer Selvam,Male,90267,Bachelor's Degree,40,,,"₹51,343",,independent,13
Kolathur,IND,23,0,False,Electric pole,S.Balachandar,Male,90268,10th Grade (SSLC),49,,,"₹76,000",,independent,13
Kolathur,IND,24,0,False,Carrom board,R.Balaji,Male,90269,Bachelor's Degree,36,,,"₹1,125",,independent,13
Kolathur,IND,25,0,False,CCTV Camera,M.Poornima,Female,90270,Master's Degree,44,,,₹1.86 Cr,,independent,13
Kolathur,IND,26,0,False,Road roller,R.Mahesh,Male,90271,Not Specified,35,,,₹13.12 L,,independent,13
Kolathur,IND,27,0,False,Bucket,P.Milany,Male,90272,Bachelor's Degree,45,,,₹20.50 L,,independent,13
Kolathur,IND,28,0,False,Football player,R.Ravikumar,Male,90273,Bachelor's Degree,33,,,"₹3,590",,independent,13
Kolathur,IND,29,0,False,Pen nib with seven rays,R.Raj Guru,Male,90274,8th Grade,45,,,₹1.00 L,,independent,13
Kolathur,IND,30,0,False,Gas Stove,Raja. G,Male,90275,10th Grade (SSLC),71,,,₹12.86 L,,independent,13
Kolathur,IND,31,0,False,Walking stick,A.Raji,Male,90276,10th Grade (SSLC),60,,,₹2.33 L,,independent,13
Kolathur,IND,32,0,False,Door bell,M.Rajeshkumar,Male,90277,Bachelor's Degree,36,,,"₹18,841",,independent,13
Kolathur,IND,33,0,False,Flute,Vigirdhan,Male,90278,10th Grade (SSLC),53,,,₹5.60 L,,independent,13
Kolathur,IND,34,0,False,Chappals,Farmer Jayaraman. S K J,Male,90279,Not Specified,50,,,₹nan,,independent,13
Kolathur,IND,35,0,False,Computer,S.Sharan,Male,90280,Bachelor's Degree,27,,,₹1.28 L,,independent,13
Villivakkam,DMK,1,0,False,Rising sun,Karthik Mohan,Male,90281,Master's Degree,45,,,₹202.70 Cr,,spa,14
Villivakkam,NTK,2,0,False,Farmer Carrying Plough,Roshini S,Transgender,90282,8th Grade,30,,,₹18.20 L,,ntk,14
Villivakkam,AIADMK,3,0,False,Two leaves,Vijayakumar S.R,Male,90283,Bachelor's Degree,52,,,₹3.42 Cr,,nda,14
Villivakkam,TAVK,4,0,False,Camera,Abdul Shabeek A,Male,90284,Diploma / ITI,42,,,₹3.55 L,,others,14
Villivakkam,TK,5,0,False,Matchbox,Ajithkumar A,Male,90285,Bachelor's Degree,32,,,₹72.71 L,,others,14
Villivakkam,TVK,6,0,False,Whistle,Aadhav Arjuna,Male,90286,Bachelor's Degree,43,,,₹197.53 Cr,,tvk,14
Villivakkam,IND,7,0,False,Gas cylinder,Ashok Kumar C.A,Male,90287,Bachelor's Degree,55,,,₹1.39 Cr,,independent,14
Villivakkam,IND,8,0,False,Tooth brush,Anbazhagan G,Male,90288,Master's Degree,59,,,₹3.58 L,,independent,14
Villivakkam,IND,9,0,False,Batsman,Kannan M,Male,90289,12th Grade (HSC / +2),41,,,"₹11,000",,independent,14
Villivakkam,IND,10,0,False,Coconut farm,Kandasamy S,Male,90290,10th Grade (SSLC),60,,,₹2.84 L,,independent,14
Villivakkam,IND,11,0,False,Gift pack,Karthick S,Male,90291,Not Specified,36,,,₹16.01 L,,independent,14
Villivakkam,IND,12,0,False,Binoculars,Karthick P,Male,90292,8th Grade,37,,,₹9.13 L,,independent,14
Villivakkam,IND,13,0,False,Pen nib with seven rays,Shanmuga D,Male,90293,Bachelor's Degree,30,,,₹3.73 L,,independent,14
Villivakkam,IND,14,0,False,Letter box,Charavanan M.P,Male,90294,Bachelor's Degree,65,,,₹42.38 L,,independent,14
Villivakkam,IND,15,0,False,Pressure cooker,Solomon J.R,Male,90295,10th Grade (SSLC),50,,,₹6.08 L,,independent,14
Villivakkam,IND,16,0,False,Table,Subramani K,Male,90296,Master's Degree,65,,,"₹41,160",,independent,14
Villivakkam,IND,17,0,False,Electric pole,Dhayanidhi D,Male,90297,8th Grade,30,,,₹3.24 L,,independent,14
Villivakkam,IND,18,0,False,CCTV Camera,Devarajan G,Male,90298,Not Specified,52,,,₹1.80 L,,independent,14
Villivakkam,IND,19,0,False,Bat,Balamurali G,Male,90299,Diploma / ITI,35,,,₹5.70 L,,independent,14
Villivakkam,IND,20,0,False,Bucket,Purushothaman P,Male,90300,10th Grade (SSLC),45,,,₹9.29 L,,independent,14
Villivakkam,IND,21,0,False,Balloon,Manimaran P,Male,90301,6th Grade,60,,,"₹10,000",,independent,14
Villivakkam,IND,22,0,False,Air conditioner,Murali R,Male,90302,Bachelor's Degree,36,,,"₹14,600",,independent,14
Villivakkam,IND,23,0,False,Almirah,Murali Vinodh M,Male,90303,Bachelor's Degree,42,,,₹25.75 L,,independent,14
Villivakkam,IND,24,0,False,Bricks,Yuvaraj S,Male,90304,Not Specified,37,,,"₹17,914",,independent,14
Villivakkam,IND,25,0,False,Box,Raji M,Male,90305,8th Grade,62,,,₹nan,,independent,14
Villivakkam,IND,26,0,False,Battery Torch,Vijayakumar G,Male,90306,Bachelor's Degree,40,,,₹5.00 L,,independent,14
Villivakkam,IND,27,0,False,Brush,Vijayakumar D,Male,90307,10th Grade (SSLC),51,,,"₹60,800",,independent,14
Villivakkam,IND,28,0,False,Diamond,Jaya Zeba C,Male,90308,Bachelor's Degree,41,,,₹nan,,independent,14
Thiru-Vi-Ka-Nagar,DMK,1,0,False,Rising sun,K.S.Ravichandran,Male,90309,Bachelor's Degree,55,,,₹nan,,spa,15
Thiru-Vi-Ka-Nagar,AIADMK,2,0,False,Two leaves,Porkodi Armstrong,Female,90310,Bachelor's Degree,51,,,₹4.93 Cr,,nda,15
Thiru-Vi-Ka-Nagar,NTK,3,0,False,Farmer Carrying Plough,Jagadesh Chander .M,Male,90311,Master's Degree,39,,,₹19.56 L,,ntk,15
Thiru-Vi-Ka-Nagar,AIPTMMK,4,0,False,Coconut farm,C.Christy,Male,90312,10th Grade (SSLC),43,,,"₹65,000",,ajpk,15
Thiru-Vi-Ka-Nagar,TK,5,0,False,Matchbox,A.Selva Kumar,Male,90313,10th Grade (SSLC),49,,,₹2.20 L,,others,15
Thiru-Vi-Ka-Nagar,TVK,6,0,False,Whistle,M.R.Pallavi,Female,90314,Bachelor's Degree,36,,,₹30.31 L,,tvk,15
Thiru-Vi-Ka-Nagar,RPI (A),7,0,False,Ganna kisan,S Jayakalpana,Female,90315,Not Specified,53,,,₹9.87 L,,others,15
Thiru-Vi-Ka-Nagar,IND,8,0,False,Cot,R.Anandan,Male,90316,10th Grade (SSLC),60,,,"₹15,000",,independent,15
Thiru-Vi-Ka-Nagar,IND,9,0,False,Chimney,M.Kannadasan,Male,90317,10th Grade (SSLC),38,,,₹11.88 L,,independent,15
Thiru-Vi-Ka-Nagar,IND,10,0,False,Diamond,M.Kolanji,Male,90318,Primary (Up to 4th),54,,,"₹15,500",,independent,15
Thiru-Vi-Ka-Nagar,IND,11,0,False,Funnel,D.Sathish Kumar,Male,90319,Bachelor's Degree,33,,,₹1.79 L,,independent,15
Thiru-Vi-Ka-Nagar,IND,12,0,False,Electric pole,Sathish,Male,90320,10th Grade (SSLC),41,,,₹11.71 L,,independent,15
Thiru-Vi-Ka-Nagar,IND,13,0,False,Box,S.Senthamizhan,Male,90321,10th Grade (SSLC),35,,,"₹11,000",,independent,15
Thiru-Vi-Ka-Nagar,IND,14,0,False,Swing,G.J.Dharaniraj,Male,90322,Bachelor's Degree,31,,,₹16.34 L,,independent,15
Thiru-Vi-Ka-Nagar,IND,15,0,False,Wheel barrow,S.Parthiban,Male,90323,Bachelor's Degree,46,,,₹6.49 L,,independent,15
Thiru-Vi-Ka-Nagar,IND,16,0,False,Kettle,Prakash Arunachalam,Male,90324,Bachelor's Degree,40,,,"₹20,000",,independent,15
Thiru-Vi-Ka-Nagar,IND,17,0,False,Ship,Prasanth. D,Male,90325,Bachelor's Degree,33,,,₹3.92 L,,independent,15
Thiru-Vi-Ka-Nagar,IND,18,0,False,Batsman,Praveen Thiyagarajan,Male,90326,Master's Degree,27,,,₹2.32 L,,independent,15
Thiru-Vi-Ka-Nagar,IND,19,0,False,Cauliflower,R.Murugan,Male,90327,10th Grade (SSLC),50,,,₹8.90 L,,independent,15
Thiru-Vi-Ka-Nagar,IND,20,0,False,Brush,M.Mohan,Male,90328,9th Grade,41,,,₹7.90 L,,independent,15
Thiru-Vi-Ka-Nagar,IND,21,0,False,Typewriter,S.Rajendran,Male,90329,10th Grade (SSLC),52,,,"₹20,000",,independent,15
Thiru-Vi-Ka-Nagar,IND,22,0,False,Violin,M.Lokesh,Male,90330,Not Specified,34,,,₹2.21 L,,independent,15
Thiru-Vi-Ka-Nagar,IND,23,0,False,Telephone,C.Jagan Mohan,Male,90331,Bachelor's Degree,45,,,"₹20,000",,independent,15
Egmore,AIADMK,1,0,False,Two leaves,Abishek. R,Male,90332,Bachelor's Degree,36,,,₹11.67 Cr,,nda,16
Egmore,NTK,2,0,False,Farmer Carrying Plough,Saranya Imran,Female,90333,Bachelor's Degree,35,,,₹12.55 L,,ntk,16
Egmore,DMK,3,0,False,Rising sun,Tamilan Prasanna,Male,90334,Bachelor's Degree,43,,,₹nan,,spa,16
Egmore,NIP,4,0,False,Spanner,Arun Rao. N.A,Male,90335,Bachelor's Degree,35,,,₹1.98 L,,others,16
Egmore,RPI (A),5,0,False,Ganna kisan,Dr.N.Gunasekar,Male,90336,12th Grade (HSC / +2),36,,,₹9.66 L,,others,16
Egmore,TAVK,6,0,False,Camera,D.Thirunavukkarasar,Male,90337,10th Grade (SSLC),43,,,₹20.44 L,,others,16
Egmore,AIPTMMK,7,0,False,Coconut farm,T.Magizhanban,Male,90338,Not Specified,80,,,"₹5,000",,ajpk,16
Egmore,NMSP,8,0,False,Gas cylinder,G.R.Rajendran,Male,90339,10th Grade (SSLC),31,,,"₹71,000",,others,16
Egmore,TVK,9,0,False,Whistle,Rajmohan,Male,90340,Bachelor's Degree,39,,,₹1.44 Cr,,tvk,16
Egmore,IND,10,0,False,Matchbox,Aravindan,Male,90341,12th Grade (HSC / +2),39,,,"₹21,800",,independent,16
Egmore,IND,11,0,False,Iron,R.Kumaravel,Male,90342,Bachelor's Degree,54,,,₹1.62 L,,independent,16
Egmore,IND,12,0,False,Helmet,M.Nagarajan,Male,90343,Not Specified,65,,,₹1.98 L,,independent,16
Egmore,IND,13,0,False,Batsman,S.Pichamuthu,Male,90344,Bachelor's Degree,70,,,₹2.03 Cr,,independent,16
Egmore,IND,14,0,False,Dumbbells,Rajkumar,Male,90345,Bachelor's Degree,38,,,"₹46,000",,independent,16
Egmore,IND,15,0,False,School bag,Rajmohan,Male,90346,8th Grade,37,,,₹3.48 L,,independent,16
Egmore,IND,16,0,False,Diamond,S.Vinoth Kumar,Male,90347,Master's Degree,36,,,"₹61,500",,independent,16
Egmore,IND,17,0,False,Carrom board,Venkatesh. K,Male,90348,10th Grade (SSLC),35,,,₹12.50 L,,independent,16
Egmore,IND,18,0,False,Stumps,Sridhar. M,Male,90349,10th Grade (SSLC),40,,,"₹8,000",,independent,16
Royapuram,DMK,1,0,False,Rising sun,Dr. A.Subair Khan,Male,90350,Bachelor's Degree,49,,,₹3.05 Cr,,spa,17
Royapuram,NTK,2,0,False,Farmer Carrying Plough,A.Babu Mailan,Male,90351,Bachelor's Degree,54,,,₹40.12 L,,ntk,17
Royapuram,AIADMK,3,0,False,Two leaves,D.Jayakumar,Male,90352,Master's Degree,42,,,₹nan,,nda,17
Royapuram,BSP,4,0,False,Elephant,M.Jayarajkumar,Male,90353,Bachelor's Degree,29,,,₹1.30 L,,others,17
Royapuram,DMA,5,0,False,Ship,A.Sathik Kumar,Male,90354,Bachelor's Degree,36,,,"₹97,500",,others,17
Royapuram,TAVK,6,0,False,Camera,M.Rajkumar,Male,90355,Bachelor's Degree,44,,,₹13.67 L,,others,17
Royapuram,NIP,7,0,False,Spanner,R.Vinothkumar,Male,90356,Bachelor's Degree,38,,,₹5.47 L,,others,17
Royapuram,TVK,8,0,False,Whistle,K.V.Vijay Damu,Male,90357,9th Grade,46,,,₹25.01 L,,tvk,17
Royapuram,IND,9,0,False,Swing,T.Kaviyarasu,Male,90358,Bachelor's Degree,46,,,₹2.92 L,,independent,17
Royapuram,IND,10,0,False,Football player,G.Karthikeyan,Male,90359,Bachelor's Degree,31,,,₹5.20 L,,independent,17
Royapuram,IND,11,0,False,Air conditioner,Kerthivarunnan .R,Male,90360,Bachelor's Degree,45,,,"₹66,723",,independent,17
Royapuram,IND,12,0,False,Wallet,A.Sasikumar,Male,90361,Bachelor's Degree,39,,,₹7.11 L,,independent,17
Royapuram,IND,13,0,False,Matchbox,M.Shanmugam,Male,90362,Master's Degree,29,,,₹4.40 L,,independent,17
Royapuram,IND,14,0,False,Boat with man and sail,K.J.Sivakumar,Male,90363,Bachelor's Degree,47,,,₹nan,,independent,17
Royapuram,IND,15,0,False,Bricks,P.Sumathi,Female,90364,10th Grade (SSLC),44,,,₹6.55 L,,independent,17
Royapuram,IND,16,0,False,Dish antenna,J.Selvakumar,Male,90365,8th Grade,50,,,₹5.38 L,,independent,17
Royapuram,IND,17,0,False,Cake,M Dhinakaran,Male,90366,Bachelor's Degree,48,,,₹3.14 L,,independent,17
Royapuram,IND,18,0,False,Chess board,A.Nizar Ahamed,Male,90367,Bachelor's Degree,57,,,₹26.37 L,,independent,17
Royapuram,IND,19,0,False,Robot,V.Bhagath Singh,Male,90368,Bachelor's Degree,37,,,₹nan,,independent,17
Royapuram,IND,20,0,False,Electric pole,K.Prasath,Male,90369,10th Grade (SSLC),44,,,₹14.50 L,,independent,17
Royapuram,IND,21,0,False,Green chilli,M.Mahalakshmi,Female,90370,Bachelor's Degree,61,,,₹35.71 L,,independent,17
Royapuram,IND,22,0,False,Calculator,S.Raju,Male,90371,10th Grade (SSLC),26,,,₹2.19 L,,independent,17
Royapuram,IND,23,0,False,Gas cylinder,T.Rajesh,Male,90372,8th Grade,42,,,"₹81,000",,independent,17
Royapuram,IND,24,0,False,Box,R.Rajkumar,Male,90373,Master's Degree,29,,,₹4.19 L,,independent,17
Royapuram,IND,25,0,False,Bicycle pump,A.Jayakumar,Male,90374,Bachelor's Degree,43,,,₹6.03 L,,independent,17
Royapuram,IND,26,0,False,Binoculars,D.Jayakumar,Male,90375,Bachelor's Degree,43,,,₹6.03 L,,independent,17
Royapuram,IND,27,0,False,Diamond,I Jayaprakash,Male,90376,Bachelor's Degree,39,,,₹26.30 L,,independent,17
Royapuram,IND,28,0,False,Coat,C.Sridhar,Male,90377,Bachelor's Degree,43,,,₹3.59 L,,independent,17
Harbour,BSP,1,0,False,Elephant,M Suresh,Male,90378,Not Specified,45,,,₹2.45 L,,others,18
Harbour,DMK,2,0,False,Rising sun,P K Sekarbabu,Male,90379,10th Grade (SSLC),63,,,₹nan,,spa,18
Harbour,NTK,3,0,False,Farmer Carrying Plough,R Fouzan Shariff,Male,90380,Bachelor's Degree,27,,,₹38.85 L,,ntk,18
Harbour,AIADMK,4,0,False,Two leaves,R Manohar,Male,90381,Master's Degree,59,,,₹7.88 Cr,,nda,18
Harbour,TVK,5,0,False,Whistle,Sinora P S Ashok,Male,90382,Master's Degree,59,,,₹4.91 Cr,,tvk,18
Harbour,IND,6,0,False,Plate stand,Sivalingam Ashok,Male,90383,10th Grade (SSLC),46,,,₹4.70 L,,independent,18
Harbour,IND,7,0,False,Peas,Ashok Kumar,Male,90384,Bachelor's Degree,35,,,₹1.00 L,,independent,18
Harbour,IND,8,0,False,Diamond,S Ganesh,Male,90385,Not Specified,44,,,₹nan,,independent,18
Harbour,IND,9,0,False,Air conditioner,D Kabilan,Male,90386,Bachelor's Degree,33,,,₹3.15 L,,independent,18
Harbour,IND,10,0,False,Lady finger,M Kalaiventhan,Male,90387,Bachelor's Degree,32,,,₹nan,,independent,18
Harbour,IND,11,0,False,Tea filter,Sankar A,Male,90388,Bachelor's Degree,36,,,₹1.35 L,,independent,18
Harbour,IND,12,0,False,Bangles,J Shanmugapriyan,Male,90389,Bachelor's Degree,45,,,₹4.61 L,,independent,18
Harbour,IND,13,0,False,Electric pole,R Dinesh,Male,90390,Diploma / ITI,40,,,₹1.49 L,,independent,18
Harbour,IND,14,0,False,Batsman,J M Niraimozhi,Male,90391,Bachelor's Degree,31,,,₹4.00 L,,independent,18
Harbour,IND,15,0,False,Calculator,A Nepolian,Male,90392,Master's Degree,40,,,"₹67,355",,independent,18
Harbour,IND,16,0,False,Telephone,Babu Singh,Male,90393,8th Grade,55,,,₹nan,,independent,18
Harbour,IND,17,0,False,Grapes,K E Manohar,Male,90394,Bachelor's Degree,45,,,₹12.15 L,,independent,18
Harbour,IND,18,0,False,Gas Stove,G Visu,Male,90395,Bachelor's Degree,39,,,₹2.97 L,,independent,18
Harbour,IND,19,0,False,Ship,I Vinod,Male,90396,Bachelor's Degree,40,,,₹17.85 L,,independent,18
Harbour,IND,20,0,False,Trumpet,P Vijayakumar,Male,90397,Bachelor's Degree,32,,,₹4.85 L,,independent,18
Harbour,IND,21,0,False,Nail cutter,T Vijayaraj,Male,90398,Bachelor's Degree,29,,,₹4.60 L,,independent,18
Harbour,IND,22,0,False,Cutting pliers,S Veerabathran,Male,90399,Bachelor's Degree,32,,,₹5.85 L,,independent,18
Harbour,IND,23,0,False,Chess board,V Jagadeesan,Male,90400,Master's Degree,40,,,₹5.45 L,,independent,18
Chepauk-Thiruvallikeni,AIADMK,1,0,False,Two leaves,Aadirajaram,Male,90401,Bachelor's Degree,67,,,₹1.03 Cr,,nda,19
Chepauk-Thiruvallikeni,NTK,2,0,False,Farmer Carrying Plough,Aysha,Female,90402,Diploma / ITI,37,,,₹74.83 L,,ntk,19
Chepauk-Thiruvallikeni,DMK,3,0,True,Rising sun,Udhayanidhi Stalin,Male,90403,Bachelor's Degree,48,,,₹20.64 Cr,True,spa,19
Chepauk-Thiruvallikeni,BSP,4,0,False,Elephant,Mohammed Yasser,Male,90404,Not Specified,40,,,₹6.32 L,,others,19
Chepauk-Thiruvallikeni,TAVK,5,0,False,Camera,Irfan Basha,Male,90405,Bachelor's Degree,31,,,₹12.70 L,,others,19
Chepauk-Thiruvallikeni,TVK,6,0,False,Whistle,Selvam. D,Male,90406,Bachelor's Degree,61,,,₹nan,,tvk,19
Chepauk-Thiruvallikeni,IND,7,0,False,Pen nib with seven rays,Agni Aalvar,Male,90407,10th Grade (SSLC),45,,,₹11.98 L,,independent,19
Chepauk-Thiruvallikeni,IND,8,0,False,Electric pole,Athimulam,Male,90408,7th Grade,38,,,"₹63,000",,independent,19
Chepauk-Thiruvallikeni,IND,9,0,False,Coconut farm,Ayisha,Female,90409,3rd Grade,35,,,₹2.20 L,,independent,19
Chepauk-Thiruvallikeni,IND,10,0,False,Gas cylinder,Arumugam. C,Male,90410,4th Grade,44,,,"₹10,800",,independent,19
Chepauk-Thiruvallikeni,IND,11,0,False,Spanner,Kumar. M,Male,90411,9th Grade,41,,,₹3.63 L,,independent,19
Chepauk-Thiruvallikeni,IND,12,0,False,Mike,Saamy. S.K.Dr,Male,90412,Doctorate (Ph.D / MD),48,,,₹2.80 Cr,,independent,19
Chepauk-Thiruvallikeni,IND,13,0,False,Almirah,Seenivasan. L,Male,90413,12th Grade (HSC / +2),56,,,₹14.22 L,,independent,19
Chepauk-Thiruvallikeni,IND,14,0,False,Wool and Needle,Selvam. K,Male,90414,3rd Grade,42,,,"₹35,000",,independent,19
Chepauk-Thiruvallikeni,IND,15,0,False,Brush,Selvam. K,Male,90415,Bachelor's Degree,50,,,₹62.55 L,,independent,19
Chepauk-Thiruvallikeni,IND,16,0,False,Matchbox,Syeed Layak Bhasha,Male,90416,8th Grade,29,,,₹3.91 L,,independent,19
Chepauk-Thiruvallikeni,IND,17,0,False,Coat,Bharathkumar. G,Male,90417,Bachelor's Degree,36,,,₹2.61 L,,independent,19
Chepauk-Thiruvallikeni,IND,18,0,False,Chess board,Milany. P,Male,90418,Bachelor's Degree,45,,,₹20.50 L,,independent,19
Chepauk-Thiruvallikeni,IND,19,0,False,Battery Torch,Mirza Safder Ali,Male,90419,8th Grade,59,,,₹2.12 L,,independent,19
Chepauk-Thiruvallikeni,IND,20,0,False,Helmet,Mohamed Dharik. I,Male,90420,10th Grade (SSLC),34,,,₹5.25 L,,independent,19
Chepauk-Thiruvallikeni,IND,21,0,False,Television,Mohamed Meera. A,Male,90421,Bachelor's Degree,56,,,₹2.00 L,,independent,19
Chepauk-Thiruvallikeni,IND,22,0,False,Wheel barrow,Rajasekar. S,Male,90422,Bachelor's Degree,41,,,₹2.48 L,,independent,19
Chepauk-Thiruvallikeni,IND,23,0,False,Tea filter,Rajeshkumar. K,Male,90423,Bachelor's Degree,34,,,₹6.59 L,,independent,19
Chepauk-Thiruvallikeni,IND,24,0,False,Shoe,Vijaya Kumar. B,Male,90424,Master's Degree,43,,,₹4.78 L,,independent,19
Chepauk-Thiruvallikeni,IND,25,0,False,Razor,Selvam ( Alias ) Venkatesh,Male,90425,9th Grade,32,,,₹1.15 Cr,,independent,19
Chepauk-Thiruvallikeni,IND,26,0,False,Frying pan,Selvam ( Alias ) Harinarayanan,Male,90426,Bachelor's Degree,33,,,"₹35,034",,independent,19
Thousand Lights,DMK,1,0,True,Rising sun,Ezhilan Naganathan,Male,90427,Doctorate (Ph.D / MD),46,,,₹1.39 Cr,,spa,20
Thousand Lights,NTK,2,0,False,Farmer Carrying Plough,Kalanchiyam.Mu,Male,90428,Bachelor's Degree,50,,,₹26.10 L,,ntk,20
Thousand Lights,AIADMK,3,0,False,Two leaves,Valarmathi.B,Female,90429,10th Grade (SSLC),68,,,₹2.00 Cr,,nda,20
Thousand Lights,TVK,4,0,False,Whistle,Prabhakar.J.C.D,Male,90430,Bachelor's Degree,73,,,₹86.36 L,,tvk,20
Thousand Lights,TAVK,5,0,False,Camera,Mohamed Ghouse.H,Male,90431,Master's Degree,43,,,₹19.91 L,,others,20
Thousand Lights,IND,6,0,False,Cake,Karthikeyan.S,Male,90432,10th Grade (SSLC),33,,,"₹15,000",,independent,20
Thousand Lights,IND,7,0,False,Grapes,Shankar.V,Male,90433,10th Grade (SSLC),56,,,₹2.50 L,,independent,20
Thousand Lights,IND,8,0,False,Mike,Sathya.A,Male,90434,Bachelor's Degree,29,,,₹2.16 Cr,,independent,20
Thousand Lights,IND,9,0,False,Gas cylinder,Sundara Raju.A,Male,90435,Master's Degree,71,,,₹43.40 L,,independent,20
Thousand Lights,IND,10,0,False,Carrom board,Dhanasekaran.V,Male,90436,12th Grade (HSC / +2),51,,,"₹15,000",,independent,20
Thousand Lights,IND,11,0,False,Biscuit,Pachaiyappan.E,Male,90437,9th Grade,58,,,₹15.90 L,,independent,20
Thousand Lights,IND,12,0,False,Bread,Prabhakaran.T,Male,90438,10th Grade (SSLC),55,,,₹2.93 L,,independent,20
Thousand Lights,IND,13,0,False,Gas Stove,Prabhakaran.B,Male,90439,8th Grade,38,,,₹2.67 L,,independent,20
Thousand Lights,IND,14,0,False,Letter box,Prabhakaran.V,Male,90440,Not Specified,30,,,₹nan,,independent,20
Thousand Lights,IND,15,0,False,Brush,Muniyan.E,Male,90441,Not Specified,49,,,₹nan,,independent,20
Thousand Lights,IND,16,0,False,Box,Valarmathi.E,Female,90442,8th Grade,62,,,₹2.85 L,,independent,20
Thousand Lights,IND,17,0,False,Bat,Valarmathy.D,Female,90443,8th Grade,49,,,₹5.66 L,,independent,20
Thousand Lights,IND,18,0,False,Belt,Vijay.D,Male,90444,12th Grade (HSC / +2),43,,,₹4.06 L,,independent,20
Anna Nagar,AIADMK,1,0,False,Two leaves,S.Gokula Indira,Female,90445,Master's Degree,59,,,₹2.59 Cr,,nda,21
Anna Nagar,NTK,2,0,False,Farmer Carrying Plough,S.Shankar,Male,90446,Bachelor's Degree,53,,,₹58.92 L,,ntk,21
Anna Nagar,DMK,3,0,False,Rising sun,N.Chitrarasu,Male,90447,Not Specified,47,,,₹12.73 Cr,,spa,21
Anna Nagar,TK,4,0,False,Matchbox,B.Anand,Male,90448,10th Grade (SSLC),42,,,₹9.74 L,,others,21
Anna Nagar,TaMC,5,0,False,Battery Torch,S.Dhayalan,Male,90449,8th Grade,50,,,"₹50,000",,others,21
Anna Nagar,TVK,6,0,False,Whistle,V.K.Ramkumar,Male,90450,Not Specified,45,,,₹2.55 Cr,,tvk,21
Anna Nagar,TTNP,7,0,False,Bat,E.V.S.Rajakumar Naidu,Male,90451,Master's Degree,57,,,₹1.46 Cr,,others,21
Anna Nagar,NIP,8,0,False,Spanner,N.P.Rajha,Male,90452,Master's Degree,53,,,₹15.86 Cr,,others,21
Anna Nagar,IND,9,0,False,Pen nib with seven rays,T S Habeeb Mohammad,Male,90453,8th Grade,36,,,"₹15,087",,independent,21
Anna Nagar,IND,10,0,False,Jackfruit,S Ansar Ali,Male,90454,Not Specified,54,,,"₹16,500",,independent,21
Anna Nagar,IND,11,0,False,Frying pan,G Omprakash,Male,90455,Not Specified,51,,,₹nan,,independent,21
Anna Nagar,IND,12,0,False,Helmet,L Kasinathan,Male,90456,Bachelor's Degree,69,,,₹1.11 Cr,,independent,21
Anna Nagar,IND,13,0,False,Gas cylinder,S Sathish Kumar,Male,90457,Bachelor's Degree,36,,,₹1.73 L,,independent,21
Anna Nagar,IND,14,0,False,Dolli,G.Siva Kumar,Male,90458,Not Specified,46,,,₹1.93 L,,independent,21
Anna Nagar,IND,15,0,False,Dish antenna,M Selvamuthukumar,Male,90459,Bachelor's Degree,54,,,"₹17,305",,independent,21
Anna Nagar,IND,16,0,False,Ring,L Narendran,Male,90460,10th Grade (SSLC),58,,,₹4.00 L,,independent,21
Anna Nagar,IND,17,0,False,Chappals,J Nagaraj,Male,90461,Diploma / ITI,48,,,₹4.00 L,,independent,21
Anna Nagar,IND,18,0,False,Stool,M Manoharan,Male,90462,7th Grade,52,,,₹1.95 L,,independent,21
Anna Nagar,IND,19,0,False,Sitar,Mohammed Bilal Fathick,Male,90463,Bachelor's Degree,34,,,₹6.30 L,,independent,21
Anna Nagar,IND,20,0,False,Flute,Ramamoorthy E,Male,90464,Bachelor's Degree,44,,,₹10.46 L,,independent,21
Anna Nagar,IND,21,0,False,Pressure cooker,Rajendiran Naidu,Male,90465,Master's Degree,68,,,₹1.98 Cr,,independent,21
Anna Nagar,IND,22,0,False,Plate stand,S Vinesh Kumar,Male,90466,Bachelor's Degree,38,,,"₹90,000",,independent,21
Anna Nagar,IND,23,0,False,Computer,Janarthanan P,Male,90467,Bachelor's Degree,33,,,₹6.41 L,,independent,21
Anna Nagar,IND,24,0,False,Diamond,M Harishankar,Male,90468,Diploma / ITI,50,,,"₹42,792",,independent,21
Virugampakkam,NTK,1,0,False,Farmer Carrying Plough,Santhosh,Male,90469,12th Grade (HSC / +2),37,,,₹5.48 L,,ntk,22
Virugampakkam,DMK,2,0,False,Rising sun,Prabhakara Raja.A.M.V,Male,90470,Master's Degree,38,,,₹2.28 Cr,,spa,22
Virugampakkam,AIADMK,3,0,False,Two leaves,Virugai V.N.Ravi,Male,90471,Bachelor's Degree,63,,,₹4.85 Cr,,nda,22
Virugampakkam,TVK,4,0,False,Whistle,Sabarinathan.R,Male,90472,Bachelor's Degree,30,,,₹22.74 L,,tvk,22
Virugampakkam,TTNP,5,0,False,Bat,Sureshbabu.T.M,Male,90473,12th Grade (HSC / +2),64,,,₹90.79 L,,others,22
Virugampakkam,NIP,6,0,False,Spanner,Balamurugan.P,Male,90474,Bachelor's Degree,41,,,₹30.51 L,,others,22
Virugampakkam,TAVK,7,0,False,Camera,Muthuraj.T,Male,90475,5th Grade,41,,,₹1.41 Cr,,others,22
Virugampakkam,APTADMK,8,0,False,Jackfruit,Roy George,Male,90476,Diploma / ITI,63,,,₹82.75 L,,others,22
Virugampakkam,RPI (A),9,0,False,Ganna kisan,Jagadish.S,Male,90477,12th Grade (HSC / +2),28,,,"₹21,000",,others,22
Virugampakkam,IND,10,0,False,Gas Stove,Alex Pandian.K,Male,90478,Bachelor's Degree,27,,,₹nan,,independent,22
Virugampakkam,IND,11,0,False,Air conditioner,Esakkimuthunadar.P,Male,90479,Not Specified,68,,,"₹30,000",,independent,22
Virugampakkam,IND,12,0,False,Gas cylinder,Ezhilraj.D,Male,90480,Master's Degree,35,,,₹1.65 L,,independent,22
Virugampakkam,IND,13,0,False,Electric pole,Karthick.M,Male,90481,Master's Degree,32,,,₹5.28 L,,independent,22
Virugampakkam,IND,14,0,False,Balloon,Kumar.S,Male,90482,12th Grade (HSC / +2),57,,,₹15.01 L,,independent,22
Virugampakkam,IND,15,0,False,Diamond,Gopinath.G,Male,90483,Bachelor's Degree,37,,,₹2.95 L,,independent,22
Virugampakkam,IND,16,0,False,Box,Sankar.E,Male,90484,10th Grade (SSLC),54,,,₹3.17 Cr,,independent,22
Virugampakkam,IND,17,0,False,Ship,Chandra Sekar.K,Male,90485,12th Grade (HSC / +2),44,,,₹56.50 L,,independent,22
Virugampakkam,IND,18,0,False,Battery Torch,Sabarinathan.P,Male,90486,8th Grade,40,,,₹3.08 L,,independent,22
Virugampakkam,IND,19,0,False,Mike,Srinivasan.M,Male,90487,Master's Degree,35,,,"₹31,050",,independent,22
Virugampakkam,IND,20,0,False,School bag,Dineshkumar.N,Male,90488,Bachelor's Degree,34,,,₹12.33 L,,independent,22
Virugampakkam,IND,21,0,False,Pressure cooker,Rangaraj.G,Male,90489,12th Grade (HSC / +2),49,,,₹26.03 L,,independent,22
Virugampakkam,IND,22,0,False,Laptop,Ravikumar,Male,90490,Bachelor's Degree,47,,,₹1.55 Cr,,independent,22
Virugampakkam,IND,23,0,False,Coconut farm,Lukmanbabu.S,Male,90491,8th Grade,53,,,"₹93,000",,independent,22
Virugampakkam,IND,24,0,False,Head phone,Venkatesan.C,Male,90492,9th Grade,35,,,₹3.64 L,,independent,22
Saidapet,BSP,1,0,False,Elephant,Kumaran. G.P,Male,90493,12th Grade (HSC / +2),45,,,₹3.89 L,,others,23
Saidapet,DMK,2,0,True,Rising sun,Subramanian. Ma,Male,90494,Bachelor's Degree,66,,,₹1.07 Cr,,spa,23
Saidapet,NTK,3,0,False,Farmer Carrying Plough,Srividya. G,Female,90495,Bachelor's Degree,46,,,₹7.77 L,,ntk,23
Saidapet,TVK,4,0,False,Whistle,Arul Prakasam. M,Male,90496,10th Grade (SSLC),44,,,₹1.01 Cr,,tvk,23
Saidapet,AMMK,5,0,False,Pressure cooker,Senthamizhan. G,Male,90497,Not Specified,63,,,₹3.16 Cr,,nda,23
Saidapet,NIP,6,0,False,Spanner,Soundararajan. N,Male,90498,Master's Degree,35,,,₹35.56 L,,others,23
Saidapet,MGRMK,7,0,False,Helmet,Parthiban. S,Male,90499,10th Grade (SSLC),59,,,₹16.00 L,,others,23
Saidapet,IND,8,0,False,Bat,Anand. S,Male,90500,12th Grade (HSC / +2),54,,,₹1.32 L,,independent,23
Saidapet,IND,9,0,False,Sewing machine,Kandhasamy. R (Alias) Babu,Male,90501,8th Grade,57,,,₹9.35 L,,independent,23
Saidapet,IND,10,0,False,Brick,Prasad. N,Male,90502,Master's Degree,31,,,"₹55,000",,independent,23
Saidapet,IND,11,0,False,Gas cylinder,Prithviraj. A,Male,90503,10th Grade (SSLC),47,,,₹3.17 L,,independent,23
Saidapet,IND,12,0,False,Diamond,Yogaprakash. B,Male,90504,Bachelor's Degree,28,,,₹1.37 L,,independent,23
Saidapet,IND,13,0,False,Pen nib with seven rays,Raja. R,Male,90505,8th Grade,68,,,"₹60,000",,independent,23
Saidapet,IND,14,0,False,Air conditioner,Valarmathi. P,Female,90506,Bachelor's Degree,47,,,₹29.61 L,,independent,23
Saidapet,IND,15,0,False,Ship,Gingston. M,Male,90507,Bachelor's Degree,31,,,₹3.70 L,,independent,23
T Nagar,NTK,1,0,False,Farmer Carrying Plough,Anusha V,Female,90508,Bachelor's Degree,41,,,₹56.81 L,,ntk,24
T Nagar,AIADMK,2,0,False,Two leaves,Sathiyanarayanan B,Male,90509,Bachelor's Degree,62,,,₹nan,,nda,24
T Nagar,DMK,3,0,False,Rising sun,Raja Anbazhagan,Male,90510,Bachelor's Degree,46,,,₹36.33 Cr,,spa,24
T Nagar,TVK,4,0,False,Whistle,Anand N,Male,90511,9th Grade,62,,,₹2.05 Cr,,tvk,24
T Nagar,DMSK,5,0,False,Balloon,Ravi M L,Male,90512,Master's Degree,60,,,₹3.77 L,,others,24
T Nagar,IND,6,0,False,Pen nib with seven rays,Abukither M,Male,90513,10th Grade (SSLC),58,,,"₹47,000",,independent,24
T Nagar,IND,7,0,False,Shutter,Aravind Gosh Y T,Male,90514,Bachelor's Degree,49,,,₹47.31 L,,independent,24
T Nagar,IND,8,0,False,Camera,Easan Natarajan T,Male,90515,Master's Degree,42,,,₹6.91 L,,independent,24
T Nagar,IND,9,0,False,Brief case,Kumar Sri Sri B,Male,90516,Not Specified,49,,,₹nan,,independent,24
T Nagar,IND,10,0,False,Helmet,Sathish Kumar B,Male,90517,10th Grade (SSLC),42,,,₹1.50 L,,independent,24
T Nagar,IND,11,0,False,Crane,Gnanasekaran G,Male,90518,5th Grade,41,,,"₹6,300",,independent,24
T Nagar,IND,12,0,False,Shoe,Thennarasu P,Male,90519,Bachelor's Degree,46,,,"₹73,000",,independent,24
T Nagar,IND,13,0,False,Lunch box,Padmini Narasimhan,Female,90520,Not Specified,44,,,₹nan,,independent,24
T Nagar,IND,14,0,False,Gas cylinder,Badri S,Male,90521,Bachelor's Degree,43,,,₹76.59 L,,independent,24
T Nagar,IND,15,0,False,Cake,Balaji S,Male,90522,Bachelor's Degree,27,,,₹10.06 L,,independent,24
T Nagar,IND,16,0,False,Ring,Prasath D,Male,90523,10th Grade (SSLC),43,,,₹5.00 L,,independent,24
T Nagar,IND,17,0,False,Bread toaster,Manikandan T,Male,90524,10th Grade (SSLC),36,,,"₹78,000",,independent,24
T Nagar,IND,18,0,False,Ship,Manikandan N,Male,90525,Diploma / ITI,49,,,₹nan,,independent,24
T Nagar,IND,19,0,False,Road roller,Moorthy N,Male,90526,8th Grade,44,,,"₹56,000",,independent,24
T Nagar,IND,20,0,False,Belt,Mythili C,Female,90527,Bachelor's Degree,43,,,₹nan,,independent,24
T Nagar,IND,21,0,False,Tennis racket & ball,Ramkumar L,Male,90528,Bachelor's Degree,36,,,₹2.68 L,,independent,24
T Nagar,IND,22,0,False,Sitar,Ramachandran O N,Male,90529,Not Specified,29,,,₹3.67 L,,independent,24
T Nagar,IND,23,0,False,Television,Rajesh E,Male,90530,8th Grade,42,,,₹4.43 L,,independent,24
T Nagar,IND,24,0,False,Bat,Vetrivel K,Male,90531,Not Specified,36,,,₹7.38 L,,independent,24
T Nagar,IND,25,0,False,Pendulum,Jayavel,Male,90532,Master's Degree,40,,,₹1.35 L,,independent,24
T Nagar,IND,26,0,False,Wallet,Jothiraj G M,Male,90533,5th Grade,49,,,₹8.50 L,,independent,24
Mylapore,NTK,1,0,False,Farmer Carrying Plough,Arun. R.L,Male,90534,Bachelor's Degree,33,,,₹5.53 Cr,,ntk,25
Mylapore,BJP,2,0,False,Lotus,Tamilisai Soundararajan,Female,90535,Bachelor's Degree,64,,,₹3.77 Cr,,nda,25
Mylapore,BSP,3,0,False,Elephant,Balaji. V,Male,90536,12th Grade (HSC / +2),45,,,₹6.90 L,,others,25
Mylapore,DMK,4,0,True,Rising sun,Velu. Dha,Male,90537,Bachelor's Degree,55,,,₹1.48 Cr,,spa,25
Mylapore,TMMK,5,0,False,Matchbox,Devendran. R,Male,90538,Not Specified,61,,,"₹30,146",,others,25
Mylapore,AIJMK,6,0,False,Mixee,Nagarajan. S,Male,90539,Bachelor's Degree,54,,,"₹50,000",,others,25
Mylapore,TDK,7,0,False,Helmet,Moorthy. S,Male,90540,10th Grade (SSLC),57,,,₹92.39 L,,others,25
Mylapore,JJ,8,0,False,Green chilli,Mohanraj. J,Male,90541,Bachelor's Degree,74,,,₹1.00 Cr,,others,25
Mylapore,TVK,9,0,False,Whistle,Venkataramanan. P,Male,90542,Not Specified,48,,,₹3.89 Cr,,tvk,25
Mylapore,IND,10,0,False,Ship,Selvamuthu. S,Male,90543,Not Specified,69,,,₹14.95 L,,independent,25
Mylapore,IND,11,0,False,Cauliflower,Parthipan. G,Male,90544,8th Grade,61,,,₹8.32 L,,independent,25
Mylapore,IND,12,0,False,Box,Radhakrishnan. G,Male,90545,10th Grade (SSLC),46,,,₹76.31 L,,independent,25
Mylapore,IND,13,0,False,Letter box,Romanraj. A,Male,90546,12th Grade (HSC / +2),48,,,₹1.45 L,,independent,25
Mylapore,IND,14,0,False,Flute,Vinu Pradha. A,Female,90547,Master's Degree,42,,,₹1.32 Cr,,independent,25
Mylapore,IND,15,0,False,Sitar,Vijayalakshmi. P,Female,90548,Bachelor's Degree,46,,,₹58.00 L,,independent,25
Mylapore,IND,16,0,False,Bangles,Vijaya Krishna. V,Male,90549,Master's Degree,47,,,₹4.31 L,,independent,25
Mylapore,IND,17,0,False,Trumpet,Venkataraman. B,Male,90550,10th Grade (SSLC),57,,,₹5.00 L,,independent,25
Mylapore,IND,18,0,False,Dish antenna,Velu. K,Male,90551,10th Grade (SSLC),42,,,₹16.15 L,,independent,25
Mylapore,IND,19,0,False,Electric pole,Jayagopi. M,Male,90552,Bachelor's Degree,53,,,"₹43,500",,independent,25
Velachery,INC,1,0,False,Hand,Aassan Maulaana J.M.H,Male,90553,Master's Degree,42,,,₹nan,,spa,26
Velachery,AIADMK,2,0,False,Two leaves,Ashok. M.K,Male,90554,Master's Degree,54,,,₹nan,,nda,26
Velachery,NTK,3,0,False,Farmer Carrying Plough,Keerthana. M,Female,90555,Master's Degree,33,,,₹79.10 L,,ntk,26
Velachery,BSP,4,0,False,Elephant,Mohanraj. K,Male,90556,Bachelor's Degree,38,,,"₹8,560",,others,26
Velachery,TMMK,5,0,False,Matchbox,Kanchana. R,Female,90557,Master's Degree,48,,,₹17.27 L,,others,26
Velachery,TVK,6,0,False,Whistle,Kumar. R,Male,90558,Bachelor's Degree,60,,,₹96.04 Cr,,tvk,26
Velachery,PSS,7,0,False,Diamond,Poyyamozhi. M,Male,90559,12th Grade (HSC / +2),69,,,₹1.34 Cr,,others,26
Velachery,VTVTK,8,0,False,Pestle and mortar,Mani. M,Male,90560,7th Grade,49,,,₹1.07 L,,others,26
Velachery,TK,9,0,False,Balloon,Mohamed Yaseen. I,Male,90561,Bachelor's Degree,30,,,₹1.62 L,,others,26
Velachery,TAVK,10,0,False,Camera,Rokesh Kumar. V,Male,90562,Diploma / ITI,30,,,"₹17,500",,others,26
Velachery,IND,11,0,False,Sofa,Ashok. M,Male,90563,9th Grade,46,,,₹5.34 L,,independent,26
Velachery,IND,12,0,False,Calculator,Azarutheen. M,Male,90564,Bachelor's Degree,37,,,₹25.66 L,,independent,26
Velachery,IND,13,0,False,Chain,Ahammed Nazeer Khan,Male,90565,10th Grade (SSLC),40,,,"₹5,663",,independent,26
Velachery,IND,14,0,False,School bag,Kannan. K,Male,90566,Bachelor's Degree,53,,,₹11.76 L,,independent,26
Velachery,IND,15,0,False,Sitar,Kala Pethachi,Female,90567,Diploma / ITI,61,,,₹65.80 L,,independent,26
Velachery,IND,16,0,False,Dumbbells,Sarabeshwar Sisu. P,Male,90568,Bachelor's Degree,25,,,"₹10,000",,independent,26
Velachery,IND,17,0,False,Frying pan,Suresh K,Male,90569,8th Grade,49,,,"₹21,451",,independent,26
Velachery,IND,18,0,False,Gramophone,Diwakar. R,Male,90570,Bachelor's Degree,28,,,"₹20,000",,independent,26
Velachery,IND,19,0,False,Brief case,Deepak Ravi,Male,90571,Bachelor's Degree,31,,,"₹40,000",,independent,26
Velachery,IND,20,0,False,Baby walker,Bhaskar. G,Male,90572,8th Grade,47,,,"₹32,000",,independent,26
Velachery,IND,21,0,False,Air conditioner,Mohan. R,Male,90573,8th Grade,69,,,₹8.02 L,,independent,26
Velachery,IND,22,0,False,Gas cylinder,Radhakrishnan. D.R,Male,90574,Bachelor's Degree,43,,,"₹59,000",,independent,26
Velachery,IND,23,0,False,Electric pole,Rajasekar. S,Male,90575,12th Grade (HSC / +2),37,,,₹23.29 L,,independent,26
Velachery,IND,24,0,False,Ludo,Ritish,Male,90576,Diploma / ITI,36,,,"₹32,527",,independent,26
Velachery,IND,25,0,False,Pencil sharpener,Vignesh. M,Male,90577,Master's Degree,34,,,"₹40,330",,independent,26
Velachery,IND,26,0,False,Envelope,Vignesh. R,Male,90578,Bachelor's Degree,31,,,₹6.87 L,,independent,26
Velachery,IND,27,0,False,Chappals,Janagaraj Ravi Gunaseelan,Male,90579,12th Grade (HSC / +2),59,,,₹38.90 L,,independent,26
Shozhinganallur,DMK,1,0,True,Rising sun,S.Aravind Ramesh,Male,90580,10th Grade (SSLC),58,,,₹5.47 Cr,,spa,27
Shozhinganallur,AIADMK,2,0,False,Two leaves,K.P.Kandan,Male,90581,8th Grade,63,,,₹26.38 Cr,,nda,27
Shozhinganallur,BSP,3,0,False,Elephant,S.Pushna Kumar,Male,90582,10th Grade (SSLC),41,,,₹4.79 L,,others,27
Shozhinganallur,NTK,4,0,False,Farmer Carrying Plough,R Jayalakshmi,Female,90583,Master's Degree,39,,,₹2.09 Cr,,ntk,27
Shozhinganallur,NIP,5,0,False,Spanner,M.Alexandar,Male,90584,Diploma / ITI,43,,,₹1.49 L,,others,27
Shozhinganallur,DJMK,6,0,False,Gift pack,M.Christhu Dass,Male,90585,Bachelor's Degree,48,,,₹37.52 L,,others,27
Shozhinganallur,TVK,7,0,False,Whistle,Ecr P Saravanan,Male,90586,5th Grade,45,,,₹47.74 L,,tvk,27
Shozhinganallur,JJ,8,0,False,Battery Torch,M.G.Ramu,Male,90587,10th Grade (SSLC),59,,,"₹24,000",,others,27
Shozhinganallur,AIPTMMK,9,0,False,Coconut farm,K.Vishwanathan,Male,90588,Master's Degree,40,,,₹6.95 L,,ajpk,27
Shozhinganallur,IND,10,0,False,Bricks,R Ravichandran,Male,90589,8th Grade,60,,,₹10.30 L,,independent,27
Shozhinganallur,IND,11,0,False,Bucket,V.Kandhan,Male,90590,10th Grade (SSLC),46,,,₹53.60 L,,independent,27
Shozhinganallur,IND,12,0,False,Road roller,S.Karthik,Male,90591,12th Grade (HSC / +2),30,,,"₹48,000",,independent,27
Shozhinganallur,IND,13,0,False,Diamond,S.Govindhan,Male,90592,Bachelor's Degree,45,,,₹8.19 L,,independent,27
Shozhinganallur,IND,14,0,False,Mike,P.Chandra Kanth,Male,90593,Master's Degree,32,,,₹nan,,independent,27
Shozhinganallur,IND,15,0,False,Ring,Chandrasekaran,Male,90594,Bachelor's Degree,41,,,"₹15,100",,independent,27
Shozhinganallur,IND,16,0,False,Throwing a javelin,D.Srinivasan,Male,90595,Not Specified,46,,,₹nan,,independent,27
Shozhinganallur,IND,17,0,False,Chess board,G Suresh Kumar,Male,90596,Master's Degree,39,,,₹33.06 L,,independent,27
Shozhinganallur,IND,18,0,False,Pen nib with seven rays,N.Prashantha Rao,Male,90597,Not Specified,33,,,₹12.83 L,,independent,27
Shozhinganallur,IND,19,0,False,Matchbox,A.Mohammed Gani,Male,90598,8th Grade,45,,,₹2.15 L,,independent,27
Shozhinganallur,IND,20,0,False,Electric pole,Mutharasan,Male,90599,Bachelor's Degree,39,,,₹4.17 L,,independent,27
Shozhinganallur,IND,21,0,False,Iron,E.Murali B.A,Male,90600,Bachelor's Degree,48,,,₹4.67 L,,independent,27
Shozhinganallur,IND,22,0,False,Ship,R.Yogeshwaran,Male,90601,12th Grade (HSC / +2),35,,,₹3.17 L,,independent,27
Shozhinganallur,IND,23,0,False,Bat,Ramanathan M,Male,90602,Not Specified,30,,,₹6.22 L,,independent,27
Shozhinganallur,IND,24,0,False,Water melon,Rajesh,Male,90603,Bachelor's Degree,26,,,₹8.20 L,,independent,27
Shozhinganallur,IND,25,0,False,Laptop,E.Vijay,Male,90604,Not Specified,31,,,₹nan,,independent,27
Shozhinganallur,IND,26,0,False,Gas cylinder,Farmer Jayaraman S K J,Male,90605,12th Grade (HSC / +2),50,,,₹2.83 Cr,,independent,27
Shozhinganallur,IND,27,0,False,Football player,Jaikumar Balachandran,Male,90606,10th Grade (SSLC),35,,,"₹23,500",,independent,27
Alandur,DMK,1,0,True,Rising sun,T.M.Anbarasan,Male,90607,10th Grade (SSLC),66,,,₹8.30 Cr,,spa,28
Alandur,AIADMK,2,0,False,Two leaves,S.Saravanan,Male,90608,8th Grade,37,,,₹2.69 L,,nda,28
Alandur,NTK,3,0,False,Farmer Carrying Plough,Y.G.Mahalakshmi,Female,90609,Bachelor's Degree,33,,,₹9.69 L,,ntk,28
Alandur,NMK,4,0,False,Pen nib with seven rays,J.Agni Selvarasu,Male,90610,Doctorate (Ph.D / MD),43,,,₹44.05 L,,others,28
Alandur,IDMK,5,0,False,Gas cylinder,Aravind Chandrasekar,Male,90611,Master's Degree,41,,,₹3.09 L,,others,28
Alandur,NIP,6,0,False,Spanner,B.Kalyanaramkumar,Male,90612,Master's Degree,37,,,₹2.41 L,,others,28
Alandur,TAVK,7,0,False,Camera,S.Royappan,Male,90613,Bachelor's Degree,48,,,₹4.20 L,,others,28
Alandur,PT,8,0,False,Television,A.Velusamy,Male,90614,5th Grade,46,,,"₹12,000",,others,28
Alandur,AIPTMMK,9,0,False,Coconut farm,N.Hari Krishnan,Male,90615,Not Specified,50,,,₹4.55 L,,ajpk,28
Alandur,TVK,10,0,False,Whistle,M.Harish,Male,90616,Bachelor's Degree,31,,,₹1.24 Cr,,tvk,28
Alandur,IND,11,0,False,Well,V.Anbarasan,Male,90617,Bachelor's Degree,37,,,₹5.19 L,,independent,28
Alandur,IND,12,0,False,Electric pole,A.Saravanan,Male,90618,10th Grade (SSLC),36,,,₹2.49 L,,independent,28
Alandur,IND,13,0,False,Batsman,S.Saravanan,Male,90619,8th Grade,37,,,₹2.69 L,,independent,28
Alandur,IND,14,0,False,Grapes,D.Saravanan,Male,90620,10th Grade (SSLC),56,,,"₹50,080",,independent,28
Alandur,IND,15,0,False,Road roller,R.Saravanan,Male,90621,10th Grade (SSLC),42,,,₹1.42 L,,independent,28
Alandur,IND,16,0,False,Cutting pliers,R.Suresh,Male,90622,Bachelor's Degree,39,,,₹2.05 L,,independent,28
Alandur,IND,17,0,False,Ship,Senkodi Vijayalakshmi,Female,90623,Master's Degree,43,,,"₹1,000",,independent,28
Alandur,IND,18,0,False,Scissors,R.Selvakumar,Male,90624,Not Specified,32,,,₹nan,,independent,28
Alandur,IND,19,0,False,Box,G.Daniel Antonyraj,Male,90625,Not Specified,41,,,₹53.48 L,,independent,28
Alandur,IND,20,0,False,Peas,Mahesh Kumar,Male,90626,12th Grade (HSC / +2),26,,,₹1.50 L,,independent,28
Alandur,IND,21,0,False,Pen stand,G.Ramanan,Male,90627,Bachelor's Degree,30,,,₹23.30 L,,independent,28
Alandur,IND,22,0,False,Hand cart,K.Velayudham,Male,90628,10th Grade (SSLC),48,,,₹1.87 L,,independent,28
Alandur,IND,23,0,False,Tea filter,M.Harish,Male,90629,Bachelor's Degree,25,,,"₹53,128",,independent,28
Sriperumbudur,NTK,1,0,False,Farmer Carrying Plough,M.Sindhu Ezhilarasan,Female,90630,Bachelor's Degree,32,,,₹47.16 L,,ntk,29
Sriperumbudur,INC,2,0,True,Hand,K.Selvaperunthagai,Male,90631,Bachelor's Degree,65,,,₹42.79 Cr,,spa,29
Sriperumbudur,AIADMK,3,0,False,Two leaves,K.Palani,Male,90632,5th Grade,64,,,₹22.01 L,,nda,29
Sriperumbudur,AIADMSK,4,0,False,Telephone,A.Guruanandhan,Male,90633,10th Grade (SSLC),34,,,₹nan,,others,29
Sriperumbudur,TAVK,5,0,False,Camera,A.Gnanasekaran,Male,90634,Bachelor's Degree,36,,,₹4.21 L,,others,29
Sriperumbudur,CPI(ML),6,0,False,Flag with three stars,M.Tamilarasan,Male,90635,Not Specified,30,,,₹39.57 L,,others,29
Sriperumbudur,TVK,7,0,False,Whistle,Thennarasu.K,Male,90636,10th Grade (SSLC),36,,,₹11.63 L,,tvk,29
Sriperumbudur,AIPTMMK,8,0,False,Coconut farm,D.Purushothaman,Male,90637,Bachelor's Degree,41,,,₹63.08 L,,ajpk,29
Sriperumbudur,IND,9,0,False,Scissors,Elangovan Sivakumar,Male,90638,Bachelor's Degree,43,,,₹9.43 L,,independent,29
Sriperumbudur,IND,10,0,False,Electric pole,J.Nithya,Female,90639,Bachelor's Degree,33,,,₹nan,,independent,29
Sriperumbudur,IND,11,0,False,Box,E.Murugan,Male,90640,9th Grade,49,,,₹3.89 L,,independent,29
Sriperumbudur,IND,12,0,False,Water tank,G.Rajathi,Female,90641,Bachelor's Degree,37,,,₹5.45 L,,independent,29
Sriperumbudur,IND,13,0,False,Air conditioner,P.Vedhagiri,Male,90642,5th Grade,55,,,"₹81,901",,independent,29
Pallavaram,NTK,1,0,False,Farmer Carrying Plough,Dr.R.Karthikeyan,Male,90643,Doctorate (Ph.D / MD),38,,,₹6.65 Cr,,ntk,30
Pallavaram,BSP,2,0,False,Elephant,N.Bharathi,Female,90644,Bachelor's Degree,25,,,₹500,,others,30
Pallavaram,DMDK,3,0,False,Nagara,D.Murugesan,Male,90645,9th Grade,62,,,₹11.60 L,,spa,30
Pallavaram,AIADMK,4,0,False,Two leaves,V.Venkatesan,Male,90646,Doctorate (Ph.D / MD),54,,,₹33.90 Cr,,nda,30
Pallavaram,NIP,5,0,False,Spanner,T.Amirtha Kanthan,Male,90647,Diploma / ITI,44,,,₹26.36 L,,others,30
Pallavaram,DMSK,6,0,False,Balloon,M.L.Ravi,Male,90648,Master's Degree,60,,,₹3.77 L,,others,30
Pallavaram,TVK,7,0,False,Whistle,J.Kamatchi,Female,90649,10th Grade (SSLC),44,,,₹25.52 Cr,,tvk,30
Pallavaram,PT,8,0,False,Gas cylinder,A.Thangaraj,Male,90650,Bachelor's Degree,65,,,₹1.13 Cr,,others,30
Pallavaram,IDMK,9,0,False,Battery Torch,G.Rameshbabu,Male,90651,12th Grade (HSC / +2),52,,,₹1.20 L,,others,30
Pallavaram,TAVK,10,0,False,Camera,S.Rahamathulla,Male,90652,Diploma / ITI,36,,,₹17.71 L,,others,30
Pallavaram,NMK,11,0,False,Pen nib with seven rays,B.Rajeswari,Female,90653,12th Grade (HSC / +2),50,,,₹46.17 L,,others,30
Pallavaram,AIPTMMK,12,0,False,Coconut farm,R.Rajkumar,Male,90654,Not Specified,56,,,₹39.43 L,,ajpk,30
Pallavaram,IND,13,0,False,Electric pole,M.Sankar,Male,90655,5th Grade,51,,,₹6.35 L,,independent,30
Pallavaram,IND,14,0,False,Telephone,S.Sathiyaraj,Male,90656,Bachelor's Degree,31,,,₹7.12 L,,independent,30
Pallavaram,IND,15,0,False,Pestle and mortar,M.Sivakumar,Male,90657,Bachelor's Degree,34,,,₹61.34 L,,independent,30
Pallavaram,IND,16,0,False,Ship,S.Sundaramoorthy Pandiyar,Male,90658,12th Grade (HSC / +2),61,,,₹14.27 L,,independent,30
Pallavaram,IND,17,0,False,Bricks,R.Muthukumar,Male,90659,10th Grade (SSLC),49,,,"₹1,000",,independent,30
Pallavaram,IND,18,0,False,Water melon,P.Ravichandran,Male,90660,Bachelor's Degree,47,,,₹19.55 L,,independent,30
Pallavaram,IND,19,0,False,Road roller,N.Ramkumar,Male,90661,Diploma / ITI,35,,,"₹55,000",,independent,30
Pallavaram,IND,20,0,False,Noodles bowl,Rajesh T R,Male,90662,Bachelor's Degree,33,,,₹4.27 L,,independent,30
Pallavaram,IND,21,0,False,Flute,S.Vetri Vel,Male,90663,Bachelor's Degree,30,,,₹5.61 L,,independent,30
Pallavaram,IND,22,0,False,Diamond,R.Jawahar,Male,90664,Master's Degree,61,,,₹45.99 L,,independent,30
Pallavaram,IND,23,0,False,Matchbox,G.John Pandian,Male,90665,12th Grade (HSC / +2),46,,,₹6.69 L,,independent,30
Tambaram,AIADMK,1,0,False,Two leaves,C.Rajendran,Male,90666,Bachelor's Degree,65,,,₹7.33 Cr,,nda,31
Tambaram,DMK,2,0,False,Rising sun,R.S.Kiruthika Devi,Female,90667,Bachelor's Degree,55,,,₹12.89 Cr,,spa,31
Tambaram,NTK,3,0,False,Farmer Carrying Plough,S.Tamilchelvi,Female,90668,Doctorate (Ph.D / MD),63,,,₹2.29 Cr,,ntk,31
Tambaram,BSP,4,0,False,Elephant,M.Raja,Male,90669,10th Grade (SSLC),27,,,₹10.90 L,,others,31
Tambaram,TVK,5,0,False,Whistle,D.Sarathkumar,Male,90670,Bachelor's Degree,34,,,₹nan,,tvk,31
Tambaram,VTVTK,6,0,False,Pestle and mortar,Sivaraman.S,Male,90671,Bachelor's Degree,62,,,₹30.81 L,,others,31
Tambaram,NIP,7,0,False,Spanner,Thambiraj.E,Male,90672,Master's Degree,39,,,₹1.48 L,,others,31
Tambaram,DMA,8,0,False,Ship,S.Parthiban,Male,90673,9th Grade,35,,,₹6.22 L,,others,31
Tambaram,TAVK,9,0,False,Camera,P.Pon Raja,Male,90674,9th Grade,43,,,₹18.62 L,,others,31
Tambaram,IND,10,0,False,Diamond,S.Karthik,Male,90675,Bachelor's Degree,31,,,"₹26,000",,independent,31
Tambaram,IND,11,0,False,Gas cylinder,Sarathkumar. R,Male,90676,Bachelor's Degree,31,,,₹48.90 L,,independent,31
Tambaram,IND,12,0,False,Electric pole,T.Dhivakaran,Male,90677,10th Grade (SSLC),49,,,"₹10,000",,independent,31
Tambaram,IND,13,0,False,Sewing machine,S.Balasubramanian,Male,90678,10th Grade (SSLC),45,,,₹2.55 L,,independent,31
Tambaram,IND,14,0,False,Football player,R.Ravikumar,Male,90679,9th Grade,61,,,"₹35,000",,independent,31
Tambaram,IND,15,0,False,Mixee,M.Jacob,Male,90680,12th Grade (HSC / +2),48,,,₹15.52 L,,independent,31
Chengalpattu,NTK,1,0,False,Farmer Carrying Plough,Amutha.N,Female,90681,Bachelor's Degree,56,,,₹23.63 L,,ntk,32
Chengalpattu,AIADMK,2,0,False,Two leaves,M.Gajendran,Male,90682,Bachelor's Degree,47,,,₹4.26 Cr,,nda,32
Chengalpattu,DMK,3,0,False,Rising sun,Karthikdhandapani,Male,90683,Bachelor's Degree,43,,,₹3.69 Cr,,spa,32
Chengalpattu,BSP,4,0,False,Elephant,S.Saravanan,Male,90684,Not Specified,46,,,₹4.22 L,,others,32
Chengalpattu,TAVK,5,0,False,Camera,S.Selvam (A) Chella,Male,90685,Bachelor's Degree,44,,,₹38.07 L,,others,32
Chengalpattu,TVK,6,0,False,Whistle,S.Thiyagarajan,Male,90686,Bachelor's Degree,37,,,₹61.15 L,,tvk,32
Chengalpattu,IND,7,0,False,Peas,M.Anandan,Male,90687,10th Grade (SSLC),41,,,₹1.20 L,,independent,32
Chengalpattu,IND,8,0,False,Ship,A.Esakkiappan,Male,90688,Bachelor's Degree,44,,,₹2.28 L,,independent,32
Chengalpattu,IND,9,0,False,Air conditioner,Karthick.A,Male,90689,Diploma / ITI,33,,,₹29.66 L,,independent,32
Chengalpattu,IND,10,0,False,Electric pole,G.Christopher,Male,90690,Bachelor's Degree,29,,,"₹21,000",,independent,32
Chengalpattu,IND,11,0,False,Bat,S.Delhi Babu,Male,90691,Master's Degree,51,,,₹2.66 L,,independent,32
Chengalpattu,IND,12,0,False,Stapler,T.Prem Balaji,Male,90692,Bachelor's Degree,51,,,"₹83,419",,independent,32
Chengalpattu,IND,13,0,False,Coconut farm,V.Ramakrishnan,Male,90693,Diploma / ITI,45,,,₹15.65 L,,independent,32
Chengalpattu,IND,14,0,False,Water melon,C.Vimalraj,Male,90694,Master's Degree,34,,,₹1.81 L,,independent,32
Chengalpattu,IND,15,0,False,Nail cutter,P.George Devadoss,Male,90695,Bachelor's Degree,48,,,₹12.45 L,,independent,32
Thiruporur,NTK,1,0,False,Farmer Carrying Plough,Ambeth Rajan,Male,90696,Bachelor's Degree,70,,,₹3.03 Cr,,ntk,33
Thiruporur,VCK,2,0,False,Pot,R.Panneerdoss,Male,90697,Bachelor's Degree,57,,,₹10.73 Cr,,spa,33
Thiruporur,BSP,3,0,False,Elephant,Dr.D.Vinoth Kumar,Male,90698,12th Grade (HSC / +2),36,,,₹19.21 L,,others,33
Thiruporur,MAMK,4,0,False,Gas cylinder,A.Selvaraj,Male,90699,Not Specified,46,,,₹nan,,others,33
Thiruporur,SP,5,0,False,Boat with man and sail,V.Desappan,Male,90700,9th Grade,43,,,₹7.27 L,,others,33
Thiruporur,PMK,6,0,False,Mango,K.Balu,Male,90701,Bachelor's Degree,55,,,₹5.01 Cr,,nda,33
Thiruporur,TVK,7,0,False,Whistle,B.Vijayaraj,Male,90702,Bachelor's Degree,32,,,₹35.70 L,,tvk,33
Thiruporur,IND,8,0,False,Ship,V M Chandiran,Male,90703,Bachelor's Degree,34,,,₹1.19 L,,independent,33
Thiruporur,IND,9,0,False,Table,S.Gnanasekaran,Male,90704,Bachelor's Degree,33,,,₹6.15 L,,independent,33
Thiruporur,IND,10,0,False,Cauliflower,D.Panneerselvam,Male,90705,9th Grade,48,,,₹5.08 L,,independent,33
Thiruporur,IND,11,0,False,CCTV Camera,S.Meshak,Male,90706,8th Grade,46,,,₹94.93 L,,independent,33
Cheyyur,VCK,1,0,False,Pot,Sinthanai Selvan,Male,90707,Not Specified,61,,,₹1.41 Cr,,spa,34
Cheyyur,NTK,2,0,False,Farmer Carrying Plough,Swathilakshmi Sekar,Female,90708,Bachelor's Degree,31,,,₹5.39 L,,ntk,34
Cheyyur,AIADMK,3,0,False,Two leaves,Rajasekar. E,Male,90709,Not Specified,64,,,₹189.00 Cr,,nda,34
Cheyyur,TAVK,4,0,False,Camera,Gangadurai. K,Male,90710,9th Grade,39,,,₹16.00 L,,others,34
Cheyyur,AIPTMMK,5,0,False,Coconut farm,Murugavel. A,Male,90711,Bachelor's Degree,49,,,₹2.58 L,,ajpk,34
Cheyyur,TVK,6,0,False,Whistle,Mohan Raja.M.G.K,Male,90712,Diploma / ITI,46,,,₹81.92 L,,tvk,34
Cheyyur,IND,7,0,False,CCTV Camera,Ambethkar. S,Male,91989,6th Grade,46,,,"₹52,000",,independent,34
Cheyyur,IND,8,0,False,Pen drive,Arun. C,Male,90714,12th Grade (HSC / +2),37,,,"₹10,000",,independent,34
Cheyyur,IND,9,0,False,Water tank,Ezhil. E,Male,90715,10th Grade (SSLC),34,,,"₹52,000",,independent,34
Cheyyur,IND,10,0,False,Diesel pump,Krishnakanth. E,Male,90716,10th Grade (SSLC),32,,,"₹81,000",,independent,34
Cheyyur,IND,11,0,False,Diamond,Gopikrishna. D,Male,90717,Bachelor's Degree,39,,,₹nan,,independent,34
Cheyyur,IND,12,0,False,Bucket,Raja. K,Male,90718,10th Grade (SSLC),40,,,₹3.06 L,,independent,34
Cheyyur,IND,13,0,False,Matchbox,Jegan. M,Male,90719,Not Specified,31,,,₹nan,,independent,34
Madurantakam,DMK,1,0,False,Rising sun,S.Amulu Ponmalar,Female,90720,10th Grade (SSLC),48,,,₹24.00 L,,spa,35
Madurantakam,AIADMK,2,0,True,Two leaves,Maragatham Kumaravel.K,Female,90721,Master's Degree,44,,,₹79.53 L,,nda,35
Madurantakam,BSP,3,0,False,Elephant,Neelam E.Ramkumar,Male,90722,Bachelor's Degree,36,,,₹8.23 L,,others,35
Madurantakam,NTK,4,0,False,Farmer Carrying Plough,G.Janakiraman,Male,90723,Master's Degree,33,,,₹5.16 L,,ntk,35
Madurantakam,TVK,5,0,False,Whistle,Ezhil Katharine Ezhilmalai,Female,90724,Master's Degree,53,,,₹74.75 L,,tvk,35
Madurantakam,AIPTMMK,6,0,False,Coconut farm,R.Sugan,Male,90725,Diploma / ITI,39,,,₹1.91 L,,ajpk,35
Madurantakam,TAVK,7,0,False,Camera,S.Punniyakotti,Male,93640,7th Grade,32,,,₹3.29 L,,others,35
Madurantakam,IND,8,0,False,Ship,M.Kadirvel,Male,90727,Master's Degree,62,,,"₹12,000",,independent,35
Madurantakam,IND,9,0,False,Diamond,Ranjitham.M,Female,90728,10th Grade (SSLC),49,,,₹5.55 L,,independent,35
Uthiramerur,DMK,1,0,True,Rising sun,Sundar.K,Male,90729,Bachelor's Degree,71,,,₹nan,,spa,36
Uthiramerur,NTK,2,0,False,Farmer Carrying Plough,Maram Masilamani.B.S,Male,90730,Master's Degree,56,,,₹42.76 L,,ntk,36
Uthiramerur,DMSK,3,0,False,Balloon,Sivakumar.A,Male,90731,Master's Degree,44,,,₹1.60 Cr,,others,36
Uthiramerur,PMK,4,0,False,Mango,Mageshkumar.P,Male,90732,Bachelor's Degree,46,,,₹41.59 L,,nda,36
Uthiramerur,TVK,5,0,False,Whistle,Munirathinam.J,Male,90733,Bachelor's Degree,43,,,₹6.91 Cr,,tvk,36
Uthiramerur,TAVK,6,0,False,Camera,Jakirusan.D,Male,90734,Primary (Up to 4th),54,,,₹6.30 L,,others,36
Uthiramerur,IND,7,0,False,Wallet,Anbu.V,Male,90735,Bachelor's Degree,28,,,₹2.37 L,,independent,36
Uthiramerur,IND,8,0,False,Flute,Kamalakannan.K,Male,90736,9th Grade,28,,,₹9.52 L,,independent,36
Uthiramerur,IND,9,0,False,Batsman,Gunasekar.V,Male,90737,10th Grade (SSLC),36,,,₹4.46 L,,independent,36
Uthiramerur,IND,10,0,False,Matchbox,Cittibabu.R,Male,90738,8th Grade,59,,,₹1.16 L,,independent,36
Uthiramerur,IND,11,0,False,Water melon,Devarajan.C,Male,90739,9th Grade,57,,,₹4.11 L,,independent,36
Uthiramerur,IND,12,0,False,Hand cart,Deventhiramoorthy.S,Male,90740,6th Grade,68,,,"₹17,000",,independent,36
Uthiramerur,IND,13,0,False,Road roller,Magesh Kumar.T,Male,90741,Master's Degree,29,,,₹21.30 L,,independent,36
Uthiramerur,IND,14,0,False,Ship,Maheswari.J,Female,90742,Not Specified,37,,,"₹30,000",,independent,36
Kancheepuram,AIADMK,1,0,False,Two leaves,V.Somasundaram,Male,90743,5th Grade,57,,,"₹71,270",,nda,37
Kancheepuram,DMK,2,0,False,Rising sun,Nithya Sugumar,Female,90744,12th Grade (HSC / +2),38,,,₹nan,,spa,37
Kancheepuram,NTK,3,0,False,Farmer Carrying Plough,Vetriselvi,Female,90745,Master's Degree,52,,,₹44.31 L,,ntk,37
Kancheepuram,TVK,4,0,False,Whistle,R.V.Ranjithkumar,Male,90746,Bachelor's Degree,50,,,₹1.64 Cr,,tvk,37
Kancheepuram,ACDP,5,0,False,Jackfruit,M.Nandhakumar,Male,90747,Not Specified,31,,,₹nan,,others,37
Kancheepuram,TAVK,6,0,False,Camera,V.Naresh,Male,90748,9th Grade,36,,,₹88.90 L,,others,37
Kancheepuram,AIPTMMK,7,0,False,Coconut farm,P.Venkatesan,Male,90749,Diploma / ITI,46,,,₹1.98 L,,ajpk,37
Kancheepuram,IND,8,0,False,Bat,M.Somasundaram,Male,90750,8th Grade,43,,,"₹70,149",,independent,37
Kancheepuram,IND,9,0,False,Water melon,V.Somasundaram,Male,90751,8th Grade,43,,,"₹70,149",,independent,37
Kancheepuram,IND,10,0,False,Balloon,Gnanamoorthy,Male,90752,Not Specified,55,,,₹nan,,independent,37
Kancheepuram,IND,11,0,False,Bucket,C.Dillibabu,Male,90753,9th Grade,53,,,"₹31,141",,independent,37
Kancheepuram,IND,12,0,False,Diamond,E.Dhakshnamoorthy,Male,90754,Diploma / ITI,26,,,"₹40,329",,independent,37
Kancheepuram,IND,13,0,False,Pressure cooker,G.Babu,Male,90755,6th Grade,37,,,₹49.31 L,,independent,37
Kancheepuram,IND,14,0,False,Ring,M.Balaji,Male,90756,Bachelor's Degree,28,,,₹9.31 L,,independent,37
Kancheepuram,IND,15,0,False,Ship,M.Meganathan,Male,90757,10th Grade (SSLC),45,,,₹16.36 L,,independent,37
Arakkonam,VCK,1,0,False,Pot,Ezhil Caroline,Female,90758,Bachelor's Degree,56,,,₹8.66 Cr,,spa,38
Arakkonam,BSP,2,0,False,Elephant,P.Sudhakar,Male,90759,12th Grade (HSC / +2),47,,,"₹89,000",,others,38
Arakkonam,AIADMK,3,0,True,Two leaves,S.Ravi,Male,90760,Bachelor's Degree,62,,,₹34.69 L,,nda,38
Arakkonam,NTK,4,0,False,Farmer Carrying Plough,K.Rajkumar,Male,90761,10th Grade (SSLC),29,,,₹1.05 Cr,,ntk,38
Arakkonam,TVK,5,0,False,Whistle,V.Gandhiraj,Male,90762,Bachelor's Degree,52,,,₹3.33 Cr,,tvk,38
Arakkonam,TAVK,6,0,False,Camera,N.Lakshmipathy,Male,90763,Bachelor's Degree,54,,,"₹20,000",,others,38
Arakkonam,AJPK,7,0,False,Gas cylinder,Vetrivel. M,Male,90764,Bachelor's Degree,52,,,₹nan,,ajpk,38
Arakkonam,IND,8,0,False,Balloon,P.Govindaraj,Male,90765,12th Grade (HSC / +2),49,,,₹2.56 L,,independent,38
Arakkonam,IND,9,0,False,Stapler,M.Santhanam,Male,90766,Not Specified,38,,,₹1.83 L,,independent,38
Arakkonam,IND,10,0,False,Road roller,N.Praveenkumar,Male,90767,Bachelor's Degree,29,,,₹1.55 L,,independent,38
Arakkonam,IND,11,0,False,Pendulum,M.Manikandan,Male,90768,Bachelor's Degree,33,,,₹4.33 L,,independent,38
Arakkonam,IND,12,0,False,Ship,T.Muralidharan,Male,90769,Bachelor's Degree,44,,,"₹6,000",,independent,38
Arakkonam,IND,13,0,False,Scissors,G.Mohan,Male,90770,10th Grade (SSLC),65,,,"₹22,305",,independent,38
Sholinghur,NTK,1,0,False,Farmer Carrying Plough,A.Ashok Kumar,Male,90771,Bachelor's Degree,36,,,"₹23,000",,ntk,39
Sholinghur,BSP,2,0,False,Elephant,M.Giridharan,Male,90772,Diploma / ITI,41,,,₹2.11 L,,others,39
Sholinghur,INC,3,0,True,Hand,A.M.Munirathinam,Male,90773,10th Grade (SSLC),70,,,₹92.48 Cr,,spa,39
Sholinghur,TVK,4,0,False,Whistle,G.Kapil,Male,90774,Not Specified,32,,,₹75.05 L,,tvk,39
Sholinghur,PMK,5,0,False,Mango,K.Saravanan,Male,90775,Bachelor's Degree,51,,,₹60.10 L,,nda,39
Sholinghur,TAVK,6,0,False,Camera,Sudhakar.K,Male,90776,Bachelor's Degree,47,,,₹28.48 L,,others,39
Sholinghur,VBA,7,0,False,Gas cylinder,S.Senthilkumar,Male,90777,12th Grade (HSC / +2),55,,,₹25.80 L,,others,39
Sholinghur,VTVTK,8,0,False,Pestle and mortar,R.Vinoth,Male,90778,10th Grade (SSLC),33,,,₹2.95 L,,others,39
Sholinghur,IND,9,0,False,Grapes,A.Anandan,Male,90779,Bachelor's Degree,36,,,₹3.05 L,,independent,39
Sholinghur,IND,10,0,False,Batsman,S.Ilayaraja,Male,90780,Bachelor's Degree,41,,,₹1.43 L,,independent,39
Sholinghur,IND,11,0,False,Rubber stamp,Kaviyarasan.Subiramani,Male,90781,Bachelor's Degree,33,,,₹2.34 L,,independent,39
Sholinghur,IND,12,0,False,Truck,N.Gopalakrishnan,Male,90782,12th Grade (HSC / +2),50,,,₹60.45 L,,independent,39
Sholinghur,IND,13,0,False,T.V.Remote,V.Sadhasivam,Male,90783,Diploma / ITI,50,,,₹10.61 L,,independent,39
Sholinghur,IND,14,0,False,Iron,Santhanam.R,Male,90784,6th Grade,44,,,₹3.92 L,,independent,39
Sholinghur,IND,15,0,False,Scissors,R.Sethupathi,Male,90785,Not Specified,33,,,"₹40,000",,independent,39
Sholinghur,IND,16,0,False,Diamond,M.Dinesh,Male,90786,10th Grade (SSLC),33,,,₹3.62 L,,independent,39
Sholinghur,IND,17,0,False,Stapler,A.Palani,Male,90787,10th Grade (SSLC),43,,,₹3.02 L,,independent,39
Sholinghur,IND,18,0,False,Capsicum,N.Mani,Male,90788,10th Grade (SSLC),48,,,₹7.30 L,,independent,39
Sholinghur,IND,19,0,False,Television,K.Munisamy,Male,90789,10th Grade (SSLC),49,,,"₹20,000",,independent,39
Sholinghur,IND,20,0,False,Bucket,V.Munirathinam,Male,90790,10th Grade (SSLC),56,,,"₹80,000",,independent,39
Sholinghur,IND,21,0,False,Flute,T.Rajendran,Male,90791,10th Grade (SSLC),54,,,"₹45,000",,independent,39
Sholinghur,IND,22,0,False,Water melon,M.Vijayan,Male,90792,6th Grade,42,,,₹4.23 L,,independent,39
Sholinghur,IND,23,0,False,Matchbox,V.Hemachandiran,Male,90793,Diploma / ITI,34,,,₹10.86 L,,independent,39
Katpadi,NTK,1,0,False,Farmer Carrying Plough,S.Thirukkumaran,Male,90794,Master's Degree,49,,,₹1.21 Cr,,ntk,40
Katpadi,DMK,2,0,True,Rising sun,Duraimurugan,Male,90795,Master's Degree,87,,,₹8.03 Cr,True,spa,40
Katpadi,BSP,3,0,False,Elephant,J.Ramesh,Male,90796,10th Grade (SSLC),53,,,₹6.33 L,,others,40
Katpadi,AIADMK,4,0,False,Two leaves,V.Ramu,Male,90797,Bachelor's Degree,63,,,₹8.68 Cr,,nda,40
Katpadi,TMMDK,5,0,False,Ship,Indu .W,Female,90798,Not Specified,31,,,₹10.50 L,,others,40
Katpadi,IDMK,6,0,False,Gas cylinder,Ganesan .P,Male,90799,5th Grade,45,,,"₹12,000",,others,40
Katpadi,AIPTMMK,7,0,False,Coconut farm,V.Chandran,Male,90800,10th Grade (SSLC),73,,,₹10.30 L,,ajpk,40
Katpadi,TVK,8,0,False,Whistle,Dr M Sudhakar,Male,90801,Not Specified,52,,,₹23.80 Cr,,tvk,40
Katpadi,TNIK,9,0,False,Ring,S.Balaji,Male,90802,Not Specified,32,,,₹nan,,others,40
Katpadi,IND,10,0,False,Electric pole,S.Raman,Male,90803,Diploma / ITI,70,,,₹1.12 L,,independent,40
Katpadi,IND,11,0,False,Jackfruit,Saravanan .D,Male,90804,12th Grade (HSC / +2),44,,,₹43.26 L,,independent,40
Katpadi,IND,12,0,False,Gramophone,M.Suthakar,Male,90805,10th Grade (SSLC),44,,,₹5.04 L,,independent,40
Katpadi,IND,13,0,False,Bat,Dhanasekar,Male,90806,10th Grade (SSLC),53,,,"₹10,000",,independent,40
Katpadi,IND,14,0,False,Diamond,Dhananchezhiyan,Male,90807,10th Grade (SSLC),45,,,₹14.20 L,,independent,40
Katpadi,IND,15,0,False,Peas,D.Ramu,Male,90808,Diploma / ITI,33,,,₹10.69 L,,independent,40
Ranipet,DMK,1,0,True,Rising sun,R.Gandhi,Male,90809,10th Grade (SSLC),80,,,₹91.04 Cr,,spa,41
Ranipet,BJP,2,0,False,Lotus,V.M.Karthikeyan,Male,90810,Bachelor's Degree,55,,,₹2.85 Cr,,nda,41
Ranipet,NTK,3,0,False,Farmer Carrying Plough,Thaarikha Salman,Female,90811,Bachelor's Degree,27,,,₹41.65 L,,ntk,41
Ranipet,BSP,4,0,False,Elephant,J.Jeniferjanet,Female,90812,Bachelor's Degree,28,,,₹10.42 L,,others,41
Ranipet,TVK,5,0,False,Whistle,Thahira,Female,90813,10th Grade (SSLC),40,,,"₹25,000",,tvk,41
Ranipet,ACDP,6,0,False,Ginger,S.Munisamy,Male,90814,Bachelor's Degree,46,,,₹18.54 L,,others,41
Ranipet,TAVK,7,0,False,Camera,N.Viswanathan,Male,90815,10th Grade (SSLC),33,,,₹7.81 L,,others,41
Ranipet,IND,8,0,False,Diamond,J.Hassain,Male,90816,Bachelor's Degree,82,,,₹80.75 L,,independent,41
Ranipet,IND,9,0,False,Tea filter,K.Sakthivel Nathan,Male,90817,12th Grade (HSC / +2),53,,,₹nan,,independent,41
Ranipet,IND,10,0,False,Frying pan,N.Sugumar,Male,90818,8th Grade,42,,,₹nan,,independent,41
Ranipet,IND,11,0,False,Ship,V.Suresh,Male,90819,6th Grade,47,,,₹nan,,independent,41
Ranipet,IND,12,0,False,CCTV Camera,V.Dharmendiran,Male,90820,Bachelor's Degree,49,,,₹90.25 L,,independent,41
Ranipet,IND,13,0,False,Matchbox,A.Nareshkumar,Male,90821,7th Grade,42,,,₹69.98 L,,independent,41
Ranipet,IND,14,0,False,Gas cylinder,J.Mohan,Male,90822,12th Grade (HSC / +2),39,,,₹2.46 L,,independent,41
Ranipet,IND,15,0,False,Pestle and mortar,S.Jayaprakash,Male,90823,8th Grade,70,,,₹78.40 L,,independent,41
Arcot,NTK,1,0,False,Farmer Carrying Plough,Archana Narasimman,Female,90824,Not Specified,32,,,₹nan,,ntk,42
Arcot,DMK,2,0,True,Rising sun,J.L.Eswarappan,Male,90825,Bachelor's Degree,47,,,₹6.09 Cr,,spa,42
Arcot,AIADMK,3,0,False,Two leaves,S.M.Sukumar,Male,90826,10th Grade (SSLC),65,,,₹23.51 Cr,,nda,42
Arcot,BSP,4,0,False,Elephant,M.Vasanthakumar,Male,90827,Bachelor's Degree,33,,,"₹5,554",,others,42
Arcot,VBA,5,0,False,Diamond,V.Gandhi,Male,90828,10th Grade (SSLC),54,,,₹1.55 L,,others,42
Arcot,AJPK,6,0,False,Gas cylinder,S.P.Shanmugam,Male,90829,Bachelor's Degree,56,,,₹15.88 L,,ajpk,42
Arcot,ACDP,7,0,False,Ship,V.Seetharaman,Male,90830,10th Grade (SSLC),42,,,₹3.38 L,,others,42
Arcot,TVK,8,0,False,Whistle,G.Vijay Mohan,Male,91792,5th Grade,41,,,₹61.00 L,,tvk,42
Arcot,TAVK,9,0,False,Camera,P.Venkatesan,Male,90832,5th Grade,54,,,₹28.41 L,,others,42
Arcot,IND,10,0,False,Flute,R.Indhumathi,Female,90833,12th Grade (HSC / +2),44,,,₹70.20 L,,independent,42
Arcot,IND,11,0,False,Water melon,Eswarappan.M,Male,90834,Not Specified,44,,,"₹40,260",,independent,42
Arcot,IND,12,0,False,Grapes,V.Shanthi,Female,90835,9th Grade,62,,,₹nan,,independent,42
Arcot,IND,13,0,False,Door bell,K.Manikandan,Male,90836,10th Grade (SSLC),47,,,"₹60,000",,independent,42
Arcot,IND,14,0,False,Road roller,A.Vijay,Male,90837,Not Specified,30,,,"₹75,000",,independent,42
Vellore,AIADMK,1,0,False,Two leaves,S R K Appu,Male,90838,Bachelor's Degree,48,,,₹2.22 Cr,,nda,43
Vellore,DMK,2,0,False,Rising sun,P.Karthikeyan,Male,90839,5th Grade,65,,,₹29.32 Cr,,spa,43
Vellore,NTK,3,0,False,Farmer Carrying Plough,A.Soniya,Female,90840,Bachelor's Degree,25,,,₹8.57 L,,ntk,43
Vellore,TAVK,4,0,False,Camera,S.M.Irshad,Male,90841,8th Grade,56,,,₹29.38 L,,others,43
Vellore,SFRBC,5,0,False,Laptop,S.Giridhara Prasad,Male,90842,Bachelor's Degree,56,,,₹18.40 L,,others,43
Vellore,APP,6,0,False,Bangles,K.Muniyappan,Male,90843,Master's Degree,74,,,₹30.10 L,,others,43
Vellore,VKVIP,7,0,False,Gas cylinder,K.M.Vinaayagam,Male,90844,Bachelor's Degree,52,,,₹23.35 L,,others,43
Vellore,NIP,8,0,False,Spanner,K.Vimala,Female,90845,Not Specified,41,,,"₹50,013",,others,43
Vellore,TVK,9,0,False,Whistle,M.M.Vinoth Kannan,Male,90846,10th Grade (SSLC),37,,,₹2.12 Cr,,tvk,43
Vellore,AMGRDMK,10,0,False,Pan,M.Vinothkumar,Male,90847,Diploma / ITI,34,,,"₹61,282",,others,43
Vellore,AIJMK,11,0,False,Binoculars,S.Appu,Male,90848,Bachelor's Degree,25,,,"₹46,500",,others,43
Vellore,IND,12,0,False,CCTV Camera,S.Madhan Kumar,Male,90849,Diploma / ITI,35,,,₹1.02 L,,independent,43
Vellore,IND,13,0,False,Flute,S.Rajkamal,Male,90850,Bachelor's Degree,31,,,₹12.31 L,,independent,43
Vellore,IND,14,0,False,Bat,M.Loganathan,Male,90851,Diploma / ITI,40,,,₹5.58 L,,independent,43
Vellore,IND,15,0,False,Water melon,U.Vijaya Kumar,Male,90852,Diploma / ITI,34,,,₹10.93 L,,independent,43
Anaikattu,DMK,1,0,True,Rising sun,A.P.Nandakumar,Male,90853,12th Grade (HSC / +2),57,,,₹nan,,spa,44
Anaikattu,NTK,2,0,False,Farmer Carrying Plough,M.Ravikumar,Male,90854,Not Specified,29,,,₹18.54 L,,ntk,44
Anaikattu,AIADMK,3,0,False,Two leaves,D.Velazhagan,Male,90855,10th Grade (SSLC),56,,,₹5.28 Cr,,nda,44
Anaikattu,NAMK,4,0,False,Gas Stove,R.Saravanan,Male,93091,7th Grade,47,,,₹2.65 L,,others,44
Anaikattu,TAVK,5,0,False,Camera,V.Vinothkanna,Male,90857,10th Grade (SSLC),44,,,₹2.50 L,,others,44
Anaikattu,AJPK,6,0,False,Green chilli,V.S.Venkatesh,Male,90858,Master's Degree,53,,,"₹50,396",,ajpk,44
Anaikattu,TVK,7,0,False,Whistle,R.Velmurugan,Male,90859,9th Grade,46,,,₹68.44 L,,tvk,44
Anaikattu,PT,8,0,False,Gas cylinder,P.Jayaseelan,Male,90860,Bachelor's Degree,42,,,"₹60,000",,others,44
Anaikattu,IND,9,0,False,Balloon,E.Suresh,Male,90861,Bachelor's Degree,40,,,₹nan,,independent,44
Anaikattu,IND,10,0,False,Bat,S.Selvamoorthy,Male,90862,Not Specified,65,,,₹13.50 L,,independent,44
Anaikattu,IND,11,0,False,Electric pole,M.Nandha Kumar,Male,90863,10th Grade (SSLC),38,,,₹1.77 L,,independent,44
Anaikattu,IND,12,0,False,Iron,K.Manoharan,Male,90864,8th Grade,55,,,₹1.59 L,,independent,44
Anaikattu,IND,13,0,False,Water tank,R.Ramesh,Male,90865,Not Specified,43,,,"₹1,000",,independent,44
Kilvaithinankuppam,DMK,1,0,False,Rising sun,Rajeswari. R,Female,90866,Not Specified,50,,,₹3.67 Cr,,spa,45
Kilvaithinankuppam,NTK,2,0,False,Farmer Carrying Plough,Kalaiyenthiri. R,Female,90867,Bachelor's Degree,35,,,"₹35,498",,ntk,45
Kilvaithinankuppam,AIADMK,3,0,False,Two leaves,Jegan Moorthy. M,Male,90868,Not Specified,59,,,₹63.97 L,,nda,45
Kilvaithinankuppam,AIPTMMK,4,0,False,Coconut farm,Anandalai Thangaraj. M,Male,90869,Master's Degree,67,,,₹27.05 L,,ajpk,45
Kilvaithinankuppam,TVK,5,0,False,Whistle,Thenral Kumar. E,Male,90870,Bachelor's Degree,34,,,₹1.17 Cr,,tvk,45
Kilvaithinankuppam,TAVK,6,0,False,Camera,Raja. M,Male,90871,10th Grade (SSLC),51,,,₹nan,,others,45
Kilvaithinankuppam,IND,7,0,False,Bucket,Kumaresan. L,Male,90872,10th Grade (SSLC),52,,,"₹55,000",,independent,45
Kilvaithinankuppam,IND,8,0,False,Almirah,Sathish. A,Male,90873,Bachelor's Degree,37,,,"₹32,000",,independent,45
Kilvaithinankuppam,IND,9,0,False,Batsman,Murugan. K.P,Male,90874,Not Specified,36,,,₹nan,,independent,45
Kilvaithinankuppam,IND,10,0,False,Brush,Jayashankar. J,Male,90875,9th Grade,37,,,"₹55,000",,independent,45
Kilvaithinankuppam,IND,11,0,False,Frying pan,Jaya Bharath. J,Male,90876,Bachelor's Degree,29,,,"₹55,000",,independent,45
Gudiyattam,NTK,1,0,False,Farmer Carrying Plough,J.Emalan,Male,90877,Master's Degree,73,,,₹27.08 L,,ntk,46
Gudiyattam,AIADMK,2,0,False,Two leaves,Paritha Purushothaman.G,Female,90878,Master's Degree,42,,,₹47.99 L,,nda,46
Gudiyattam,DMDK,3,0,False,Nagara,K.B.Pradap,Male,90879,Bachelor's Degree,46,,,₹57.84 L,,spa,46
Gudiyattam,BSP,4,0,False,Elephant,T.Poovarasan,Male,90880,10th Grade (SSLC),34,,,₹3.66 L,,others,46
Gudiyattam,PT,5,0,False,Gas cylinder,K.Asha,Female,90881,12th Grade (HSC / +2),40,,,₹2.13 L,,others,46
Gudiyattam,TVK,6,0,False,Whistle,K.Sindu,Female,90882,Master's Degree,37,,,₹10.01 L,,tvk,46
Gudiyattam,AIPTMMK,7,0,False,Coconut farm,K.Thabithal,Female,90883,Master's Degree,52,,,₹20.81 L,,ajpk,46
Gudiyattam,IND,8,0,False,Diamond,Subakaran.A,Male,90884,Bachelor's Degree,49,,,₹7.26 L,,independent,46
Gudiyattam,IND,9,0,False,Electric pole,M.Sumathi,Female,90885,10th Grade (SSLC),46,,,₹20.52 L,,independent,46
Gudiyattam,IND,10,0,False,Matchbox,Bharath Mathiruban,Male,90886,Bachelor's Degree,39,,,₹10.50 L,,independent,46
Gudiyattam,IND,11,0,False,Bat,A.Rajesh,Male,90887,10th Grade (SSLC),47,,,"₹52,000",,independent,46
Vaniyambadi,BSP,1,0,False,Elephant,Subramani.P,Male,90888,12th Grade (HSC / +2),65,,,₹nan,,others,47
Vaniyambadi,AIADMK,2,0,False,Two leaves,Sendhil Kumar.G,Male,90889,Master's Degree,42,,,₹4.99 Cr,,nda,47
Vaniyambadi,NTK,3,0,False,Farmer Carrying Plough,Murugesan.G,Male,90890,Diploma / ITI,33,,,₹11.69 L,,ntk,47
Vaniyambadi,AJPK,4,0,False,Gas cylinder,Anbarasu.P,Male,90891,Bachelor's Degree,34,,,₹27.01 L,,ajpk,47
Vaniyambadi,MAK,5,0,False,Pressure cooker,Sundarammal,Female,90892,Not Specified,66,,,"₹25,000",,others,47
Vaniyambadi,IUML,6,0,False,Ladder,Syed Farooq Basha Ssb,Male,90893,5th Grade,64,,,₹1.67 Cr,,spa,47
Vaniyambadi,TVK,7,0,False,Whistle,Syed Bhurhanudeen,Male,90894,Bachelor's Degree,36,,,₹nan,,tvk,47
Vaniyambadi,TAVK,8,0,False,Camera,Devendran.J,Male,90895,Diploma / ITI,53,,,₹nan,,others,47
Vaniyambadi,IND,9,0,False,Coconut farm,Abdul Wahid.A,Male,93422,7th Grade,60,,,"₹71,000",,independent,47
Vaniyambadi,IND,10,0,False,Mike,Srinivasan.A,Male,90897,Primary (Up to 4th),50,,,"₹29,875",,independent,47
Vaniyambadi,IND,11,0,False,Gift pack,Selvaraj.M,Male,90898,8th Grade,42,,,₹6.43 L,,independent,47
Vaniyambadi,IND,12,0,False,CCTV Camera,Naveen.R,Male,90899,Not Specified,26,,,₹12.81 L,,independent,47
Vaniyambadi,IND,13,0,False,Stumps,Manjunath.K,Male,90900,Not Specified,35,,,₹6.55 L,,independent,47
Vaniyambadi,IND,14,0,False,Laptop,Manoj.S,Male,90901,Bachelor's Degree,35,,,₹44.25 L,,independent,47
Vaniyambadi,IND,15,0,False,Ship,Rajesh.T,Male,90902,Bachelor's Degree,41,,,₹52.50 L,,independent,47
Ambur,NTK,1,0,False,Farmer Carrying Plough,Afshia Nasrin. S,Female,90903,Master's Degree,42,,,₹21.18 L,,ntk,48
Ambur,BSP,2,0,False,Elephant,Wazeer Ahmed. J,Male,90904,Not Specified,55,,,₹77.08 L,,others,48
Ambur,DMK,3,0,True,Rising sun,Vilwanathan. A.C,Male,90905,12th Grade (HSC / +2),66,,,₹43.02 L,,spa,48
Ambur,AIADMK,4,0,False,Two leaves,Venkatesan. R,Male,90906,Bachelor's Degree,61,,,₹4.10 Cr,,nda,48
Ambur,INL,5,0,False,Camera,Asadullah. B,Male,90907,10th Grade (SSLC),46,,,₹50.00 L,,others,48
Ambur,TVK,6,0,False,Whistle,Imthiyaz Pandarattudu Abdu,Male,90908,Master's Degree,41,,,₹13.42 L,,tvk,48
Ambur,AIMEIEM,7,0,False,Ship,Kareem Basha. A,Male,90909,Master's Degree,53,,,₹9.36 L,,others,48
Ambur,AIYDP,8,0,False,Ring,Govindhan. A,Male,90910,Not Specified,67,,,₹5.86 L,,others,48
Ambur,MAK,9,0,False,Pressure cooker,Sasi Reka. Y,Female,90911,10th Grade (SSLC),45,,,"₹25,000",,others,48
Ambur,AIPTMMK,10,0,False,Coconut farm,Haroon Rasheed Badu,Male,90912,7th Grade,36,,,₹13.50 L,,ajpk,48
Ambur,IND,11,0,False,Diamond,Kumaravel. P,Male,90913,Not Specified,50,,,₹1.05 L,,independent,48
Ambur,IND,12,0,False,Gas cylinder,Firdose Ahmed. M,Male,90914,10th Grade (SSLC),33,,,₹6.00 L,,independent,48
Ambur,IND,13,0,False,Bat,Mushtaq Ahmed Kutlappai,Male,90915,10th Grade (SSLC),51,,,₹nan,,independent,48
Ambur,IND,14,0,False,Pen nib with seven rays,Viswanathan. J,Male,90916,10th Grade (SSLC),46,,,₹12.12 L,,independent,48
Ambur,IND,15,0,False,Peas,Venkatesan. M,Male,90917,Diploma / ITI,33,,,₹12.40 L,,independent,48
Ambur,IND,16,0,False,Laptop,Srinath,Male,90918,Bachelor's Degree,34,,,"₹15,000",,independent,48
Jolarpet,DMK,1,0,False,Rising sun,Kavithadhandapani,Female,90919,Bachelor's Degree,42,,,₹1.42 Cr,,spa,49
Jolarpet,NTK,2,0,False,Farmer Carrying Plough,Sasirekha K,Female,90920,Bachelor's Degree,37,,,₹52.99 L,,ntk,49
Jolarpet,BSP,3,0,False,Elephant,Sivakumar V C,Male,90921,10th Grade (SSLC),51,,,"₹90,000",,others,49
Jolarpet,AIADMK,4,0,False,Two leaves,Veeramani K.C,Male,90922,10th Grade (SSLC),61,,,₹27.47 Cr,,nda,49
Jolarpet,AIUUK,5,0,False,Coconut farm,Kalasthiri S,Male,90923,10th Grade (SSLC),76,,,₹5.01 L,,others,49
Jolarpet,MNK,6,0,False,Ring,Krishnamoorthy D,Male,90924,Bachelor's Degree,44,,,₹24.96 L,,others,49
Jolarpet,TAVK,7,0,False,Camera,Sankar T.K,Male,90925,8th Grade,52,,,₹11.50 L,,others,49
Jolarpet,MAK,8,0,False,Pressure cooker,Sasi Reka Y,Female,90926,10th Grade (SSLC),45,,,₹nan,,others,49
Jolarpet,NMK,9,0,False,Pen nib with seven rays,Senthamilselvan M,Male,90856,Bachelor's Degree,32,,,₹1.20 L,,others,49
Jolarpet,TVK,10,0,False,Whistle,Munisamy C,Male,90928,5th Grade,40,,,₹nan,,tvk,49
Jolarpet,IND,11,0,False,Computer,Kavitha C,Female,90929,12th Grade (HSC / +2),42,,,"₹84,500",,independent,49
Jolarpet,IND,12,0,False,Bat,Kavitha T,Female,90930,Master's Degree,31,,,₹6.45 L,,independent,49
Jolarpet,IND,13,0,False,Jackfruit,Kamatchi S,Female,90931,10th Grade (SSLC),45,,,₹6.71 L,,independent,49
Jolarpet,IND,14,0,False,Mike,Chenrayan A,Male,90932,10th Grade (SSLC),66,,,"₹10,000",,independent,49
Jolarpet,IND,15,0,False,Diamond,Chenna Kesavan C,Male,90933,Master's Degree,46,,,₹1.24 L,,independent,49
Jolarpet,IND,16,0,False,Gas cylinder,Thangaraj P,Male,90934,Bachelor's Degree,69,,,₹8.80 L,,independent,49
Jolarpet,IND,17,0,False,Ship,Priya K,Female,90935,Diploma / ITI,29,,,₹20.00 L,,independent,49
Jolarpet,IND,18,0,False,Bricks,Mohanraj R,Male,90936,10th Grade (SSLC),26,,,₹14.50 L,,independent,49
Jolarpet,IND,19,0,False,Air conditioner,Veeramani H,Male,90937,9th Grade,68,,,₹8.51 L,,independent,49
Tirupattur,NTK,1,0,False,Farmer Carrying Plough,Arumugam. V,Male,90938,Bachelor's Degree,47,,,₹1.11 Cr,,ntk,50
Tirupattur,DMK,2,0,False,Rising sun,Nallathambi. A,Male,90939,10th Grade (SSLC),49,,,₹4.15 Cr,,spa,50
Tirupattur,BSP,3,0,False,Elephant,Rajiv Gandhi. S,Male,90940,Bachelor's Degree,41,,,"₹55,000",,others,50
Tirupattur,AIUUK,4,0,False,Coconut farm,Kalasthiri. S,Male,90941,10th Grade (SSLC),76,,,₹1.01 L,,others,50
Tirupattur,MNK,5,0,False,Bead necklace,Sathiyamoorthy. S,Male,90942,Master's Degree,73,,,₹1.57 Cr,,others,50
Tirupattur,AIYDP,6,0,False,Diamond,Sekar. N,Male,90943,5th Grade,64,,,₹9.12 L,,others,50
Tirupattur,AMMK,7,0,False,Pressure cooker,Gnanasekar. A,Male,90944,12th Grade (HSC / +2),54,,,₹104.14 Cr,,nda,50
Tirupattur,TVK,8,0,False,Whistle,Dr.Thirupathi. N,Male,90945,Not Specified,63,,,₹10.19 Cr,,tvk,50
Tirupattur,TAVK,9,0,False,Camera,Rajesh. S,Male,90946,12th Grade (HSC / +2),30,,,₹1.55 L,,others,50
Tirupattur,AJPK,10,0,False,Gas cylinder,Vijayakumar. G,Male,90947,Diploma / ITI,39,,,₹88.86 L,,ajpk,50
Tirupattur,IND,11,0,False,Almirah,Anjali. M,Female,90948,10th Grade (SSLC),37,,,₹14.14 L,,independent,50
Tirupattur,IND,12,0,False,Ludo,Govind. T.G,Male,90949,Master's Degree,27,,,₹nan,,independent,50
Tirupattur,IND,13,0,False,Battery Torch,Sankar. S,Male,90950,Bachelor's Degree,53,,,₹5.96 L,,independent,50
Tirupattur,IND,14,0,False,Balloon,Gnanasekaran. M,Male,90951,12th Grade (HSC / +2),44,,,"₹27,500",,independent,50
Tirupattur,IND,15,0,False,Chain,Gnanasekaran. R,Male,90952,12th Grade (HSC / +2),54,,,₹104.14 Cr,,independent,50
Tirupattur,IND,16,0,False,Wheel barrow,Thirupathi. C,Male,90953,8th Grade,43,,,"₹26,000",,independent,50
Tirupattur,IND,17,0,False,Road roller,Thirupathi. S,Male,90954,Bachelor's Degree,50,,,₹15.79 L,,independent,50
Tirupattur,IND,18,0,False,Bucket,Thirupathi. N,Male,90955,6th Grade,53,,,"₹26,500",,independent,50
Tirupattur,IND,19,0,False,Matchbox,Nallathambi. R,Male,90956,8th Grade,49,,,₹13.00 L,,independent,50
Tirupattur,IND,20,0,False,Mike,Balabharathi. S.V,Male,90957,12th Grade (HSC / +2),27,,,"₹69,369",,independent,50
Tirupattur,IND,21,0,False,Ship,Dr.Poovalagi. P,Female,90958,Not Specified,43,,,₹7.45 L,,independent,50
Tirupattur,IND,22,0,False,Bat,Mohan Raj. R,Male,90959,10th Grade (SSLC),26,,,₹14.50 L,,independent,50
Tirupattur,IND,23,0,False,Violin,Ragujoseph. J,Male,90960,Diploma / ITI,54,,,"₹37,000",,independent,50
Tirupattur,IND,24,0,False,Ring,Venkatesan. K,Male,90961,Bachelor's Degree,33,,,₹9.80 L,,independent,50
Uthangarai,INC,1,0,False,Hand,R Kuppusamy,Male,90962,10th Grade (SSLC),74,,,₹nan,,spa,51
Uthangarai,AIADMK,2,0,True,Two leaves,T M Tamilselvam,Male,90963,10th Grade (SSLC),52,,,₹47.60 L,,nda,51
Uthangarai,NTK,3,0,False,Farmer Carrying Plough,Mekala,Female,90964,Bachelor's Degree,31,,,₹2.32 L,,ntk,51
Uthangarai,TVK,4,0,False,Whistle,N Elaiyaraja,Male,90965,Not Specified,47,,,₹3.22 Cr,,tvk,51
Uthangarai,TAVK,5,0,False,Camera,K Thavaraj,Male,90966,7th Grade,41,,,₹3.23 L,,others,51
Uthangarai,TK,6,0,False,Matchbox,Palani R,Male,90967,Bachelor's Degree,36,,,₹2.95 L,,others,51
Uthangarai,BJCP,7,0,False,Stethoscope,Rameshwari,Female,90968,10th Grade (SSLC),45,,,₹58.12 L,,others,51
Uthangarai,AJPK,8,0,False,Gas cylinder,Vijiyal,Female,90969,8th Grade,44,,,₹nan,,ajpk,51
Uthangarai,IND,9,0,False,Mike,Kumaravel,Male,90970,Bachelor's Degree,41,,,₹1.09 Cr,,independent,51
Uthangarai,IND,10,0,False,Laptop,A Samraj,Male,90971,8th Grade,37,,,₹9.67 L,,independent,51
Uthangarai,IND,11,0,False,Coconut farm,Tamilmani,Male,90972,Master's Degree,38,,,₹2.33 Cr,,independent,51
Uthangarai,IND,12,0,False,Bat,Bakkiyaraj R,Male,90973,Not Specified,37,,,₹9.77 L,,independent,51
Uthangarai,IND,13,0,False,Carrom board,Muniraj,Male,90974,12th Grade (HSC / +2),67,,,₹15.06 L,,independent,51
Bargur,NTK,1,0,False,Farmer Carrying Plough,Kavinkumar. S,Male,90975,Bachelor's Degree,31,,,₹80.38 L,,ntk,52
Bargur,AIADMK,2,0,False,Two leaves,E.C.Govindarasan,Male,90976,9th Grade,56,,,₹3.58 Cr,,nda,52
Bargur,BSP,3,0,False,Elephant,D.Sivasankaran,Male,90977,10th Grade (SSLC),63,,,₹18.05 L,,others,52
Bargur,DMK,4,0,False,Rising sun,D.Mathiazhagan,Male,90978,Bachelor's Degree,59,,,₹nan,,spa,52
Bargur,TAVK,5,0,False,Camera,S.Albert Francis Xavier,Male,90979,Master's Degree,48,,,"₹55,000",,others,52
Bargur,RPI (A),6,0,False,Ganna kisan,A.Sudhakar,Male,90980,12th Grade (HSC / +2),43,,,"₹2,000",,others,52
Bargur,PAMK,7,0,False,Telephone,M.Nedunchezlian,Male,90981,Bachelor's Degree,35,,,₹15.56 L,,others,52
Bargur,AIYDP,8,0,False,Pen nib with seven rays,Mani. K,Male,90982,Not Specified,36,,,₹1.31 L,,others,52
Bargur,TVK,9,0,False,Whistle,E.Muralidharan,Male,90983,Bachelor's Degree,32,,,₹8.32 L,,tvk,52
Bargur,IND,10,0,False,Gas cylinder,K.Annadurai,Male,90984,Not Specified,40,,,₹7.00 L,,independent,52
Bargur,IND,11,0,False,Ship,Anitha Mayaperumal,Female,90985,Master's Degree,39,,,₹12.52 L,,independent,52
Bargur,IND,12,0,False,Jackfruit,D.Govindarajan,Male,90986,10th Grade (SSLC),57,,,₹3.49 Cr,,independent,52
Bargur,IND,13,0,False,Electric pole,E.C.Govindaraje,Male,90987,Not Specified,63,,,₹2.25 L,,independent,52
Bargur,IND,14,0,False,Laptop,S.Sasikumar,Male,90988,Doctorate (Ph.D / MD),46,,,"₹14,464",,independent,52
Bargur,IND,15,0,False,Mike,Mathesh. R,Male,90989,10th Grade (SSLC),32,,,₹5.10 L,,independent,52
Krishnagiri,AIADMK,1,0,True,Two leaves,Ashokkumar.K,Male,90990,10th Grade (SSLC),73,,,₹42.84 L,,nda,53
Krishnagiri,BSP,2,0,False,Elephant,Sivakumar.S,Male,90991,Master's Degree,42,,,₹45.31 L,,others,53
Krishnagiri,NTK,3,0,False,Farmer Carrying Plough,Suganthi,Female,90992,Bachelor's Degree,53,,,₹85.92 L,,ntk,53
Krishnagiri,INC,4,0,False,Hand,Chellakumar.A,Male,90993,Bachelor's Degree,66,,,₹12.31 Cr,,spa,53
Krishnagiri,VTK,5,0,False,Ring,Singaravelan Viswanathan,Male,90994,10th Grade (SSLC),51,,,₹9.47 L,,others,53
Krishnagiri,TMK,6,0,False,Well,Mangammal,Female,90995,Not Specified,27,,,"₹20,500",,others,53
Krishnagiri,TVK,7,0,False,Whistle,Mukundhan.P,Male,90996,Bachelor's Degree,41,,,₹33.67 L,,tvk,53
Krishnagiri,TAVK,8,0,False,Camera,Muthulakshmi Veerappan,Female,90997,7th Grade,56,,,"₹32,570",,others,53
Krishnagiri,TK,9,0,False,Matchbox,Advocate.Muthaiah.S,Male,90998,Bachelor's Degree,51,,,₹7.75 L,,others,53
Krishnagiri,IND,10,0,False,Bat,Kumaresan.M,Male,90999,9th Grade,51,,,₹29.95 L,,independent,53
Krishnagiri,IND,11,0,False,Gas cylinder,Chandramohan.K.M,Male,91000,10th Grade (SSLC),56,,,₹1.21 L,,independent,53
Krishnagiri,IND,12,0,False,Television,Sivan.C,Male,91001,Bachelor's Degree,36,,,₹25.25 L,,independent,53
Krishnagiri,IND,13,0,False,Coconut farm,Srinivasan.K,Male,91002,8th Grade,60,,,₹4.51 L,,independent,53
Krishnagiri,IND,14,0,False,Electric pole,Nanjundan.M,Male,91003,6th Grade,32,,,₹nan,,independent,53
Krishnagiri,IND,15,0,False,Bucket,Venkateshraja.E,Male,91004,Bachelor's Degree,63,,,₹1.98 Cr,,independent,53
Veppanahalli,DMK,1,0,False,Rising sun,Srinivasan.P.S,Male,91005,12th Grade (HSC / +2),49,,,₹72.22 L,,spa,54
Veppanahalli,NTK,2,0,False,Farmer Carrying Plough,Nagaraj.R,Male,91006,Bachelor's Degree,27,,,₹2.42 L,,ntk,54
Veppanahalli,AIADMK,3,0,False,Two leaves,Munusamy.K.P,Male,91007,Bachelor's Degree,75,,,₹93.35 L,,nda,54
Veppanahalli,TAVK,4,0,False,Camera,Iyappan.L,Male,91008,12th Grade (HSC / +2),39,,,₹21.42 L,,others,54
Veppanahalli,TVK,5,0,False,Whistle,Sampangi.S.R,Male,91009,10th Grade (SSLC),46,,,₹12.83 Cr,,tvk,54
Veppanahalli,TNIK,6,0,False,Football player,Senthilkumar.R,Male,91010,Not Specified,26,,,"₹18,025",,others,54
Veppanahalli,TMK,7,0,False,Well,Prajapathi Vijay.C,Male,91011,Bachelor's Degree,29,,,"₹26,000",,others,54
Veppanahalli,IND,8,0,False,Gas cylinder,Eshwaran.C,Male,91012,8th Grade,47,,,₹14.00 L,,independent,54
Veppanahalli,IND,9,0,False,Tiller,Govindaraj.G.J,Male,91013,10th Grade (SSLC),44,,,₹44.11 L,,independent,54
Veppanahalli,IND,10,0,False,Sitar,Manoharan.K.A,Male,91014,10th Grade (SSLC),48,,,₹6.00 L,,independent,54
Veppanahalli,IND,11,0,False,Road roller,Yuvaraj.K.P.U,Male,91015,Not Specified,42,,,₹1.46 Cr,,independent,54
Veppanahalli,IND,12,0,False,Television,Ramasamy.G.C,Male,91016,7th Grade,61,,,₹64.09 L,,independent,54
Veppanahalli,IND,13,0,False,Diamond,Venkatesan.C,Male,91017,9th Grade,35,,,₹3.64 L,,independent,54
Hosur,DMK,1,0,False,Rising sun,Sathya.S.A,Female,91018,10th Grade (SSLC),55,,,₹nan,,spa,55
Hosur,AIADMK,2,0,False,Two leaves,Balakrishnareddy. P,Male,91019,12th Grade (HSC / +2),57,,,₹68.53 Cr,,nda,55
Hosur,NTK,3,0,False,Farmer Carrying Plough,Stalin.R,Male,91020,Diploma / ITI,29,,,₹2.92 L,,ntk,55
Hosur,RPI (A),4,0,False,Ganna kisan,Surya. Y,Male,91021,Bachelor's Degree,37,,,₹28.24 L,,others,55
Hosur,TMK,5,0,False,Well,Ponnumani.R,Female,91022,Bachelor's Degree,31,,,"₹21,480",,others,55
Hosur,TVK,6,0,False,Whistle,Vendarkarasan.S,Male,91023,7th Grade,45,,,₹21.40 L,,tvk,55
Hosur,IND,7,0,False,Gas cylinder,Ganesh.M,Male,91024,Bachelor's Degree,41,,,₹2.03 L,,independent,55
Hosur,IND,8,0,False,Chappals,Dr.Shanmugam.A.R,Male,91025,Master's Degree,50,,,₹1.20 L,,independent,55
Hosur,IND,9,0,False,Jackfruit,Devappa.Y,Male,91026,10th Grade (SSLC),62,,,"₹67,000",,independent,55
Hosur,IND,10,0,False,Camera,Pattabirama. C,Male,91027,10th Grade (SSLC),51,,,₹24.25 L,,independent,55
Hosur,IND,11,0,False,Battery Torch,Masood.S,Male,91028,Master's Degree,34,,,₹61.76 L,,independent,55
Hosur,IND,12,0,False,Television,Mariya Francis.S,Male,91029,Master's Degree,36,,,₹nan,,independent,55
Hosur,IND,13,0,False,Coconut farm,Rajendran.P,Male,93537,7th Grade,40,,,₹21.52 L,,independent,55
Thalli,CPI,1,0,True,Ears of corn and sickle,Ramachandran. T,Male,91031,Bachelor's Degree,58,,,₹nan,,spa,56
Thalli,NTK,2,0,False,Farmer Carrying Plough,Narasimma Reddy,Male,91032,Not Specified,42,,,₹24.46 L,,ntk,56
Thalli,BJP,3,0,False,Lotus,Nagesh Kumar. C,Male,91033,Master's Degree,40,,,₹1.93 Cr,,nda,56
Thalli,TAVK,4,0,False,Camera,Ajith. G,Male,91034,12th Grade (HSC / +2),31,,,₹nan,,others,56
Thalli,TVK,5,0,False,Whistle,Suresh. G,Male,91035,9th Grade,46,,,₹6.62 L,,tvk,56
Thalli,AMK,6,0,False,Coconut farm,Jayaram. N,Male,91036,10th Grade (SSLC),48,,,₹6.50 L,,others,56
Thalli,IND,7,0,False,Ring,Asanraja. K,Male,91037,12th Grade (HSC / +2),35,,,"₹12,500",,independent,56
Thalli,IND,8,0,False,Bucket,Kumar. D.J,Male,91038,5th Grade,36,,,₹15.47 L,,independent,56
Thalli,IND,9,0,False,Jackfruit,Devappa. Y,Male,91039,10th Grade (SSLC),62,,,₹40.67 L,,independent,56
Thalli,IND,10,0,False,Computer,Jagan. M,Male,91040,Bachelor's Degree,39,,,₹32.92 L,,independent,56
Palacodu,AIADMK,1,0,True,Two leaves,Anbalagan. K.P,Male,91041,12th Grade (HSC / +2),67,,,₹1.09 Cr,,nda,57
Palacodu,DMK,2,0,False,Rising sun,Dnv Senthilkumar. S,Male,91042,Not Specified,48,,,₹3.59 Cr,,spa,57
Palacodu,NTK,3,0,False,Farmer Carrying Plough,Boopathi. R,Male,91043,Master's Degree,50,,,₹53.20 L,,ntk,57
Palacodu,TVK,4,0,False,Whistle,Gopi. R,Male,91044,Master's Degree,49,,,₹5.92 Cr,,tvk,57
Palacodu,TMK,5,0,False,Well,Palaniyammal. M,Female,91045,Not Specified,58,,,"₹20,500",,others,57
Palacodu,NMK,6,0,False,Pen nib with seven rays,Ramesh. P,Male,90927,9th Grade,48,,,₹17.76 L,,others,57
Palacodu,TAVK,7,0,False,Camera,Jayaraman Perumal. P,Male,91047,9th Grade,54,,,₹12.80 L,,others,57
Palacodu,IND,8,0,False,Dish antenna,Krishnan. L,Male,91048,10th Grade (SSLC),57,,,₹50.10 L,,independent,57
Palacodu,IND,9,0,False,Gas cylinder,Chinnasamy. N,Male,91049,12th Grade (HSC / +2),39,,,₹32.00 L,,independent,57
Palacodu,IND,10,0,False,Diamond,Senthilkumar. G,Male,91050,Bachelor's Degree,52,,,₹63.80 L,,independent,57
Palacodu,IND,11,0,False,Flute,Senthilkumar. K,Male,91051,Bachelor's Degree,48,,,₹7.79 L,,independent,57
Palacodu,IND,12,0,False,Ship,Perumal Munusamy. M,Male,91052,Bachelor's Degree,43,,,₹6.25 L,,independent,57
Palacodu,IND,13,0,False,Mixee,Madhappan. P,Male,91053,8th Grade,48,,,₹95.31 L,,independent,57
Palacodu,IND,14,0,False,Electric pole,Raman. M,Male,91054,10th Grade (SSLC),48,,,₹14.54 L,,independent,57
Pennagaram,BSP,1,0,False,Elephant,Ajith Kumar. S,Male,91055,Bachelor's Degree,27,,,₹5.90 L,,others,58
Pennagaram,INC,2,0,False,Hand,G.K.M.Tamilkumaran,Male,91056,Bachelor's Degree,48,,,₹nan,,spa,58
Pennagaram,NTK,3,0,False,Farmer Carrying Plough,Palaniyammal. T,Female,91057,Master's Degree,30,,,₹23.32 L,,ntk,58
Pennagaram,TMK,4,0,False,Well,Kannan. K,Male,91058,Bachelor's Degree,54,,,"₹22,000",,others,58
Pennagaram,TVK,5,0,False,Whistle,Gajendran. S,Male,91059,6th Grade,43,,,₹4.56 Cr,,tvk,58
Pennagaram,PMK,6,0,False,Mango,Selvam. V,Male,91060,Bachelor's Degree,52,,,₹3.56 Cr,,nda,58
Pennagaram,TAVK,7,0,False,Camera,Thavamani. C,Male,91061,10th Grade (SSLC),61,,,₹38.98 L,,others,58
Pennagaram,NMK,8,0,False,Pen nib with seven rays,Thirumurugan. P,Male,91046,Not Specified,48,,,₹nan,,others,58
Pennagaram,IND,9,0,False,Diamond,Annamalai. M,Male,91063,Master's Degree,29,,,₹3.15 L,,independent,58
Pennagaram,IND,10,0,False,Binoculars,Arunkumar. G,Male,91064,10th Grade (SSLC),41,,,₹4.86 L,,independent,58
Pennagaram,IND,11,0,False,Bricks,Elavarsan. A,Male,91065,Diploma / ITI,32,,,"₹3,500",,independent,58
Pennagaram,IND,12,0,False,Gas cylinder,Sakthivel. M,Male,91066,10th Grade (SSLC),42,,,₹11.65 L,,independent,58
Pennagaram,IND,13,0,False,Batsman,Selvam. V,Male,91067,Bachelor's Degree,52,,,₹3.56 Cr,,independent,58
Pennagaram,IND,14,0,False,Box,Sendrayan. G,Male,91068,8th Grade,63,,,₹nan,,independent,58
Pennagaram,IND,15,0,False,Swing,Gnanaselvam. S,Male,91069,10th Grade (SSLC),42,,,₹2.37 L,,independent,58
Pennagaram,IND,16,0,False,Neck tie,Tamilarasan. M,Male,91070,Bachelor's Degree,42,,,₹4.36 L,,independent,58
Pennagaram,IND,17,0,False,Matchbox,Tamilselvi. S,Female,91071,Master's Degree,65,,,₹59.23 L,,independent,58
Pennagaram,IND,18,0,False,Ship,Poomani. P,Female,91072,Not Specified,28,,,₹2.71 L,,independent,58
Pennagaram,IND,19,0,False,Road roller,Manivannan. S,Male,91073,Master's Degree,48,,,₹33.46 L,,independent,58
Pennagaram,IND,20,0,False,Sitar,Manoharan. K.A,Male,91074,10th Grade (SSLC),48,,,₹6.00 L,,independent,58
Pennagaram,IND,21,0,False,Scissors,Vilkrishnan. R,Male,91075,Not Specified,66,,,₹80.50 L,,independent,58
Pennagaram,IND,22,0,False,Refrigerator,Veerappan. M,Male,91076,7th Grade,65,,,₹12.50 L,,independent,58
Dharmapuri,DMDK,1,0,False,Nagara,Dr. Elangovan. V,Male,91077,Not Specified,76,,,₹1.10 Cr,,spa,59
Dharmapuri,NTK,2,0,False,Farmer Carrying Plough,Shanthalakshmi. K,Female,91078,Master's Degree,50,,,₹15.03 L,,ntk,59
Dharmapuri,AJPK,3,0,False,Gas cylinder,Saravanan. A,Male,91079,Bachelor's Degree,55,,,₹1.86 Cr,,ajpk,59
Dharmapuri,TMK,4,0,False,Water tank,Sivagami. G,Female,91080,10th Grade (SSLC),46,,,"₹30,500",,others,59
Dharmapuri,TVK,5,0,False,Whistle,Sivan. M,Male,91081,Primary (Up to 4th),51,,,₹86.77 L,,tvk,59
Dharmapuri,PMK,6,0,False,Mango,Sowmiya Anbumani,Female,91082,Doctorate (Ph.D / MD),55,,,₹48.11 Cr,,nda,59
Dharmapuri,TAVK,7,0,False,Camera,Prasanth. Dbj,Male,91083,Bachelor's Degree,35,,,₹nan,,others,59
Dharmapuri,VTK,8,0,False,Ring,Manikandan. S,Male,91084,Bachelor's Degree,45,,,₹64.25 L,,others,59
Dharmapuri,NMK,9,0,False,Pen nib with seven rays,Madhu. P,Male,91062,10th Grade (SSLC),49,,,₹nan,,others,59
Dharmapuri,IND,10,0,False,Chappals,Arumugam. Muni,Male,91086,6th Grade,51,,,₹42.51 L,,independent,59
Dharmapuri,IND,11,0,False,Bricks,Kumar. V,Male,91087,Bachelor's Degree,40,,,₹6.87 L,,independent,59
Dharmapuri,IND,12,0,False,Noodles bowl,Saravanan. G,Male,91088,9th Grade,56,,,₹4.40 L,,independent,59
Dharmapuri,IND,13,0,False,Frying pan,Sivam. R,Male,91089,Bachelor's Degree,54,,,₹5.50 L,,independent,59
Dharmapuri,IND,14,0,False,Sitar,Sivan. A,Male,91090,Diploma / ITI,34,,,₹4.16 L,,independent,59
Dharmapuri,IND,15,0,False,Gas Stove,Sundaramoorthy. M,Male,91091,10th Grade (SSLC),46,,,₹99.06 L,,independent,59
Dharmapuri,IND,16,0,False,Ludo,Thirupathi. M,Male,91092,Bachelor's Degree,32,,,₹13.00 L,,independent,59
Dharmapuri,IND,17,0,False,Well,Nagarajan. D,Male,91093,Bachelor's Degree,82,,,₹9.00 L,,independent,59
Dharmapuri,IND,18,0,False,Television,Palani. K,Male,91094,8th Grade,65,,,₹7.00 L,,independent,59
Dharmapuri,IND,19,0,False,Capsicum,Prabhakaran. M,Male,91095,8th Grade,42,,,₹6.08 L,,independent,59
Pappireddipatti,NTK,1,0,False,Farmer Carrying Plough,Archana Tamilaruvi,Female,91096,Bachelor's Degree,30,,,₹5.46 L,,ntk,60
Pappireddipatti,DMK,2,0,False,Rising sun,Palaniappan. P,Male,91097,Master's Degree,64,,,₹24.02 L,,spa,60
Pappireddipatti,AIADMK,3,0,False,Two leaves,Maragatham Vetrivel,Female,91098,12th Grade (HSC / +2),50,,,₹nan,,nda,60
Pappireddipatti,VTK,4,0,False,Ring,Ganesan. S,Male,91099,Diploma / ITI,45,,,₹2.65 L,,others,60
Pappireddipatti,AIPTMMK,5,0,False,Coconut farm,Chennakrishnan. V,Male,91100,12th Grade (HSC / +2),52,,,₹34.88 L,,ajpk,60
Pappireddipatti,TVK,6,0,False,Whistle,Thilagavathi. S,Female,91101,Master's Degree,33,,,₹38.79 L,,tvk,60
Pappireddipatti,TMK,7,0,False,Well,Poovarasu,Male,91102,10th Grade (SSLC),39,,,"₹25,000",,others,60
Pappireddipatti,NMK,8,0,False,Pen nib with seven rays,Jamunarani. M,Female,91085,12th Grade (HSC / +2),49,,,₹60.35 L,,others,60
Pappireddipatti,IND,9,0,False,Batsman,Sathish. S,Male,91104,Master's Degree,37,,,₹4.00 L,,independent,60
Pappireddipatti,IND,10,0,False,Bucket,Chinnasamy. P,Male,91105,Diploma / ITI,37,,,"₹75,000",,independent,60
Pappireddipatti,IND,11,0,False,Gas cylinder,Tamilraj. K,Male,91106,Bachelor's Degree,49,,,₹65.25 L,,independent,60
Pappireddipatti,IND,12,0,False,Diamond,Palaniappan. R,Male,91107,10th Grade (SSLC),49,,,₹5.55 L,,independent,60
Pappireddipatti,IND,13,0,False,Bead necklace,Murugan. S,Male,91108,Bachelor's Degree,53,,,₹1.76 L,,independent,60
Pappireddipatti,IND,14,0,False,Door bell,Moorthi. P,Male,91109,5th Grade,56,,,"₹66,000",,independent,60
Harur,NTK,1,0,False,Farmer Carrying Plough,Anitha. A,Female,91110,Diploma / ITI,45,,,₹9.02 L,,ntk,61
Harur,DMK,2,0,False,Rising sun,Shanmugam. A,Male,91111,Not Specified,62,,,₹27.76 L,,spa,61
Harur,AIADMK,3,0,True,Two leaves,Sampathkumar. V,Male,91112,Bachelor's Degree,52,,,₹17.33 L,,nda,61
Harur,BSP,4,0,False,Elephant,Nehru. G,Male,91113,Diploma / ITI,51,,,₹1.21 L,,others,61
Harur,NMK,5,0,False,Pen nib with seven rays,Karuthammal. S,Female,91103,Diploma / ITI,31,,,₹10.21 L,,others,61
Harur,TMK,6,0,False,Well,Kuppuraj. K,Male,91115,Bachelor's Degree,48,,,"₹20,500",,others,61
Harur,TAVK,7,0,False,Camera,Manila. S,Female,91116,10th Grade (SSLC),42,,,₹34.87 L,,others,61
Harur,RPI (A),8,0,False,Ganna kisan,Marikannu. C,Male,91117,Not Specified,47,,,"₹15,500",,others,61
Harur,TVK,9,0,False,Whistle,Rakesh. K,Male,91118,Master's Degree,40,,,₹3.28 L,,tvk,61
Harur,BJCP,10,0,False,Stethoscope,Venkatesh (A) Dr. V.K.Swamy,Male,91119,Master's Degree,45,,,₹58.12 L,,others,61
Harur,IND,11,0,True,Cauliflower,Sampath. K,Male,91120,Not Specified,67,,,₹1.00 L,,independent,61
Harur,IND,12,0,False,Jackfruit,Sampath. C,Male,91121,Not Specified,57,,,₹23.93 L,,independent,61
Harur,IND,13,0,False,Telephone,Thangavel. K,Male,91122,Master's Degree,50,,,₹nan,,independent,61
Harur,IND,14,0,False,Gas cylinder,Parthipan. P,Male,91123,Bachelor's Degree,57,,,₹3.00 L,,independent,61
Chengam,DMK,1,0,False,Rising sun,M.P.Giri,Male,91124,12th Grade (HSC / +2),51,,,₹8.69 Cr,,spa,62
Chengam,AIADMK,2,0,False,Two leaves,S.Velu,Male,91125,Bachelor's Degree,53,,,₹6.99 Cr,,nda,62
Chengam,NTK,3,0,False,Farmer Carrying Plough,J.Shoba,Female,91126,Master's Degree,31,,,₹14.91 L,,ntk,62
Chengam,RPI (A),4,0,False,Ganna kisan,C Selvan,Male,91127,9th Grade,44,,,₹17.69 L,,others,62
Chengam,TVK,5,0,False,Whistle,K Bharathidhasan,Male,91128,Bachelor's Degree,46,,,₹24.33 L,,tvk,62
Chengam,MSKK,6,0,False,T.V.Remote,K Manikandan,Male,91129,12th Grade (HSC / +2),30,,,₹nan,,others,62
Chengam,TAVK,7,0,False,Camera,C.Malathi,Female,91130,8th Grade,39,,,₹nan,,others,62
Chengam,IND,8,0,False,Sitar,A.Chidambaram,Male,91131,12th Grade (HSC / +2),42,,,₹5.15 L,,independent,62
Chengam,IND,9,0,False,Gas cylinder,P.Selvam,Male,91132,Master's Degree,47,,,"₹15,121",,independent,62
Chengam,IND,10,0,False,Scissors,D Dhilipkumar,Male,91133,Diploma / ITI,28,,,₹8.60 L,,independent,62
Chengam,IND,11,0,False,Tea filter,A.Bharathi,Male,91134,Bachelor's Degree,34,,,"₹20,000",,independent,62
Chengam,IND,12,0,False,Bricks,A Poongodi,Female,91135,12th Grade (HSC / +2),35,,,₹15.12 L,,independent,62
Chengam,IND,13,0,False,Rubber stamp,M.Mugilarasan,Male,91136,Bachelor's Degree,33,,,₹1.43 L,,independent,62
Chengam,IND,14,0,False,Room cooler,M.Raman Masilamani,Male,91137,5th Grade,63,,,₹60.55 L,,independent,62
Chengam,IND,15,0,False,Binoculars,K.Velu,Male,91138,10th Grade (SSLC),35,,,"₹20,000",,independent,62
Tiruvannamalai,BJP,1,0,False,Lotus,Elumalai. C,Male,91139,8th Grade,54,,,"₹30,000",,nda,63
Tiruvannamalai,BSP,2,0,False,Elephant,Raj. S,Male,91140,Not Specified,51,,,₹12.51 L,,others,63
Tiruvannamalai,NTK,3,0,False,Farmer Carrying Plough,Vignesh. S,Male,91141,Bachelor's Degree,33,,,₹nan,,ntk,63
Tiruvannamalai,DMK,4,0,False,Rising sun,Velu. E.V,Male,91142,Master's Degree,76,,,₹23.45 Cr,,spa,63
Tiruvannamalai,TVK,5,0,False,Whistle,Arul Arumugam,Male,91143,Master's Degree,43,,,₹nan,,tvk,63
Tiruvannamalai,VTVTK,6,0,False,Pestle and mortar,Kannan. P,Male,91144,8th Grade,49,,,"₹10,000",,others,63
Tiruvannamalai,TPMK,7,0,False,Drill machine,Nakkiran. A,Male,91145,Primary (Up to 4th),51,,,"₹10,000",,others,63
Tiruvannamalai,RPI (A),8,0,False,Ganna kisan,Benny Rajan. C.J,Male,91146,Bachelor's Degree,48,,,₹27.11 L,,others,63
Tiruvannamalai,TAVK,9,0,False,Camera,Malli. S,Female,91147,10th Grade (SSLC),30,,,₹4.10 L,,others,63
Tiruvannamalai,NMK,10,0,False,Pen nib with seven rays,Vijayakumar. S,Male,91114,Not Specified,47,,,₹1.10 L,,others,63
Tiruvannamalai,ACDP,11,0,False,Jackfruit,Velu. V,Male,91149,Bachelor's Degree,39,,,₹27.33 L,,others,63
Tiruvannamalai,IND,12,0,False,Tea filter,Arul. K,Male,91150,9th Grade,39,,,"₹30,000",,independent,63
Tiruvannamalai,IND,13,0,False,Kettle,Arul Anand. V,Male,91151,Diploma / ITI,48,,,₹21.38 L,,independent,63
Tiruvannamalai,IND,14,0,False,Belt,Anbalagan. M,Male,91152,12th Grade (HSC / +2),63,,,"₹8,505",,independent,63
Tiruvannamalai,IND,15,0,False,Helmet,Adhithya Palanisamy. A,Male,91153,Master's Degree,40,,,₹nan,,independent,63
Tiruvannamalai,IND,16,0,False,Dish antenna,Ananth. A.M,Male,91154,Bachelor's Degree,47,,,₹nan,,independent,63
Tiruvannamalai,IND,17,0,False,Electric pole,Elumalai. A S/O Arumugam,Male,91155,Not Specified,65,,,₹6.50 L,,independent,63
Tiruvannamalai,IND,18,0,False,Cauliflower,Elumalai. C S/O Chinnakuzhanthai,Male,91156,8th Grade,54,,,"₹30,000",,independent,63
Tiruvannamalai,IND,19,0,False,Frock,Elumalai. C S/O Chinnarasu,Male,91157,8th Grade,41,,,"₹30,000",,independent,63
Tiruvannamalai,IND,20,0,False,Scissors,Kothandapani. B,Male,91158,10th Grade (SSLC),48,,,₹8.26 L,,independent,63
Tiruvannamalai,IND,21,0,False,Diamond,Salam .M,Male,91159,8th Grade,71,,,"₹10,800",,independent,63
Tiruvannamalai,IND,22,0,False,Television,Palani. N,Male,91160,12th Grade (HSC / +2),52,,,"₹60,000",,independent,63
Tiruvannamalai,IND,23,0,False,Chess board,Maheswari. R,Female,91161,Bachelor's Degree,50,,,₹94.70 L,,independent,63
Tiruvannamalai,IND,24,0,False,Funnel,Marikkannu. E,Male,91162,Bachelor's Degree,33,,,"₹30,000",,independent,63
Tiruvannamalai,IND,25,0,False,Bat,Moorthy. P,Male,91163,8th Grade,43,,,₹nan,,independent,63
Tiruvannamalai,IND,26,0,False,Pressure cooker,Ramesh. V,Male,91164,Bachelor's Degree,61,,,₹70.67 L,,independent,63
Tiruvannamalai,IND,27,0,False,Coconut farm,Raja. V,Male,91165,6th Grade,50,,,"₹10,000",,independent,63
Tiruvannamalai,IND,28,0,False,Immersion rod,Vignesh. M,Male,91166,Bachelor's Degree,34,,,"₹95,000",,independent,63
Tiruvannamalai,IND,29,0,False,Brush,Venkatesan. M,Male,91167,Diploma / ITI,33,,,₹12.40 L,,independent,63
Tiruvannamalai,IND,30,0,False,Bench,Velu. K,Male,91168,8th Grade,42,,,₹1.97 L,,independent,63
Kilpennathur,AIADMK,1,0,False,Two leaves,Ramachandran.S,Male,91169,10th Grade (SSLC),65,,,₹12.42 Cr,,nda,64
Kilpennathur,DMK,2,0,False,Rising sun,Pitchandi.K,Male,91170,Master's Degree,71,,,₹7.95 Cr,,spa,64
Kilpennathur,NTK,3,0,False,Farmer Carrying Plough,Loganathan.V,Male,91171,Bachelor's Degree,40,,,₹1.10 Cr,,ntk,64
Kilpennathur,TPMK,4,0,False,Drill machine,Shanmugam.A,Male,91172,Not Specified,58,,,"₹10,000",,others,64
Kilpennathur,TAVK,5,0,False,Camera,Rajasekar.P,Male,91173,10th Grade (SSLC),41,,,₹1.75 L,,others,64
Kilpennathur,TVK,6,0,False,Whistle,Raja.D,Male,91174,Master's Degree,33,,,₹3.57 L,,tvk,64
Kilpennathur,ACDP,7,0,False,Water melon,Lokeshwaran.R,Male,91175,Diploma / ITI,27,,,₹6.50 L,,others,64
Kilpennathur,AJPK,8,0,False,Gas cylinder,Janakiraman.R,Male,91176,12th Grade (HSC / +2),61,,,₹3.46 L,,ajpk,64
Kilpennathur,IND,9,0,False,Batsman,Athiyamaan.M,Male,91177,Master's Degree,33,,,₹1.80 L,,independent,64
Kilpennathur,IND,10,0,False,Cauliflower,Ramachandran.K,Male,91178,Not Specified,55,,,₹3.40 L,,independent,64
Kilpennathur,IND,11,0,False,Balloon,Sasikumar.S,Male,91179,12th Grade (HSC / +2),49,,,₹7.71 L,,independent,64
Kilpennathur,IND,12,0,False,Cot,Santhoshkumar.E,Male,91180,10th Grade (SSLC),35,,,"₹96,600",,independent,64
Kilpennathur,IND,13,0,False,Capsicum,Sampathraj.M,Male,91181,Bachelor's Degree,46,,,₹4.55 L,,independent,64
Kilpennathur,IND,14,0,False,Tennis racket & ball,Suryaprakash.S,Male,91182,Doctorate (Ph.D / MD),34,,,₹8.99 L,,independent,64
Kilpennathur,IND,15,0,False,Scissors,Dhilipkumar.D,Male,91183,Diploma / ITI,28,,,₹8.60 L,,independent,64
Kilpennathur,IND,16,0,False,Bread,Pichandi.D,Male,91184,Bachelor's Degree,61,,,"₹90,450",,independent,64
Kilpennathur,IND,17,0,False,Carrom board,Pichandi.R,Male,91185,10th Grade (SSLC),55,,,"₹82,660",,independent,64
Kilpennathur,IND,18,0,False,Tiller,Pichandi.V,Male,91186,8th Grade,60,,,"₹82,660",,independent,64
Kilpennathur,IND,19,0,False,T.V.Remote,Murugan.M,Male,91187,12th Grade (HSC / +2),53,,,₹6.22 L,,independent,64
Kilpennathur,IND,20,0,False,Gas Stove,Ramachandran.K,Male,91188,10th Grade (SSLC),47,,,"₹51,108",,independent,64
Kilpennathur,IND,21,0,False,Cake,Ramachandiran.R,Male,91189,9th Grade,35,,,₹1.20 L,,independent,64
Kilpennathur,IND,22,0,False,Road roller,Rajasekar.I,Male,91190,10th Grade (SSLC),34,,,₹5.63 L,,independent,64
Kilpennathur,IND,23,0,False,Diamond,Rajkumar.R,Male,91191,Not Specified,38,,,₹1.00 L,,independent,64
Kalasapakkam,AIADMK,1,0,False,Two leaves,Agri Krishnamurthy. S S,Male,91192,Not Specified,56,,,₹4.96 L,,nda,65
Kalasapakkam,DMK,2,0,True,Rising sun,Saravanan. P.S.T,Male,91193,Master's Degree,57,,,₹nan,,spa,65
Kalasapakkam,NTK,3,0,False,Farmer Carrying Plough,Seetha Sivanandam. P,Female,91194,Master's Degree,36,,,₹3.67 L,,ntk,65
Kalasapakkam,TVK,4,0,False,Whistle,Elumalai. P,Male,91195,Bachelor's Degree,34,,,₹1.89 L,,tvk,65
Kalasapakkam,NMK,5,0,False,Pen nib with seven rays,Sathya. V,Female,91148,9th Grade,35,,,"₹90,000",,others,65
Kalasapakkam,TAVK,6,0,False,Camera,Saravanan. V,Male,91197,10th Grade (SSLC),39,,,₹1.86 L,,others,65
Kalasapakkam,AJPK,7,0,False,Gas cylinder,Suman. M,Male,91198,12th Grade (HSC / +2),43,,,₹21.50 L,,ajpk,65
Kalasapakkam,IND,8,0,False,Electric pole,Elumalai. S,Male,91199,10th Grade (SSLC),46,,,₹95.88 L,,independent,65
Kalasapakkam,IND,9,0,False,Bucket,Elumalai. T,Male,91200,12th Grade (HSC / +2),61,,,₹8.61 L,,independent,65
Kalasapakkam,IND,10,0,False,Pressure cooker,Kamaraj. G,Male,91201,10th Grade (SSLC),46,,,"₹41,034",,independent,65
Kalasapakkam,IND,11,0,False,Noodles bowl,Krishnamurthy. S,Male,91202,Not Specified,56,,,₹4.96 L,,independent,65
Kalasapakkam,IND,12,0,False,Peanuts,Krishnamurthy. M,Male,91203,5th Grade,54,,,₹4.00 L,,independent,65
Kalasapakkam,IND,13,0,False,Peas,Krishnamurthy. R,Male,91204,5th Grade,63,,,"₹15,500",,independent,65
Kalasapakkam,IND,14,0,False,Scissors,Kothandapani. B,Male,91205,10th Grade (SSLC),48,,,₹8.26 L,,independent,65
Kalasapakkam,IND,15,0,False,Air conditioner,Saravanan. K,Male,91206,10th Grade (SSLC),42,,,₹41.51 L,,independent,65
Kalasapakkam,IND,16,0,False,Cot,Santhakumaran. A,Male,91207,Bachelor's Degree,44,,,"₹40,000",,independent,65
Kalasapakkam,IND,17,0,False,Almirah,Deiveegan. P,Male,91208,12th Grade (HSC / +2),50,,,₹26.13 L,,independent,65
Kalasapakkam,IND,18,0,False,Water tank,Balaji. P,Male,91209,Not Specified,53,,,₹46.47 L,,independent,65
Kalasapakkam,IND,19,0,False,Well,Baskaran. R,Male,91210,Diploma / ITI,52,,,₹37.72 L,,independent,65
Kalasapakkam,IND,20,0,False,Jackfruit,Manikandan. K,Male,91211,Bachelor's Degree,29,,,₹11.38 L,,independent,65
Kalasapakkam,IND,21,0,False,Lady finger,Raja. N,Male,91212,Not Specified,52,,,₹nan,,independent,65
Polur,NTK,1,0,False,Farmer Carrying Plough,Umadevi. A,Female,91213,Not Specified,42,,,₹nan,,ntk,66
Polur,DMDK,2,0,False,Nagara,Saravanan. P,Male,91214,8th Grade,48,,,₹6.20 L,,spa,66
Polur,TVK,3,0,False,Whistle,Abishek. R,Male,91215,Bachelor's Degree,30,,,₹36.30 L,,tvk,66
Polur,VTVTK,4,0,False,Pestle and mortar,Shanmugavelu. A,Male,91216,10th Grade (SSLC),49,,,"₹10,000",,others,66
Polur,TAVK,5,0,False,Camera,Syed Mukram. R.N,Male,91371,5th Grade,39,,,₹5.88 L,,others,66
Polur,ACDP,6,0,False,Jackfruit,Dhavamani. P,Male,91218,Bachelor's Degree,56,,,₹77.43 L,,others,66
Polur,RPI (A),7,0,False,Ganna kisan,Banupriya. D,Female,91219,9th Grade,43,,,₹3.10 L,,others,66
Polur,PMK,8,0,False,Mango,Baskaran. C.R,Male,91220,Master's Degree,64,,,₹59.13 Cr,,nda,66
Polur,AJPK,9,0,False,Gas cylinder,Manikandan. R,Male,91221,Diploma / ITI,38,,,₹1.33 L,,ajpk,66
Polur,IND,10,0,False,Scissors,Ezhil Arasu. M M.A.L.L.M,Male,91222,Master's Degree,42,,,₹8.75 L,,independent,66
Polur,IND,11,0,False,Noodles bowl,Saravanan. P,Male,91223,8th Grade,48,,,₹6.20 L,,independent,66
Polur,IND,12,0,False,Pan,Saravanan. M,Male,91224,Bachelor's Degree,40,,,"₹15,000",,independent,66
Polur,IND,13,0,False,Diamond,Subha. A,Female,91225,12th Grade (HSC / +2),41,,,₹8.60 L,,independent,66
Polur,IND,14,0,False,Water melon,Baskaran. C,Male,91226,Bachelor's Degree,47,,,₹72.24 L,,independent,66
Polur,IND,15,0,False,Television,Purusothaman. M,Male,91227,Bachelor's Degree,43,,,"₹63,258",,independent,66
Arani,NTK,1,0,False,Farmer Carrying Plough,Dhavamani. R,Female,91228,Master's Degree,34,,,₹8.37 L,,ntk,67
Arani,DMK,2,0,False,Rising sun,Mahalakshmi Govarthanan,Female,91229,Bachelor's Degree,44,,,₹1.04 Cr,,spa,67
Arani,AIADMK,3,0,False,Two leaves,Jayasudha. L,Female,91230,12th Grade (HSC / +2),51,,,₹12.50 Cr,,nda,67
Arani,TPMK,4,0,False,Drill machine,Ganapathy. S,Male,91231,Not Specified,34,,,₹nan,,others,67
Arani,AJPK,5,0,False,Gas cylinder,Kalaimani. V,Male,91232,10th Grade (SSLC),45,,,₹19.51 L,,ajpk,67
Arani,TAVK,6,0,False,Camera,Suresh. S,Male,91233,8th Grade,36,,,"₹12,000",,others,67
Arani,VTVTK,7,0,False,Pestle and mortar,Selvakotti. E,Male,91234,5th Grade,46,,,₹6.10 L,,others,67
Arani,SMNK,8,0,False,Walking stick,Tamilmannan. D,Male,91235,10th Grade (SSLC),65,,,₹1.40 L,,others,67
Arani,TVK,9,0,False,Whistle,Venkatesh Kumar. D,Male,91236,Master's Degree,49,,,₹46.14 L,,tvk,67
Arani,IND,10,0,False,Scissors,Ammu. V,Female,91237,12th Grade (HSC / +2),52,,,₹12.15 L,,independent,67
Arani,IND,11,0,False,CCTV Camera,Ekambaram. V,Male,91238,10th Grade (SSLC),47,,,₹5.86 L,,independent,67
Arani,IND,12,0,False,Petrol pump,Sakthivel. S,Male,91239,10th Grade (SSLC),38,,,₹1.52 L,,independent,67
Arani,IND,13,0,False,Sitar,Saravanan. S,Male,91240,Not Specified,52,,,₹2.01 L,,independent,67
Arani,IND,14,0,False,Electric pole,Silambarasan. C,Male,91241,10th Grade (SSLC),36,,,"₹70,855",,independent,67
Arani,IND,15,0,False,Pressure cooker,Sudha. S,Female,91242,12th Grade (HSC / +2),41,,,₹1.33 L,,independent,67
Arani,IND,16,0,False,Bucket,Sethurama Sasthri. G,Male,91243,10th Grade (SSLC),46,,,₹50.00 L,,independent,67
Arani,IND,17,0,False,Peas,Dhamotharan. M,Male,91244,Bachelor's Degree,44,,,₹41.46 L,,independent,67
Arani,IND,18,0,False,Envelope,Baskaran. S,Male,91245,Bachelor's Degree,32,,,₹13.85 L,,independent,67
Arani,IND,19,0,False,Battery Torch,Mahalakshmi. G,Female,91246,Diploma / ITI,33,,,₹8.60 L,,independent,67
Arani,IND,20,0,False,Capsicum,Mahalakshmi. G,Female,91247,10th Grade (SSLC),37,,,"₹61,500",,independent,67
Arani,IND,21,0,False,Grapes,Vinoth. A,Male,91248,Not Specified,33,,,₹nan,,independent,67
Arani,IND,22,0,False,Frying pan,Venkatesan. P,Male,91249,Primary (Up to 4th),42,,,₹11.04 L,,independent,67
Arani,IND,23,0,False,Tiller,Jayanthi. E,Female,91250,12th Grade (HSC / +2),44,,,₹1.21 L,,independent,67
Arani,IND,24,0,False,Lady finger,Jayanthi. M,Female,91251,10th Grade (SSLC),52,,,₹1.43 L,,independent,67
Cheyyar,NTK,1,0,False,Farmer Carrying Plough,Tamilselvan. M,Male,91252,Bachelor's Degree,25,,,₹7.42 L,,ntk,68
Cheyyar,AIADMK,2,0,False,Two leaves,Mukkur N.Subramanian,Male,91253,Bachelor's Degree,66,,,₹46.82 L,,nda,68
Cheyyar,DMK,3,0,True,Rising sun,Jothi. O,Male,91254,Bachelor's Degree,55,,,₹44.46 L,,spa,68
Cheyyar,VTVTK,4,0,False,Pestle and mortar,Kuttimani. S,Male,91255,5th Grade,41,,,₹11.81 L,,others,68
Cheyyar,AIJMK,5,0,False,Mixee,Chandrasekaran. M,Male,91256,9th Grade,48,,,₹1.53 L,,others,68
Cheyyar,AJPK,6,0,False,Gas cylinder,Srinivasan. K,Male,91257,10th Grade (SSLC),46,,,₹2.28 Cr,,ajpk,68
Cheyyar,VBA,7,0,False,Diamond,Durugan. M,Male,91258,Bachelor's Degree,58,,,"₹35,000",,others,68
Cheyyar,TVK,8,0,False,Whistle,Dusi K Mohan,Male,91259,Bachelor's Degree,68,,,₹90.80 L,,tvk,68
Cheyyar,TAVK,9,0,False,Camera,Palani. M,Male,91260,10th Grade (SSLC),41,,,₹27.15 L,,others,68
Cheyyar,ACDP,10,0,False,Water melon,Ragupathi. S,Male,91261,Bachelor's Degree,58,,,₹4.37 L,,others,68
Cheyyar,ASMK,11,0,False,Tooth brush,Venkatesan. V,Male,91262,Master's Degree,70,,,₹12.30 L,,others,68
Cheyyar,IND,12,0,False,Scissors,Arjunan. M,Male,91263,9th Grade,50,,,₹4.45 L,,independent,68
Cheyyar,IND,13,0,False,Carrom board,Mohan. R,Male,91264,Bachelor's Degree,30,,,₹2.12 L,,independent,68
Vandavasi,DMK,1,0,True,Rising sun,Ambethkumar. S,Male,91265,10th Grade (SSLC),49,,,₹nan,,spa,69
Vandavasi,NTK,2,0,False,Farmer Carrying Plough,Ganesh. R,Male,91266,Bachelor's Degree,42,,,₹10.90 L,,ntk,69
Vandavasi,AIADMK,3,0,False,Two leaves,Rani. P,Female,91267,5th Grade,54,,,₹38.99 L,,nda,69
Vandavasi,TVK,4,0,False,Whistle,Udhayakumar. M,Male,91268,Diploma / ITI,32,,,₹36.18 L,,tvk,69
Vandavasi,TAVK,5,0,False,Camera,Thamarai Selvi. S,Female,91269,9th Grade,38,,,"₹50,000",,others,69
Vandavasi,ACDP,6,0,False,Tiller,Muthuselvam. V,Male,91270,Not Specified,38,,,₹nan,,others,69
Vandavasi,AJPK,7,0,False,Gas cylinder,Muthuperumal. K,Male,91271,Not Specified,33,,,₹58.95 L,,ajpk,69
Vandavasi,TK,8,0,False,Matchbox,Rakesh Sharma. R,Male,91272,Bachelor's Degree,37,,,₹3.30 L,,others,69
Vandavasi,IND,9,0,False,Carrom board,Ambedkar. T,Male,91273,Master's Degree,26,,,₹11.12 L,,independent,69
Vandavasi,IND,10,0,False,Scissors,Arjunan. M,Male,93788,9th Grade,50,,,₹10.00 L,,independent,69
Vandavasi,IND,11,0,False,Tooth brush,Udhayakumar. N,Male,91275,10th Grade (SSLC),36,,,₹nan,,independent,69
Vandavasi,IND,12,0,False,Saw,Kanniyappan. S,Male,91276,10th Grade (SSLC),56,,,"₹6,000",,independent,69
Vandavasi,IND,13,0,False,Gas Stove,Ponnambalam. P,Male,91277,Bachelor's Degree,56,,,"₹75,000",,independent,69
Vandavasi,IND,14,0,False,Peas,Rani. A,Female,91278,Not Specified,53,,,₹3.47 L,,independent,69
Vandavasi,IND,15,0,False,Pressure cooker,Jaisankar. M,Male,91279,7th Grade,43,,,"₹5,000",,independent,69
Gingee,NTK,1,0,False,Farmer Carrying Plough,Advocate Krishnan E,Male,91280,Bachelor's Degree,36,,,₹5.16 L,,ntk,70
Gingee,DMK,2,0,True,Rising sun,Gingee Masthan K S,Male,91281,8th Grade,70,,,₹1.19 Cr,,spa,70
Gingee,BSP,3,0,False,Elephant,Rangarajan E,Male,91282,Bachelor's Degree,45,,,₹16.30 L,,others,70
Gingee,TAVK,4,0,False,Camera,Rasanayagam N,Male,91283,12th Grade (HSC / +2),55,,,"₹20,000",,others,70
Gingee,PMK,5,0,False,Mango,Ganeshkumar A,Male,91284,Doctorate (Ph.D / MD),41,,,₹13.50 Cr,,nda,70
Gingee,TK,6,0,False,Matchbox,Sakthivel A,Male,91285,Not Specified,43,,,₹nan,,others,70
Gingee,TVK,7,0,False,Whistle,Chandrasekaran B,Male,91286,Bachelor's Degree,41,,,₹83.27 L,,tvk,70
Gingee,ACDP,8,0,False,Tiller,Thanigaimalai R,Male,91287,10th Grade (SSLC),56,,,₹91.58 L,,others,70
Gingee,AJPK,9,0,False,Gas cylinder,Perumal N,Male,91288,12th Grade (HSC / +2),56,,,₹13.50 L,,ajpk,70
Gingee,VTVTK,10,0,False,Pestle and mortar,Mohammad Siddiq M H,Male,91289,Not Specified,45,,,₹6.00 L,,others,70
Gingee,IND,11,0,False,Grapes,Gokulraj S,Male,91290,12th Grade (HSC / +2),29,,,₹nan,,independent,70
Gingee,IND,12,0,False,Tyres,Devendiran M,Male,91291,Bachelor's Degree,35,,,"₹15,000",,independent,70
Gingee,IND,13,0,False,Bucket,Banukumar R,Male,91292,Diploma / ITI,43,,,₹9.02 L,,independent,70
Gingee,IND,14,0,False,Water melon,Prabakaran M,Male,91293,10th Grade (SSLC),56,,,₹4.20 L,,independent,70
Gingee,IND,15,0,False,Gramophone,Poyyathappan K,Male,91294,Doctorate (Ph.D / MD),59,,,₹1.13 Cr,,independent,70
Gingee,IND,16,0,False,Television,Munusamy A,Male,91295,5th Grade,65,,,₹nan,,independent,70
Gingee,IND,17,0,False,Balloon,Mohan A,Male,91296,12th Grade (HSC / +2),55,,,₹21.14 L,,independent,70
Gingee,IND,18,0,False,Ship,Ramesh R,Male,91297,Master's Degree,31,,,"₹25,000",,independent,70
Gingee,IND,19,0,False,Capsicum,Sridhar G,Male,91298,Bachelor's Degree,43,,,₹nan,,independent,70
Mailam,AIADMK,1,0,False,Two leaves,Shanmugam C Ve,Male,91299,Bachelor's Degree,61,,,₹37.27 L,,nda,71
Mailam,BSP,2,0,False,Elephant,Ranjith Kumar M,Male,91300,12th Grade (HSC / +2),31,,,"₹15,000",,others,71
Mailam,NTK,3,0,False,Farmer Carrying Plough,Vidjaivikram S,Male,91301,Doctorate (Ph.D / MD),37,,,₹41.39 L,,ntk,71
Mailam,DMDK,4,0,False,Nagara,Venkatesan L,Male,91302,Master's Degree,58,,,₹5.70 Cr,,spa,71
Mailam,ACDP,5,0,False,Jackfruit,Ayyanar N,Male,91303,8th Grade,53,,,₹53.50 L,,others,71
Mailam,TAVK,6,0,False,Camera,Anandhababu M,Male,91304,10th Grade (SSLC),40,,,₹5.60 L,,others,71
Mailam,IKK,7,0,False,Gas cylinder,Suresh Kumar S,Male,91305,Master's Degree,47,,,₹7.66 L,,others,71
Mailam,AIPTMMK,8,0,False,Coconut farm,Sekar Nayakar I M,Male,91306,Bachelor's Degree,63,,,₹13.75 L,,ajpk,71
Mailam,NIP,9,0,False,Spanner,Divya P,Female,91307,Bachelor's Degree,32,,,₹5.76 L,,others,71
Mailam,DMSK,10,0,False,Mike,Purushothaman K,Male,91308,Not Specified,33,,,₹18.85 L,,others,71
Mailam,AMGRDMAK,11,0,False,Pan,Manavalan A,Male,91309,12th Grade (HSC / +2),40,,,₹nan,,others,71
Mailam,TK,12,0,False,Matchbox,Vinoth R,Male,91310,Bachelor's Degree,37,,,₹1.74 L,,others,71
Mailam,TVK,13,0,False,Whistle,Vijay Niranjan A,Male,91311,Master's Degree,28,,,₹68.19 L,,tvk,71
Mailam,IND,14,0,False,Electric pole,Karvannan K,Male,91312,Master's Degree,38,,,₹21.10 L,,independent,71
Mailam,IND,15,0,False,Diamond,Krishnamurthy K,Male,91313,Bachelor's Degree,43,,,₹nan,,independent,71
Mailam,IND,16,0,False,Bat,Gopu V S,Male,91314,Bachelor's Degree,46,,,₹25.15 L,,independent,71
Mailam,IND,17,0,False,Computer,Siva S,Male,91315,Master's Degree,50,,,₹2.30 L,,independent,71
Mailam,IND,18,0,False,Pressure cooker,Sundar C,Male,91316,10th Grade (SSLC),50,,,"₹25,000",,independent,71
Mailam,IND,19,0,False,Pen nib with seven rays,Tamizharasan M,Male,91317,Diploma / ITI,33,,,"₹70,000",,independent,71
Mailam,IND,20,0,False,Ship,Ranjitha V,Female,91318,Bachelor's Degree,35,,,₹3.71 L,,independent,71
Mailam,IND,21,0,False,Grapes,Vijayaganth K,Male,91319,Bachelor's Degree,39,,,₹84.52 L,,independent,71
Tindivanam,AIADMK,1,0,True,Two leaves,Arjunan. P,Male,91320,10th Grade (SSLC),56,,,₹24.27 Cr,,nda,72
Tindivanam,NTK,2,0,False,Farmer Carrying Plough,Pachimuthu. P,Male,91321,Bachelor's Degree,34,,,₹15.84 L,,ntk,72
Tindivanam,VCK,3,0,False,Pot,Vanni Arasu,Male,91322,12th Grade (HSC / +2),55,,,₹2.27 L,,spa,72
Tindivanam,BSP,4,0,False,Elephant,Venkatachalapathy. A,Male,91323,10th Grade (SSLC),56,,,₹1.13 L,,others,72
Tindivanam,TVK,5,0,False,Whistle,Sakthivel. S,Male,91324,Bachelor's Degree,45,,,₹9.32 L,,tvk,72
Tindivanam,MSK,6,0,False,Bat,Mohan. A,Male,91325,12th Grade (HSC / +2),44,,,"₹2,000",,others,72
Tindivanam,TK,7,0,False,Matchbox,Ramneshwaran. V,Male,91326,Not Specified,38,,,₹69.21 L,,others,72
Tindivanam,TAVK,8,0,False,Camera,Vanjinathan. C,Male,91327,Master's Degree,49,,,"₹15,000",,others,72
Tindivanam,IND,9,0,False,Ship,Chandaran. A,Male,91328,Not Specified,41,,,"₹36,000",,independent,72
Tindivanam,IND,10,0,False,Toffees,Durkali. N,Male,91329,10th Grade (SSLC),36,,,₹2.18 L,,independent,72
Tindivanam,IND,11,0,False,Kettle,Devakumaran. E,Male,91330,Bachelor's Degree,33,,,₹2.94 L,,independent,72
Tindivanam,IND,12,0,False,Gas cylinder,Pon.Sivakumar,Male,91331,Bachelor's Degree,51,,,₹7.79 L,,independent,72
Tindivanam,IND,13,0,False,Bucket,Vinoth. S,Male,91332,Not Specified,44,,,"₹10,800",,independent,72
Tindivanam,IND,14,0,False,Diamond,Viswanathan. S.A,Male,91333,5th Grade,49,,,"₹15,000",,independent,72
Vanur,NTK,1,0,False,Farmer Carrying Plough,Karikalan B,Male,91334,Bachelor's Degree,28,,,₹3.50 L,,ntk,73
Vanur,DMK,2,0,False,Rising sun,Gowtham D,Male,91335,Bachelor's Degree,32,,,₹1.33 Cr,,spa,73
Vanur,AIADMK,3,0,False,Two leaves,Murugan P,Male,91336,Bachelor's Degree,58,,,₹88.83 L,,nda,73
Vanur,BSP,4,0,False,Elephant,Vinayagamoorthy M,Male,91337,12th Grade (HSC / +2),39,,,"₹50,000",,others,73
Vanur,TK,5,0,False,Matchbox,Anandakumar P M,Male,91338,Bachelor's Degree,36,,,₹5.83 L,,others,73
Vanur,TAVK,6,0,False,Camera,Sakthivel S,Male,91339,8th Grade,51,,,"₹45,000",,others,73
Vanur,TVK,7,0,False,Whistle,Suresh P,Male,91340,Bachelor's Degree,41,,,₹1.14 Cr,,tvk,73
Vanur,IND,8,0,False,Chappals,Ayyanar E,Male,91341,Not Specified,40,,,₹nan,,independent,73
Vanur,IND,9,0,False,Diamond,Sathyaraman P,Male,91342,8th Grade,43,,,₹16.15 L,,independent,73
Vanur,IND,10,0,False,Scissors,Sivakumar R,Male,91343,12th Grade (HSC / +2),49,,,"₹15,000",,independent,73
Vanur,IND,11,0,False,Bead necklace,Suresh C V,Male,91344,Bachelor's Degree,41,,,"₹5,980",,independent,73
Vanur,IND,12,0,False,Ship,Thangarasu N,Male,91345,10th Grade (SSLC),41,,,"₹41,000",,independent,73
Vanur,IND,13,0,False,Electric pole,Murali M,Male,91346,8th Grade,44,,,₹3.20 L,,independent,73
Vanur,IND,14,0,False,Balloon,Radhika S,Female,91347,10th Grade (SSLC),33,,,₹nan,,independent,73
Vanur,IND,15,0,False,Sitar,Vetrivel G,Male,90264,11th Grade,34,,,₹4.43 L,,independent,73
Viluppuram,NTK,1,0,False,Farmer Carrying Plough,Abinaya Ponnivalavan,Female,91349,Doctorate (Ph.D / MD),30,,,₹25.84 L,,ntk,74
Viluppuram,DMK,2,0,True,Rising sun,Lakshmanan R,Male,91350,Bachelor's Degree,54,,,₹4.14 Cr,,spa,74
Viluppuram,BSP,3,0,False,Elephant,Murugan S,Male,91351,9th Grade,46,,,"₹10,000",,others,74
Viluppuram,AIADMK,4,0,False,Two leaves,Vijayasureshbabu,Female,91352,12th Grade (HSC / +2),54,,,₹1.26 Cr,,nda,74
Viluppuram,TAVK,5,0,False,Camera,Kumaran R,Male,91353,9th Grade,52,,,₹43.85 L,,others,74
Viluppuram,VTVTK,6,0,False,Pestle and mortar,Nagarajan P,Male,91354,Not Specified,48,,,₹1.30 L,,others,74
Viluppuram,TVK,7,0,False,Whistle,Mohanraj N,Male,91355,8th Grade,42,,,₹40.43 L,,tvk,74
Viluppuram,IND,8,0,False,Electric pole,Akbar Ali P,Male,91356,10th Grade (SSLC),57,,,"₹40,000",,independent,74
Viluppuram,IND,9,0,False,Pen nib with seven rays,Arumugam M,Male,91357,10th Grade (SSLC),59,,,"₹71,570",,independent,74
Viluppuram,IND,10,0,False,Balloon,Raman K,Male,91358,6th Grade,38,,,"₹11,000",,independent,74
Viluppuram,IND,11,0,False,Coconut farm,Balamurugan N,Male,91359,10th Grade (SSLC),42,,,₹10.01 L,,independent,74
Viluppuram,IND,12,0,False,Gas Stove,Praveen Kumar R,Male,91360,Bachelor's Degree,26,,,"₹50,000",,independent,74
Viluppuram,IND,13,0,False,Peas,Mohamed Ali Jinna M,Male,91361,10th Grade (SSLC),60,,,₹1.76 L,,independent,74
Viluppuram,IND,14,0,False,Cauliflower,Mohan C,Male,91362,9th Grade,52,,,₹1.38 L,,independent,74
Viluppuram,IND,15,0,False,Battery Torch,Raghul R,Male,91363,Bachelor's Degree,32,,,₹nan,,independent,74
Viluppuram,IND,16,0,False,Air conditioner,Rayar K,Male,91364,Doctorate (Ph.D / MD),68,,,₹66.00 Cr,,independent,74
Viluppuram,IND,17,0,False,Pressure cooker,Rajkumar S,Male,91365,12th Grade (HSC / +2),38,,,"₹10,000",,independent,74
Viluppuram,IND,18,0,True,Cake,Lakshmanan R,Male,91366,10th Grade (SSLC),58,,,₹nan,,independent,74
Viluppuram,IND,19,0,False,Diamond,Lakshmanan K,Male,91367,10th Grade (SSLC),43,,,"₹1,000",,independent,74
Viluppuram,IND,20,0,True,Gas cylinder,Lakshmanan R,Male,91368,Not Specified,46,,,₹2.81 L,,independent,74
Viluppuram,IND,21,0,False,Mike,Vijaya K,Female,90896,3rd Grade,64,,,"₹16,500",,independent,74
Viluppuram,IND,22,0,False,Capsicum,Vijaya D,Female,91370,12th Grade (HSC / +2),52,,,"₹89,000",,independent,74
Viluppuram,IND,23,0,False,Gramophone,Vijaya M,Female,91773,5th Grade,40,,,₹5.18 L,,independent,74
Viluppuram,IND,24,0,False,Nail cutter,Vijaya M,Female,91372,9th Grade,51,,,"₹15,000",,independent,74
Vikravandi,BSP,1,0,False,Elephant,Inbarasan G,Male,91373,10th Grade (SSLC),35,,,"₹10,000",,others,75
Vikravandi,DMK,2,0,False,Rising sun,Anniyur Siva @ Sivashanmugam A,Male,91374,10th Grade (SSLC),54,,,₹5.50 Cr,,spa,75
Vikravandi,NTK,3,0,False,Farmer Carrying Plough,Subha Chandrasekaran A,Female,91375,Bachelor's Degree,36,,,₹55.25 L,,ntk,75
Vikravandi,PMK,4,0,False,Mango,Sivakumar C,Male,91376,8th Grade,52,,,₹1.46 Cr,,nda,75
Vikravandi,TAVK,5,0,False,Camera,Settu C,Male,91377,8th Grade,43,,,₹42.38 L,,others,75
Vikravandi,DMSK,6,0,False,Football player,Thamizhvengai Ka,Male,91378,Not Specified,50,,,"₹40,000",,others,75
Vikravandi,TK,7,0,False,Matchbox,Backiyalakshmi C,Female,91379,Bachelor's Degree,26,,,₹11.33 L,,others,75
Vikravandi,VTVTK,8,0,False,Pestle and mortar,Mohammad Siddiq M H,Male,91380,Diploma / ITI,45,,,₹6.00 L,,others,75
Vikravandi,ACDP,9,0,False,Capsicum,Ramachandran P,Male,91381,12th Grade (HSC / +2),58,,,₹10.25 L,,others,75
Vikravandi,TVK,10,0,False,Whistle,Vijai Vadivel A,Male,91382,10th Grade (SSLC),42,,,₹23.31 L,,tvk,75
Vikravandi,AJPK,11,0,False,Gas cylinder,Stalin D,Male,91383,Not Specified,47,,,₹nan,,ajpk,75
Vikravandi,IND,12,0,False,Baby walker,Yeasuraja M,Male,91384,Bachelor's Degree,41,,,"₹71,000",,independent,75
Vikravandi,IND,13,0,False,Balloon,Gokul Raj B,Male,91385,12th Grade (HSC / +2),27,,,₹2.86 L,,independent,75
Vikravandi,IND,14,0,False,Ship,Sakthivel A,Male,91386,Bachelor's Degree,40,,,₹32.79 L,,independent,75
Vikravandi,IND,15,0,False,Diamond,Sanmugam B,Male,91387,Bachelor's Degree,27,,,"₹20,000",,independent,75
Vikravandi,IND,16,0,False,Bead necklace,Shanmugam P,Male,91388,Bachelor's Degree,47,,,"₹20,000",,independent,75
Vikravandi,IND,17,0,False,Cauliflower,Shanmugam R,Male,91389,9th Grade,47,,,"₹20,000",,independent,75
Vikravandi,IND,18,0,False,Kettle,Sivakumar S,Male,91390,12th Grade (HSC / +2),48,,,₹7.00 L,,independent,75
Vikravandi,IND,19,0,False,Bucket,Selvakumar S,Male,91391,Bachelor's Degree,30,,,₹1.95 L,,independent,75
Vikravandi,IND,20,0,False,Grapes,Tamilselvan D,Male,91392,Not Specified,31,,,₹2.53 L,,independent,75
Vikravandi,IND,21,0,False,Electric pole,Prabhakaran D,Male,91393,8th Grade,36,,,₹2.95 L,,independent,75
Vikravandi,IND,22,0,False,Road roller,Murugan C,Male,91394,12th Grade (HSC / +2),42,,,₹2.84 L,,independent,75
Vikravandi,IND,23,0,False,Chappals,Ramachandran A,Male,91395,10th Grade (SSLC),34,,,"₹19,000",,independent,75
Vikravandi,IND,24,0,False,CCTV Camera,Rajaram M,Male,91396,Not Specified,58,,,"₹60,500",,independent,75
Tirukkoyilur,BSP,1,0,False,Elephant,Govindhakannan M,Male,91397,10th Grade (SSLC),52,,,₹nan,,others,76
Tirukkoyilur,DMK,2,0,False,Rising sun,Dr Pon Gauthamsigamani,Male,91398,Not Specified,51,,,₹110.83 Cr,,spa,76
Tirukkoyilur,AIADMK,3,0,False,Two leaves,Palanisamy S,Male,91399,10th Grade (SSLC),64,,,₹73.87 L,,nda,76
Tirukkoyilur,NTK,4,0,False,Farmer Carrying Plough,Hemarajan K,Male,91400,Bachelor's Degree,39,,,₹21.40 L,,ntk,76
Tirukkoyilur,VTVTK,5,0,False,Pestle and mortar,Selvam K,Male,91401,10th Grade (SSLC),55,,,₹30.86 L,,others,76
Tirukkoyilur,TAVK,6,0,False,Camera,Tamilselvam R,Male,91402,Diploma / ITI,33,,,₹nan,,others,76
Tirukkoyilur,TVK,7,0,False,Whistle,Vijay R Baranibalaaji,Male,91403,Not Specified,50,,,₹44.60 L,,tvk,76
Tirukkoyilur,IND,8,0,False,Bicycle pump,Edwin Abinesh A,Male,91404,Master's Degree,26,,,₹10.44 L,,independent,76
Tirukkoyilur,IND,9,0,False,Fountain,Karthick S,Male,91405,Diploma / ITI,31,,,"₹37,366",,independent,76
Tirukkoyilur,IND,10,0,False,Dish antenna,Gowtham S,Male,91406,Bachelor's Degree,25,,,"₹5,549",,independent,76
Tirukkoyilur,IND,11,0,False,Grapes,Palanisamy E,Male,91407,10th Grade (SSLC),57,,,₹2.66 L,,independent,76
Tirukkoyilur,IND,12,0,False,Gas cylinder,Prabhakaran V J,Male,91408,Bachelor's Degree,36,,,₹4.50 L,,independent,76
Tirukkoyilur,IND,13,0,False,Ship,Ravichandran G,Male,91409,Master's Degree,59,,,₹28.15 L,,independent,76
Tirukkoyilur,IND,14,0,False,Tiller,Ramakrishnan M,Male,91410,10th Grade (SSLC),54,,,₹1.35 Cr,,independent,76
Tirukkoyilur,IND,15,0,False,Chappals,Vijayamoorthi E,Male,91411,Bachelor's Degree,30,,,₹6.70 L,,independent,76
Ulundurpettai,AIADMK,1,0,False,Two leaves,Kumaraguru R,Male,91412,12th Grade (HSC / +2),64,,,₹1.19 Cr,,nda,77
Ulundurpettai,NTK,2,0,False,Farmer Carrying Plough,Logeshwari S,Female,91413,Bachelor's Degree,30,,,₹13.83 L,,ntk,77
Ulundurpettai,DMK,3,0,False,Rising sun,Vasanthavel G R,Male,91414,Bachelor's Degree,60,,,₹39.16 L,,spa,77
Ulundurpettai,AIPTMMK,4,0,False,Coconut farm,Udhayakumar R,Male,91415,Bachelor's Degree,40,,,₹7.22 L,,ajpk,77
Ulundurpettai,TVK,5,0,False,Whistle,Sudhakar M,Male,91416,Diploma / ITI,39,,,₹8.70 Cr,,tvk,77
Ulundurpettai,AMK,6,0,False,Letter box,Balakrishnan K,Male,91417,12th Grade (HSC / +2),51,,,₹9.57 L,,others,77
Ulundurpettai,IND,7,0,False,Jackfruit,Arasan K,Male,91418,5th Grade,70,,,₹22.30 L,,independent,77
Ulundurpettai,IND,8,0,False,Pen nib with seven rays,Krishnamoorthy V,Male,91419,Master's Degree,35,,,₹4.08 L,,independent,77
Ulundurpettai,IND,9,0,False,Road roller,Sankar S,Male,91420,Not Specified,56,,,"₹26,000",,independent,77
Ulundurpettai,IND,10,0,False,Camera,Sasikumar N,Male,91421,Bachelor's Degree,39,,,₹8.40 L,,independent,77
Ulundurpettai,IND,11,0,False,Violin,Senthil P,Male,91422,9th Grade,45,,,₹39.70 L,,independent,77
Ulundurpettai,IND,12,0,False,Electric pole,Parthiban V,Male,91423,Bachelor's Degree,47,,,₹13.97 L,,independent,77
Ulundurpettai,IND,13,0,False,Ship,Manikandan P,Male,91424,Master's Degree,34,,,"₹27,000",,independent,77
Ulundurpettai,IND,14,0,False,Gas cylinder,Ramakrishnan R,Male,91425,10th Grade (SSLC),50,,,₹3.61 L,,independent,77
Rishivandiyam,DMK,1,0,True,Rising sun,Karthikeyan K,Male,91426,Bachelor's Degree,48,,,₹2.01 Cr,,spa,78
Rishivandiyam,BSP,2,0,False,Elephant,Balakrishnan A,Male,91427,7th Grade,37,,,"₹56,200",,others,78
Rishivandiyam,NTK,3,0,False,Farmer Carrying Plough,Radhika P,Female,91428,Bachelor's Degree,32,,,₹nan,,ntk,78
Rishivandiyam,TVK,4,0,False,Whistle,Ashok Kumar G,Male,91429,8th Grade,44,,,₹2.69 Cr,,tvk,78
Rishivandiyam,PRP,5,0,False,Bat,Arumugam G,Male,91430,Not Specified,50,,,₹nan,,others,78
Rishivandiyam,TAVK,6,0,False,Camera,Sankar R,Male,91431,Not Specified,34,,,₹7.50 L,,others,78
Rishivandiyam,AMK,7,0,False,Letter box,Sevvantha G K,Female,91432,10th Grade (SSLC),54,,,₹50.10 L,,others,78
Rishivandiyam,PMK,8,0,False,Mango,Chezhiyan P,Male,91433,10th Grade (SSLC),56,,,₹6.18 Cr,,nda,78
Rishivandiyam,AIPTMMK,9,0,False,Coconut farm,Ranganathan N,Male,91434,10th Grade (SSLC),50,,,₹5.50 L,,ajpk,78
Rishivandiyam,NMK,10,0,False,Pen nib with seven rays,Venkatraman J,Male,91196,Not Specified,40,,,₹3.26 L,,others,78
Rishivandiyam,IND,11,0,False,Grapes,Anbu D,Male,91436,9th Grade,46,,,"₹58,000",,independent,78
Rishivandiyam,IND,12,0,False,Water melon,Anbumurugan S,Male,91437,10th Grade (SSLC),46,,,₹5.46 L,,independent,78
Rishivandiyam,IND,13,0,False,Calculator,Karthikeyan A,Male,91438,12th Grade (HSC / +2),49,,,₹5.80 L,,independent,78
Rishivandiyam,IND,14,0,False,Cauliflower,Karthikeyan V,Male,91439,8th Grade,41,,,₹nan,,independent,78
Rishivandiyam,IND,15,0,False,Water tank,Gowtham C,Male,91440,Bachelor's Degree,32,,,₹25.12 L,,independent,78
Rishivandiyam,IND,16,0,False,Ship,Senthikumar V N,Male,91441,Bachelor's Degree,59,,,₹1.37 L,,independent,78
Rishivandiyam,IND,17,0,False,Gas cylinder,Selvaraj P,Male,91442,10th Grade (SSLC),61,,,₹32.92 L,,independent,78
Rishivandiyam,IND,18,0,False,Balloon,Sezhiyan K,Male,91443,10th Grade (SSLC),44,,,₹25.63 L,,independent,78
Rishivandiyam,IND,19,0,False,Box,Narayanan L,Male,91444,Not Specified,42,,,₹5.81 L,,independent,78
Rishivandiyam,IND,20,0,False,Scissors,Manikandan C,Male,91445,12th Grade (HSC / +2),42,,,₹68.61 L,,independent,78
Rishivandiyam,IND,21,0,False,Pan,Marikkannu A,Male,91446,Not Specified,63,,,"₹50,000",,independent,78
Rishivandiyam,IND,22,0,False,Bricks,Raja K,Male,91447,9th Grade,42,,,"₹59,000",,independent,78
Rishivandiyam,IND,23,0,False,Belt,Raja S,Male,91448,Not Specified,37,,,₹4.47 L,,independent,78
Rishivandiyam,IND,24,0,False,Frock,Vinoth S,Male,91449,10th Grade (SSLC),37,,,₹5.09 L,,independent,78
Rishivandiyam,IND,25,0,False,Bread,Vijayakumar G,Male,91450,10th Grade (SSLC),36,,,"₹30,500",,independent,78
Sankarapuram,DMK,1,0,True,Rising sun,Udhayasuriyan T,Male,91451,Bachelor's Degree,62,,,₹92.42 L,,spa,79
Sankarapuram,BSP,2,0,False,Elephant,Sudha M,Female,91452,Bachelor's Degree,37,,,₹3.00 L,,others,79
Sankarapuram,NTK,3,0,False,Farmer Carrying Plough,Ramesh K,Male,91453,Bachelor's Degree,35,,,₹7.08 L,,ntk,79
Sankarapuram,AIADMK,4,0,False,Two leaves,Rakesh R,Male,91454,Bachelor's Degree,38,,,₹32.22 L,,nda,79
Sankarapuram,TAVK,5,0,False,Camera,Ramachandiran M,Male,91455,10th Grade (SSLC),47,,,"₹50,000",,others,79
Sankarapuram,MSK,6,0,False,Mike,Gangasekar A,Male,91456,12th Grade (HSC / +2),42,,,₹12.41 L,,others,79
Sankarapuram,VTVTK,7,0,False,Pestle and mortar,Sanniyasi N,Male,91457,Not Specified,55,,,"₹10,000",,others,79
Sankarapuram,AIPTMMK,8,0,False,Coconut farm,Nadarajan K,Male,91458,Not Specified,67,,,"₹65,000",,ajpk,79
Sankarapuram,TVK,9,0,False,Whistle,Jagadesan A,Male,91459,Not Specified,53,,,₹46.31 L,,tvk,79
Sankarapuram,IND,10,0,False,Grapes,Anbazhagan S,Male,91460,Diploma / ITI,28,,,₹3.46 L,,independent,79
Sankarapuram,IND,11,0,False,Ship,Kavikuil V,Female,91461,Bachelor's Degree,26,,,₹1.46 L,,independent,79
Sankarapuram,IND,12,0,False,Gas Stove,Samikkannu M,Male,91462,10th Grade (SSLC),44,,,"₹29,000",,independent,79
Sankarapuram,IND,13,0,False,Electric pole,Durai Ezhilan P,Male,91463,Diploma / ITI,49,,,₹nan,,independent,79
Sankarapuram,IND,14,0,False,Peas,Pachaiyappan K,Male,91464,10th Grade (SSLC),56,,,"₹21,500",,independent,79
Sankarapuram,IND,15,0,False,Ring,Mani G,Male,91465,Diploma / ITI,32,,,₹7.42 L,,independent,79
Sankarapuram,IND,16,0,False,Gift pack,Manikandan P,Male,91466,Bachelor's Degree,33,,,₹3.95 L,,independent,79
Sankarapuram,IND,17,0,False,Pan,Mayilamparai Mari A,Male,91467,Not Specified,49,,,₹12.00 L,,independent,79
Sankarapuram,IND,18,0,False,Gas cylinder,Dr.Murugu K,Male,91468,Bachelor's Degree,55,,,₹nan,,independent,79
Sankarapuram,IND,19,0,False,Box,Vignesh R,Male,91469,Bachelor's Degree,29,,,₹9.49 L,,independent,79
Sankarapuram,IND,20,0,False,Pen nib with seven rays,Vijay J,Male,91470,Master's Degree,34,,,₹nan,,independent,79
Sankarapuram,IND,21,0,False,Truck,Jayaprakash K,Male,91471,Bachelor's Degree,47,,,"₹48,000",,independent,79
Sankarapuram,IND,22,0,False,Bat,Harun Rasheeth J,Male,91472,Not Specified,51,,,₹20.61 L,,independent,79
Kallakurichi,NTK,1,0,False,Farmer Carrying Plough,Nagammal R,Female,91473,Master's Degree,36,,,₹37.38 L,,ntk,80
Kallakurichi,VCK,2,0,False,Pot,Malathi K,Female,91474,Doctorate (Ph.D / MD),46,,,₹3.47 Cr,,spa,80
Kallakurichi,AIADMK,3,0,False,Two leaves,Rajeevgandhi S,Male,91475,Bachelor's Degree,41,,,₹73.24 L,,nda,80
Kallakurichi,TVK,4,0,False,Whistle,Arul Vignesh,Male,91476,Master's Degree,35,,,₹89.74 L,,tvk,80
Kallakurichi,IND,5,0,False,Cot,Selvaraj M,Male,91477,Not Specified,57,,,₹7.85 L,,independent,80
Kallakurichi,IND,6,0,False,Well,Prabu C,Male,91478,Not Specified,43,,,₹3.05 L,,independent,80
Kallakurichi,IND,7,0,False,Bucket,Malathi K,Female,91479,10th Grade (SSLC),28,,,₹3.00 L,,independent,80
Kallakurichi,IND,8,0,False,Funnel,Rajivgandhi S,Male,91480,8th Grade,40,,,₹2.15 Cr,,independent,80
Kallakurichi,IND,9,0,False,Balloon,Rajivgandhi P,Male,91481,8th Grade,41,,,₹3.16 L,,independent,80
Kallakurichi,IND,10,0,False,Ship,Vasanthakumar S,Male,91482,Bachelor's Degree,27,,,₹1.17 L,,independent,80
Kallakurichi,IND,11,0,False,CCTV Camera,Vignesh G,Male,91483,Bachelor's Degree,31,,,"₹85,000",,independent,80
Gangavalli,NTK,1,0,False,Farmer Carrying Plough,Abirami. A,Female,91484,10th Grade (SSLC),31,,,₹9.07 L,,ntk,81
Gangavalli,DMK,2,0,False,Rising sun,Chinnadurai. K,Male,91485,Bachelor's Degree,59,,,₹1.68 Cr,,spa,81
Gangavalli,AIADMK,3,0,False,Two leaves,Nallathambi. A,Male,91486,10th Grade (SSLC),61,,,₹22.13 L,,nda,81
Gangavalli,BSP,4,0,False,Elephant,Balakrishnan. P,Male,91487,12th Grade (HSC / +2),37,,,₹5.95 L,,others,81
Gangavalli,AMK,5,0,False,Letter box,Anbazhagan. S,Male,91488,Bachelor's Degree,59,,,₹58.77 L,,others,81
Gangavalli,TAVK,6,0,False,Camera,Kaviarasan. T.T,Male,91489,12th Grade (HSC / +2),33,,,₹2.71 L,,others,81
Gangavalli,TVK,7,0,False,Whistle,Sujatha. V,Female,91490,Doctorate (Ph.D / MD),53,,,₹5.67 Cr,,tvk,81
Gangavalli,PT,8,0,False,Gas cylinder,Marimuthu. S,Male,91491,Not Specified,45,,,₹1.01 L,,others,81
Gangavalli,IND,9,0,False,Sitar,Kannan. S,Male,91492,Not Specified,54,,,"₹50,000",,independent,81
Gangavalli,IND,10,0,False,Box,Gunaprakash. D,Male,91493,Bachelor's Degree,26,,,₹1.95 L,,independent,81
Gangavalli,IND,11,0,False,Brush,Tamilarasan. T,Male,91494,10th Grade (SSLC),40,,,₹1.40 L,,independent,81
Gangavalli,IND,12,0,False,Balloon,Dhanapal. S,Male,91495,12th Grade (HSC / +2),49,,,"₹36,237",,independent,81
Gangavalli,IND,13,0,False,Grapes,Ramesh. S,Male,91496,Not Specified,37,,,"₹98,890",,independent,81
Attur,INC,1,0,False,Hand,Arthanari. S.K,Male,91497,Master's Degree,49,,,₹76.85 L,,spa,82
Attur,BSP,2,0,False,Elephant,Sellammal. V.M,Female,91498,9th Grade,52,,,₹3.01 L,,others,82
Attur,NTK,3,0,False,Farmer Carrying Plough,Monisha Chinnadurai,Female,91499,Bachelor's Degree,36,,,₹1.49 Cr,,ntk,82
Attur,AIADMK,4,0,False,Two leaves,Jayasankaran. A.P,Male,91500,Diploma / ITI,55,,,₹1.25 Cr,,nda,82
Attur,TVK,5,0,False,Whistle,Selvabharathi. R,Male,91501,Master's Degree,38,,,₹nan,,tvk,82
Attur,DMSK,6,0,False,Balloon,Palaniyammal. S,Female,91502,8th Grade,49,,,₹5.50 L,,others,82
Attur,TAVK,7,0,False,Camera,Ramesh. G,Male,91503,10th Grade (SSLC),50,,,"₹50,000",,others,82
Attur,IND,8,0,False,Coat,Selvakannan. L,Male,91504,8th Grade,47,,,"₹11,100",,independent,82
Attur,IND,9,0,False,Pressure cooker,Poomalai. C,Male,91505,Bachelor's Degree,46,,,"₹56,324",,independent,82
Attur,IND,10,0,False,Chess board,Manikandan. M,Male,91506,Bachelor's Degree,43,,,"₹65,000",,independent,82
Attur,IND,11,0,False,Ring,Manimaran. A,Male,91507,8th Grade,47,,,₹16.94 L,,independent,82
Attur,IND,12,0,False,Air conditioner,Manickam. K,Male,91508,Doctorate (Ph.D / MD),68,,,₹1.23 Cr,,independent,82
Attur,IND,13,0,False,Sitar,Rajeshkannan. K,Male,91509,8th Grade,34,,,₹21.35 L,,independent,82
Attur,IND,14,0,False,Gas cylinder,Varatharaj. G,Male,91510,7th Grade,53,,,"₹11,000",,independent,82
Attur,IND,15,0,False,Bat,Jagan. T,Male,91511,10th Grade (SSLC),35,,,"₹18,167",,independent,82
Yercaud,AIADMK,1,0,False,Two leaves,P.Usharani,Female,91512,8th Grade,54,,,₹7.96 Cr,,nda,83
Yercaud,BSP,2,0,False,Elephant,K.Palanisamy,Male,91513,10th Grade (SSLC),54,,,₹5.00 L,,others,83
Yercaud,NTK,3,0,False,Farmer Carrying Plough,Palanisamy.M,Male,91514,Bachelor's Degree,26,,,₹7.37 L,,ntk,83
Yercaud,DMK,4,0,False,Rising sun,T.M.Revathi,Female,91515,Bachelor's Degree,44,,,₹nan,,spa,83
Yercaud,CPI(ML),5,0,False,Flag with three stars,C.Gopi,Male,91516,9th Grade,35,,,₹nan,,others,83
Yercaud,TVK,6,0,False,Whistle,J.Lakshmi Janarthanan,Female,91517,10th Grade (SSLC),30,,,₹17.67 L,,tvk,83
Yercaud,TAVK,7,0,False,Camera,T.Vengateshsan,Male,91518,5th Grade,48,,,"₹51,000",,others,83
Yercaud,IND,8,0,False,Flute,N.Karthik,Male,91519,5th Grade,42,,,₹8.00 L,,independent,83
Yercaud,IND,9,0,False,Tray,A.Kaliyappan,Male,91520,6th Grade,52,,,₹5.16 L,,independent,83
Yercaud,IND,10,0,False,Wallet,Thangadurai.N,Male,91521,8th Grade,49,,,₹5.93 L,,independent,83
Yercaud,IND,11,0,False,Belt,K.Pazhanivel,Male,91522,6th Grade,45,,,₹5.16 L,,independent,83
Yercaud,IND,12,0,False,Cake,N.Vijayakumar,Male,91523,10th Grade (SSLC),27,,,₹8.03 L,,independent,83
Yercaud,IND,13,0,False,Diamond,S.Venkatesan,Male,91524,Bachelor's Degree,31,,,₹1.72 L,,independent,83
Omalur,DMDK,1,0,False,Nagara,Elangovan. A.R,Male,91525,8th Grade,59,,,₹1.95 Cr,,spa,84
Omalur,NTK,2,0,False,Farmer Carrying Plough,Sivasakthi. M,Male,91526,Master's Degree,27,,,₹67.54 L,,ntk,84
Omalur,AIADMK,3,0,False,Two leaves,Mani. R,Male,91527,Bachelor's Degree,48,,,₹4.02 Cr,,nda,84
Omalur,TVK,4,0,False,Whistle,Adhiyamaan. R.V,Male,91528,Bachelor's Degree,29,,,₹1.06 Cr,,tvk,84
Omalur,TAVK,5,0,False,Camera,Krishnamoorthy. D,Male,91529,Master's Degree,44,,,₹88.90 L,,others,84
Omalur,AJPK,6,0,False,Gas cylinder,Sureshkumar. S,Male,91530,Diploma / ITI,47,,,₹93.40 L,,ajpk,84
Omalur,IND,7,0,False,Bucket,Arulprakash. T,Male,91531,10th Grade (SSLC),33,,,₹6.60 L,,independent,84
Omalur,IND,8,0,False,Tea filter,Gobinathan. R,Male,91532,Not Specified,35,,,₹nan,,independent,84
Omalur,IND,9,0,False,Colour tray & brush,Santhalingam. C,Male,91533,Bachelor's Degree,32,,,₹2.86 L,,independent,84
Omalur,IND,10,0,False,Ship,Perumal. S,Male,91534,Bachelor's Degree,75,,,"₹10,000",,independent,84
Omalur,IND,11,0,False,Coconut farm,Mani. V,Male,91535,5th Grade,45,,,"₹10,000",,independent,84
Omalur,IND,12,0,False,Electric pole,Manokaran. A,Male,91536,10th Grade (SSLC),36,,,₹5.80 L,,independent,84
Omalur,IND,13,0,False,Truck,Mayakkannan. R,Male,91537,10th Grade (SSLC),33,,,"₹52,100",,independent,84
Omalur,IND,14,0,False,Bat,Mohanraj. P.M,Male,91538,12th Grade (HSC / +2),47,,,₹1.39 Cr,,independent,84
Omalur,IND,15,0,False,Battery Torch,Jeganathan. A,Male,91539,5th Grade,42,,,₹6.66 L,,independent,84
Mettur,DMK,1,0,False,Rising sun,Midhun Chakravarthy.M,Male,91540,Bachelor's Degree,35,,,₹99.95 L,,spa,85
Mettur,NTK,2,0,False,Farmer Carrying Plough,Vidhya Veerappan,Female,91541,12th Grade (HSC / +2),35,,,₹6.98 L,,ntk,85
Mettur,AIADMK,3,0,False,Two leaves,Venkatachalam.G,Male,91542,9th Grade,61,,,₹1.09 Cr,,nda,85
Mettur,TVK,4,0,False,Whistle,Selvam.K,Male,91543,8th Grade,42,,,₹22.30 L,,tvk,85
Mettur,TAVK,5,0,False,Camera,Periyaponnu.O,Male,91544,Diploma / ITI,62,,,₹11.50 L,,others,85
Mettur,VTNMK,6,0,False,Bat,Velu.A,Male,91545,8th Grade,40,,,"₹14,000",,others,85
Mettur,IND,7,0,False,Tiller,Kannan.M,Male,91546,Not Specified,40,,,"₹30,000",,independent,85
Mettur,IND,8,0,False,Flute,Kannan.R,Male,91547,10th Grade (SSLC),45,,,₹7.75 L,,independent,85
Mettur,IND,9,0,False,Peas,Krishnamoorthy.P,Male,91548,Diploma / ITI,35,,,₹62.61 L,,independent,85
Mettur,IND,10,0,False,Diamond,Saravanakumar.M,Male,91549,12th Grade (HSC / +2),47,,,"₹20,000",,independent,85
Mettur,IND,11,0,False,Throwing a javelin,Chithambaram.A,Male,91550,Not Specified,42,,,"₹10,000",,independent,85
Mettur,IND,12,0,False,Gas cylinder,Durairaj.V,Male,91551,Not Specified,46,,,₹60.45 L,,independent,85
Mettur,IND,13,0,False,Tyres,Dr.K.Padmarajan,Male,91552,8th Grade,65,,,₹15.15 L,,independent,85
Mettur,IND,14,0,False,Coconut farm,Prabakaran.S,Male,91553,Master's Degree,34,,,"₹45,300",,independent,85
Mettur,IND,15,0,False,Bricks,Murugan.P,Male,91554,12th Grade (HSC / +2),36,,,"₹56,000",,independent,85
Mettur,IND,16,0,False,Laptop,Ramkumar.D.M,Male,91555,Diploma / ITI,34,,,₹10.85 L,,independent,85
Mettur,IND,17,0,False,Electric pole,Venkatasalam.G,Male,91556,Bachelor's Degree,39,,,₹nan,,independent,85
Mettur,IND,18,0,False,Bucket,Jaganathan.A,Male,91557,Master's Degree,71,,,₹12.78 L,,independent,85
Edappadi,DMK,1,0,False,Rising sun,Kasi. C,Male,91558,Not Specified,66,,,₹4.28 Cr,,spa,86
Edappadi,AIADMK,2,0,True,Two leaves,Edappadi Palaniswami. K,Male,91559,Bachelor's Degree,72,,,₹50.87 L,,nda,86
Edappadi,NTK,3,0,False,Farmer Carrying Plough,Priyadharshini. A,Female,91560,Master's Degree,37,,,₹46.83 L,,ntk,86
Edappadi,TAVK,4,0,False,Camera,Govindaraj.V,Male,91561,Bachelor's Degree,36,,,₹11.01 L,,others,86
Edappadi,AIPTMMK,5,0,False,Coconut farm,Suresh. L,Male,91562,10th Grade (SSLC),54,,,₹28.24 L,,ajpk,86
Edappadi,IND,6,0,False,Gas cylinder,Elumalai. P,Male,91563,8th Grade,45,,,₹10.31 L,,independent,86
Edappadi,IND,7,0,False,Tea filter,Iyyappan Perumal. P,Male,91564,Not Specified,41,,,₹6.11 L,,independent,86
Edappadi,IND,8,0,False,Ring,Kumaresan. M,Male,91565,Diploma / ITI,70,,,₹51.44 L,,independent,86
Edappadi,IND,9,0,False,Bucket,Sakthivel. S,Male,91566,8th Grade,57,,,₹9.16 L,,independent,86
Edappadi,IND,10,0,False,Battery Torch,Subramani. P,Male,91567,10th Grade (SSLC),42,,,"₹11,100",,independent,86
Edappadi,IND,11,0,False,Telephone,Thulasimani. P,Male,91568,Not Specified,38,,,₹nan,,independent,86
Edappadi,IND,12,0,False,Television,Premkumar. K,Male,91569,6th Grade,43,,,₹5.64 L,,independent,86
Edappadi,IND,13,0,False,Bat,Murugan. C,Male,91570,Not Specified,47,,,"₹31,750",,independent,86
Edappadi,IND,14,0,False,Diamond,Student'S Friend Murugan. M,Male,91571,Bachelor's Degree,37,,,"₹10,000",,independent,86
Edappadi,IND,15,0,False,Pen nib with seven rays,Raja. K,Male,91572,Bachelor's Degree,65,,,₹1.53 Cr,,independent,86
Sankari,BSP,1,0,False,Elephant,Settumuthu. V,Male,91573,Bachelor's Degree,54,,,₹1.01 L,,others,87
Sankari,NTK,2,0,False,Farmer Carrying Plough,Nithya. A,Female,91574,Master's Degree,36,,,₹75.60 L,,ntk,87
Sankari,DMK,3,0,False,Rising sun,Manikandan. M,Male,91575,8th Grade,37,,,₹61.24 L,,spa,87
Sankari,AIADMK,4,0,False,Two leaves,Vetrivel. S,Male,91576,Bachelor's Degree,54,,,₹29.84 L,,nda,87
Sankari,IDMK,5,0,False,Gas cylinder,Dr. Gurunathan. S,Male,91577,Doctorate (Ph.D / MD),55,,,₹12.43 L,,others,87
Sankari,TVK,6,0,False,Whistle,Senthilkumar. K,Male,91578,9th Grade,44,,,₹4.01 Cr,,tvk,87
Sankari,TAVK,7,0,False,Camera,Senthilkumar. R.S,Male,91579,Master's Degree,49,,,₹1.08 Cr,,others,87
Sankari,IND,8,0,False,Grapes,Sakthivel. G,Male,91580,Diploma / ITI,42,,,₹6.68 L,,independent,87
Sankari,IND,9,0,False,Ship,Sakthivel. D,Male,91581,Bachelor's Degree,33,,,₹nan,,independent,87
Sankari,IND,10,0,False,Pen drive,Salman. E,Male,91582,Not Specified,32,,,₹1.62 L,,independent,87
Sankari,IND,11,0,False,Ring,Durairaj. C,Male,91583,10th Grade (SSLC),69,,,₹12.60 L,,independent,87
Sankari,IND,12,0,False,Peas,Paramasivam. R,Male,91584,7th Grade,40,,,₹2.68 L,,independent,87
Sankari,IND,13,0,False,Batsman,Poovarasan. S,Male,91585,Bachelor's Degree,29,,,₹4.27 L,,independent,87
Sankari,IND,14,0,False,Gift pack,Manikandan. D,Male,91586,Bachelor's Degree,32,,,₹1.65 L,,independent,87
Sankari,IND,15,0,False,Kitchen sink,Manikandan. P,Male,91587,9th Grade,30,,,₹4.13 L,,independent,87
Sankari,IND,16,0,False,Truck,Mayilkumar. M,Male,91588,Master's Degree,45,,,₹13.90 L,,independent,87
Sankari,IND,17,0,False,Bucket,Ranjith Kumar. V,Male,91589,7th Grade,33,,,₹9.64 L,,independent,87
Sankari,IND,18,0,False,Almirah,Rameshkumar. V,Male,91590,5th Grade,45,,,₹5.78 L,,independent,87
Sankari,IND,19,0,False,Bat,Vignesh. A,Male,91591,Diploma / ITI,36,,,₹1.51 L,,independent,87
Sankari,IND,20,0,False,Bricks,Vijayakumar. M,Male,91592,10th Grade (SSLC),45,,,₹6.20 L,,independent,87
Salem (West),DMDK,1,0,False,Nagara,Alagaapuram. R.Mohanraj,Male,91593,Bachelor's Degree,72,,,₹72.19 L,,spa,88
Salem (West),BSP,2,0,False,Elephant,Gunasekaran.R,Male,91594,9th Grade,30,,,₹nan,,others,88
Salem (West),NTK,3,0,False,Farmer Carrying Plough,Sureshkumar.R,Male,91595,Master's Degree,40,,,₹1.87 Cr,,ntk,88
Salem (West),AJPK,4,0,True,Gas cylinder,Arul Ramadas,Male,91596,Bachelor's Degree,54,,,₹4.21 Cr,,ajpk,88
Salem (West),PMK,5,0,False,Mango,Karthe.M,Male,91597,Bachelor's Degree,58,,,₹16.72 Cr,,nda,88
Salem (West),VTK,6,0,False,Ring,Prabu.K,Male,91598,5th Grade,44,,,₹13.15 L,,others,88
Salem (West),TAVK,7,0,False,Camera,Raj Kumar.G,Male,91599,9th Grade,44,,,₹30.00 L,,others,88
Salem (West),TVK,8,0,False,Whistle,Lakshmanan.S,Male,91600,Bachelor's Degree,58,,,₹90.03 L,,tvk,88
Salem (West),IND,9,0,False,Truck,Amirthalingam.N,Male,91601,Not Specified,40,,,₹4.77 L,,independent,88
Salem (West),IND,10,0,False,Water tank,Arul.S,Male,91602,Bachelor's Degree,27,,,"₹36,290",,independent,88
Salem (West),IND,11,0,False,Letter box,Arul.T,Male,91603,Bachelor's Degree,27,,,"₹36,290",,independent,88
Salem (West),IND,12,0,False,Clip,Arul. D,Male,91604,Diploma / ITI,46,,,₹1.24 Cr,,independent,88
Salem (West),IND,13,0,False,Noodles bowl,Arul. P,Male,91605,Bachelor's Degree,41,,,"₹57,300",,independent,88
Salem (West),IND,14,0,False,Water melon,Karthick. M,Male,91606,10th Grade (SSLC),27,,,"₹16,621",,independent,88
Salem (West),IND,15,0,False,Grapes,Karthick. R,Male,91607,Bachelor's Degree,26,,,₹38.31 L,,independent,88
Salem (West),IND,16,0,False,Coconut farm,Kumar.A.P,Male,91608,5th Grade,51,,,₹2.00 L,,independent,88
Salem (West),IND,17,0,False,Tiller,Chandrasekaran.G,Male,91609,10th Grade (SSLC),43,,,₹1.35 L,,independent,88
Salem (West),IND,18,0,False,Batsman,Selvam.R,Male,91610,Not Specified,56,,,"₹12,000",,independent,88
Salem (West),IND,19,0,False,Carpet,Dhanapal,Male,91611,9th Grade,76,,,₹3.33 L,,independent,88
Salem (West),IND,20,0,False,Chappals,Thiyagarajan.M,Male,91612,12th Grade (HSC / +2),42,,,₹nan,,independent,88
Salem (West),IND,21,0,False,Pestle and mortar,Bharath.S,Male,91613,Bachelor's Degree,28,,,₹11.71 L,,independent,88
Salem (West),IND,22,0,False,Ship,Bharanitharan. D.K,Male,91614,Master's Degree,43,,,₹3.00 L,,independent,88
Salem (West),IND,23,0,False,Scissors,Panneerselvam.P,Male,91615,12th Grade (HSC / +2),44,,,"₹70,136",,independent,88
Salem (West),IND,24,0,False,Jackfruit,Er Prabakaran. S,Male,91616,Bachelor's Degree,56,,,₹nan,,independent,88
Salem (West),IND,25,0,False,Baby walker,Perumal.A,Male,91617,12th Grade (HSC / +2),73,,,₹41.05 L,,independent,88
Salem (West),IND,26,0,False,Television,Manohar.C,Male,91618,Diploma / ITI,52,,,₹53.45 L,,independent,88
Salem (West),IND,27,0,False,Gift pack,Mohan Raj.R,Male,91619,Diploma / ITI,30,,,₹98.34 L,,independent,88
Salem (West),IND,28,0,False,Diamond,Radhakrishnan.R,Male,91620,10th Grade (SSLC),63,,,₹1.51 L,,independent,88
Salem (West),IND,29,0,False,Flute,Vijayakumar.S,Male,91621,Bachelor's Degree,32,,,"₹84,000",,independent,88
Salem (West),IND,30,0,False,Pressure cooker,Velmanikandan.S,Male,91622,12th Grade (HSC / +2),40,,,₹8.42 L,,independent,88
Salem (West),IND,31,0,False,Petrol pump,Srisabarinathan,Male,91623,9th Grade,43,,,₹1.80 L,,independent,88
Salem (North),DMK,1,0,False,Rising sun,Rajendran. R,Male,91624,Bachelor's Degree,66,,,₹76.68 L,,spa,89
Salem (North),NTK,2,0,False,Farmer Carrying Plough,Gunaseela. M,Female,91625,Bachelor's Degree,39,,,₹9.85 L,,ntk,89
Salem (North),PMK,3,0,False,Mango,Sadhasivam. S,Male,91626,Master's Degree,59,,,₹1.16 Cr,,nda,89
Salem (North),TVK,4,0,False,Whistle,Sivakumar. K,Male,91627,Master's Degree,52,,,₹52.90 Cr,,tvk,89
Salem (North),TAVK,5,0,False,Camera,Mohanraj. S,Male,91628,10th Grade (SSLC),36,,,₹42.80 L,,others,89
Salem (North),VTK,6,0,False,Ring,Jothilakshmi. R.S,Female,91629,10th Grade (SSLC),40,,,₹33.16 L,,others,89
Salem (North),IND,7,0,False,Diamond,Sabareesan. D,Male,91630,Bachelor's Degree,38,,,₹2.00 L,,independent,89
Salem (North),IND,8,0,False,Table,Palanisamy. R,Male,91631,10th Grade (SSLC),55,,,₹nan,,independent,89
Salem (North),IND,9,0,False,CCTV Camera,Pravina. G,Female,91632,Bachelor's Degree,52,,,₹21.01 Cr,,independent,89
Salem (North),IND,10,0,False,Balloon,Manivannan. S,Male,91633,Diploma / ITI,37,,,₹4.13 L,,independent,89
Salem (North),IND,11,0,False,Mike,Mahabub John. K,Male,91634,10th Grade (SSLC),49,,,₹35.80 L,,independent,89
Salem (North),IND,12,0,False,Bricks,Rajasekar. S,Male,91635,Not Specified,58,,,"₹11,000",,independent,89
Salem (North),IND,13,0,False,Bucket,Raja. A,Male,91636,9th Grade,58,,,₹74.14 L,,independent,89
Salem (North),IND,14,0,False,Tube light,Rajendran. A,Male,91637,9th Grade,66,,,₹25.37 L,,independent,89
Salem (South),NTK,1,0,False,Farmer Carrying Plough,Sofia. S,Female,91638,Master's Degree,33,,,₹65.14 L,,ntk,90
Salem (South),DMK,2,0,False,Rising sun,Loganathan. M,Male,91639,10th Grade (SSLC),69,,,₹4.13 Cr,,spa,90
Salem (South),AIADMK,3,0,False,Two leaves,Vinoth. J,Male,91640,10th Grade (SSLC),44,,,₹3.27 Cr,,nda,90
Salem (South),TAVK,4,0,False,Camera,Bas Madheswaran,Male,91641,5th Grade,46,,,₹14.66 L,,others,90
Salem (South),TVK,5,0,False,Whistle,Vijay Tamilan Parthiban. A,Male,91642,12th Grade (HSC / +2),50,,,₹7.16 Cr,,tvk,90
Salem (South),IND,6,0,False,Ship,Ambedkar. C,Male,91643,8th Grade,47,,,₹3.10 L,,independent,90
Salem (South),IND,7,0,False,Frying pan,Santhosh. S,Male,91644,10th Grade (SSLC),36,,,₹1.67 L,,independent,90
Salem (South),IND,8,0,False,Gas cylinder,Sundaram. R,Male,91645,7th Grade,62,,,₹9.75 L,,independent,90
Salem (South),IND,9,0,False,Air conditioner,Sumathi. P,Female,91646,Bachelor's Degree,33,,,₹15.13 L,,independent,90
Salem (South),IND,10,0,False,Gas Stove,Padmanapan. M,Male,91647,6th Grade,67,,,₹1.43 L,,independent,90
Salem (South),IND,11,0,False,Diamond,Palaniappan. M,Male,91648,Not Specified,62,,,₹33.02 L,,independent,90
Salem (South),IND,12,0,False,Cake,Parthiban. A,Male,91649,10th Grade (SSLC),31,,,₹2.52 L,,independent,90
Salem (South),IND,13,0,False,Belt,Parthiban. V,Male,91650,Diploma / ITI,26,,,₹6.57 L,,independent,90
Salem (South),IND,14,0,False,Chappals,Praveen Kumar. M,Male,91651,Bachelor's Degree,30,,,₹5.23 L,,independent,90
Salem (South),IND,15,0,False,Balloon,Mayakannan. N,Male,91652,10th Grade (SSLC),45,,,₹nan,,independent,90
Salem (South),IND,16,0,False,Road roller,Loganathan. M,Male,91653,Bachelor's Degree,43,,,₹74.71 L,,independent,90
Salem (South),IND,17,0,False,Bucket,Loganathan. M,Male,91654,Master's Degree,32,,,₹1.47 L,,independent,90
Salem (South),IND,18,0,False,Batsman,Varatharajan. S.P,Male,91655,9th Grade,51,,,₹1.67 L,,independent,90
Salem (South),IND,19,0,False,Window,Jayaraj. S,Male,91656,8th Grade,48,,,₹5.01 L,,independent,90
Veerapandi,DMK,1,0,False,Rising sun,Tharun. A.K,Male,91657,Master's Degree,45,,,₹3.74 Cr,,spa,91
Veerapandi,NTK,2,0,False,Farmer Carrying Plough,Rajeshkumar. S,Male,91658,10th Grade (SSLC),32,,,₹23.65 L,,ntk,91
Veerapandi,AIADMK,3,0,False,Two leaves,Sri Balaji Sugumar. S,Male,91659,Bachelor's Degree,31,,,₹8.66 Cr,,nda,91
Veerapandi,CPI(ML),4,0,False,Flag with three stars,Anbazhagan. P,Male,91660,10th Grade (SSLC),58,,,"₹19,098",,others,91
Veerapandi,NMK,5,0,False,Pen nib with seven rays,Sakthivel. M,Male,91435,10th Grade (SSLC),41,,,₹31.01 L,,others,91
Veerapandi,TVK,6,0,False,Whistle,Palanivel. M.S,Male,91662,12th Grade (HSC / +2),57,,,₹29.64 Cr,,tvk,91
Veerapandi,TAVK,7,0,False,Camera,Bramamoorthi. M,Male,91663,Bachelor's Degree,33,,,₹98.10 L,,others,91
Veerapandi,IND,8,0,False,CCTV Camera,Indrajith Guptha. G,Male,91664,Diploma / ITI,35,,,₹5.31 L,,independent,91
Veerapandi,IND,9,0,False,Stethoscope,Kavitha. M.P,Female,91665,12th Grade (HSC / +2),46,,,₹2.89 Cr,,independent,91
Veerapandi,IND,10,0,False,Tiller,Karthi. R,Male,91666,Bachelor's Degree,28,,,"₹64,100",,independent,91
Veerapandi,IND,11,0,False,T.V.Remote,Gopi. R,Male,91667,9th Grade,29,,,₹45.87 L,,independent,91
Veerapandi,IND,12,0,False,Ship,Gopinath. B,Male,91668,Bachelor's Degree,33,,,"₹64,000",,independent,91
Veerapandi,IND,13,0,False,Diamond,Senthilkumar. M,Male,91669,Bachelor's Degree,47,,,₹5.15 L,,independent,91
Veerapandi,IND,14,0,False,Belt,Tamilarasan. D,Male,91670,10th Grade (SSLC),39,,,₹1.36 L,,independent,91
Veerapandi,IND,15,0,False,Batsman,Devendhiraprabu. M,Male,91671,Bachelor's Degree,25,,,"₹25,046",,independent,91
Veerapandi,IND,16,0,False,Gas cylinder,Palanisamy. P,Male,91672,Bachelor's Degree,42,,,₹26.84 L,,independent,91
Veerapandi,IND,17,0,False,Computer mouse,Prabhu. V,Male,91673,Diploma / ITI,31,,,₹20.14 L,,independent,91
Veerapandi,IND,18,0,False,Calculator,Ranganathan. D,Male,91674,10th Grade (SSLC),37,,,"₹56,000",,independent,91
Veerapandi,IND,19,0,False,Scissors,Vaidesswara Prasad. N,Male,91675,Bachelor's Degree,46,,,₹16.80 L,,independent,91
Veerapandi,IND,20,0,False,Gramophone,Jayavel. M,Male,91676,12th Grade (HSC / +2),50,,,"₹6,500",,independent,91
Rasipuram,BJP,1,0,False,Lotus,Premkumar S D,Male,91677,Not Specified,46,,,₹14.83 L,,nda,92
Rasipuram,NTK,2,0,False,Farmer Carrying Plough,Sasikala S,Female,91678,Bachelor's Degree,36,,,₹nan,,ntk,92
Rasipuram,DMK,3,0,True,Rising sun,Mathiventhan M Dr,Male,91679,Not Specified,41,,,₹2.41 Cr,,spa,92
Rasipuram,GPI,4,0,False,Lady finger,Arulkumar P,Male,91680,Bachelor's Degree,27,,,"₹21,500",,others,92
Rasipuram,AIADMSK,5,0,False,Telephone,Arulraju G,Male,91681,Bachelor's Degree,54,,,"₹8,697",,others,92
Rasipuram,TAVK,6,0,False,Camera,Krishnamoorthi P,Male,91682,12th Grade (HSC / +2),35,,,₹8.19 L,,others,92
Rasipuram,PT,7,0,False,Hand cart,Muniyappan M,Male,91683,Bachelor's Degree,40,,,₹2.51 L,,others,92
Rasipuram,SMNK,8,0,False,Bucket,Ramadass D,Male,91684,Not Specified,60,,,"₹24,000",,others,92
Rasipuram,TVK,9,0,False,Whistle,Logesh Tamilselvan D,Male,91685,Master's Degree,42,,,₹2.42 Cr,,tvk,92
Rasipuram,IND,10,0,False,Television,Ampulimadhan M,Male,91686,Bachelor's Degree,31,,,"₹83,500",,independent,92
Rasipuram,IND,11,0,False,Capsicum,Thangamani S,Female,91687,10th Grade (SSLC),35,,,₹nan,,independent,92
Rasipuram,IND,12,0,False,Gas cylinder,Tamilazhagan M,Male,91688,Diploma / ITI,31,,,₹1.07 L,,independent,92
Rasipuram,IND,13,0,False,Grapes,Nagarajan K,Male,91689,12th Grade (HSC / +2),51,,,₹15.51 L,,independent,92
Rasipuram,IND,14,0,False,Ship,Neppoliyan K,Male,91690,Bachelor's Degree,32,,,₹nan,,independent,92
Rasipuram,IND,15,0,False,Matchbox,Manikandan C,Male,91691,Master's Degree,35,,,₹34.27 L,,independent,92
Rasipuram,IND,16,0,False,Diamond,Murugesan A,Male,91692,10th Grade (SSLC),49,,,₹32.42 L,,independent,92
Rasipuram,IND,17,0,False,Box,Rajeshkannan R,Male,91693,12th Grade (HSC / +2),44,,,"₹5,731",,independent,92
Rasipuram,IND,18,0,False,Coat,Jayanthi M,Female,91694,Master's Degree,54,,,₹10.51 L,,independent,92
Senthamangalam,AIADMK,1,0,False,Two leaves,C Chandrasekaran,Male,91695,10th Grade (SSLC),59,,,₹1.56 Cr,,nda,93
Senthamangalam,DMK,2,0,False,Rising sun,P Poomalar,Female,91696,8th Grade,44,,,₹2.14 Cr,,spa,93
Senthamangalam,NTK,3,0,False,Farmer Carrying Plough,Ponnumani C,Female,91697,Bachelor's Degree,26,,,₹8.76 L,,ntk,93
Senthamangalam,TVK,4,0,False,Whistle,P Chandrasekar,Male,91698,Bachelor's Degree,52,,,₹34.67 L,,tvk,93
Senthamangalam,GPI,5,0,False,Lady finger,K Duraisamy,Male,91699,Master's Degree,65,,,₹61.94 L,,others,93
Senthamangalam,TAVK,6,0,False,Camera,P Ramasamy,Male,91700,8th Grade,45,,,₹1.86 L,,others,93
Senthamangalam,AIPTMMK,7,0,False,Coconut farm,C Jaganathan,Male,91701,Diploma / ITI,40,,,₹10.00 L,,ajpk,93
Senthamangalam,IND,8,0,False,Electric pole,C Suthan,Male,91702,10th Grade (SSLC),29,,,₹1.41 L,,independent,93
Senthamangalam,IND,9,0,False,Pen nib with seven rays,M Swaminathan,Male,91703,9th Grade,46,,,₹31.48 L,,independent,93
Senthamangalam,IND,10,0,False,Bat,A Balamurugan,Male,91704,Master's Degree,43,,,₹3.75 L,,independent,93
Senthamangalam,IND,11,0,False,Diamond,E Manikandan,Male,91705,Master's Degree,27,,,₹1.06 L,,independent,93
Senthamangalam,IND,12,0,False,Kettle,K Ramesh,Male,91706,10th Grade (SSLC),40,,,₹1.70 L,,independent,93
Namakkal,BSP,1,0,False,Elephant,Ramasamy P,Male,91707,12th Grade (HSC / +2),61,,,"₹80,626",,others,94
Namakkal,NTK,2,0,False,Farmer Carrying Plough,Praveenkumar K,Male,91708,Master's Degree,39,,,₹nan,,ntk,94
Namakkal,AIADMK,3,0,False,Two leaves,Sridevi Mohan P S,Male,91709,Bachelor's Degree,53,,,₹53.05 Cr,,nda,94
Namakkal,DMK,4,0,False,Rising sun,Rani P,Female,91710,Master's Degree,57,,,₹1.60 Cr,,spa,94
Namakkal,APTADMK,5,0,False,Jackfruit,Aadithiyan A,Male,91711,Diploma / ITI,34,,,₹32.02 L,,others,94
Namakkal,ASP,6,0,False,Mike,Gandhian Ramesh T,Male,91712,Diploma / ITI,45,,,₹16.06 L,,others,94
Namakkal,GPI,7,0,False,Lady finger,Sureshkannan P,Male,91713,Not Specified,52,,,"₹10,168",,others,94
Namakkal,SMNK,8,0,False,Bucket,Thiyagarajan R,Male,91714,12th Grade (HSC / +2),32,,,"₹20,085",,others,94
Namakkal,TVK,9,0,False,Whistle,Dilip C S,Male,91715,Bachelor's Degree,33,,,₹4.63 Cr,,tvk,94
Namakkal,AIPTMMK,10,0,False,Coconut farm,Palanisamy M P,Male,91716,Diploma / ITI,58,,,₹3.28 L,,ajpk,94
Namakkal,AIADMSK,11,0,False,Telephone,Mahendran P,Male,91717,Not Specified,45,,,"₹23,000",,others,94
Namakkal,PT,12,0,False,Gas cylinder,Matheswaran C,Male,91718,7th Grade,46,,,₹3.95 L,,others,94
Namakkal,IND,13,0,False,Laptop,Abineshkumar T,Male,91719,12th Grade (HSC / +2),26,,,₹6.44 L,,independent,94
Namakkal,IND,14,0,False,Brief case,Aravinth S,Male,91720,Master's Degree,33,,,₹4.30 L,,independent,94
Namakkal,IND,15,0,False,Battery Torch,Kanakaraj K,Male,91721,Diploma / ITI,54,,,₹23.30 L,,independent,94
Namakkal,IND,16,0,False,Diamond,Chandra P,Female,91722,10th Grade (SSLC),60,,,₹64.74 L,,independent,94
Namakkal,IND,17,0,False,Pressure cooker,Natarajan M,Male,91723,10th Grade (SSLC),59,,,₹7.86 Cr,,independent,94
Namakkal,IND,18,0,False,Road roller,Netajikaviarasu V,Male,91724,Bachelor's Degree,45,,,₹6.00 L,,independent,94
Namakkal,IND,19,0,False,Bench,Manikandan R,Male,91725,Not Specified,32,,,₹4.04 L,,independent,94
Namakkal,IND,20,0,False,Spanner,Muthusamy S,Male,91726,8th Grade,50,,,₹11.55 L,,independent,94
Namakkal,IND,21,0,False,Electric pole,Mohan S,Male,91727,12th Grade (HSC / +2),63,,,₹nan,,independent,94
Namakkal,IND,22,0,False,Binoculars,Mohan P,Male,91728,Bachelor's Degree,65,,,₹11.11 L,,independent,94
Namakkal,IND,23,0,False,Scissors,Mohan M,Male,91729,Bachelor's Degree,52,,,₹1.39 Cr,,independent,94
Namakkal,IND,24,0,False,Camera,Ramesh A,Male,91730,Not Specified,52,,,₹83.67 L,,independent,94
Namakkal,IND,25,0,False,Water tank,Jayakumar R,Male,91731,Bachelor's Degree,54,,,₹14.60 L,,independent,94
Namakkal,IND,26,0,False,Ring,Jayaraman M,Male,91732,Diploma / ITI,47,,,₹1.67 L,,independent,94
Namakkal,IND,27,0,False,Ship,Stalin R,Male,91733,Master's Degree,37,,,"₹81,600",,independent,94
Paramathi-Velur,NTK,1,0,False,Farmer Carrying Plough,Aravind M,Male,91734,12th Grade (HSC / +2),33,,,₹16.14 Cr,,ntk,95
Paramathi-Velur,BSP,2,0,False,Elephant,Raman V,Male,91735,6th Grade,52,,,₹2.35 L,,others,95
Paramathi-Velur,AIADMK,3,0,True,Two leaves,Sekar S,Male,91736,Not Specified,55,,,₹1.43 Cr,,nda,95
Paramathi-Velur,DMK,4,0,False,Rising sun,Moorthiy K S,Male,91737,Bachelor's Degree,64,,,₹5.25 Cr,,spa,95
Paramathi-Velur,APTADMK,5,0,False,Jackfruit,Selvarasu S,Male,91738,Not Specified,50,,,₹14.12 L,,others,95
Paramathi-Velur,TAVK,6,0,False,Camera,Shailaja,Female,91739,9th Grade,42,,,₹40.60 L,,others,95
Paramathi-Velur,TVK,7,0,False,Whistle,Nandakumar A,Male,91740,Master's Degree,51,,,₹2.59 Cr,,tvk,95
Paramathi-Velur,AIADMSK,8,0,False,Telephone,Bakkiam P,Female,91741,Not Specified,73,,,"₹25,000",,others,95
Paramathi-Velur,AIPTMMK,9,0,False,Coconut farm,Vijay Suryabhalaaji K R,Male,91742,Bachelor's Degree,33,,,₹18.86 Cr,,ajpk,95
Paramathi-Velur,IND,10,0,False,Air conditioner,Ramasamy,Male,91743,Not Specified,59,,,₹4.50 L,,independent,95
Paramathi-Velur,IND,11,0,False,Capsicum,Kandasamy S,Male,91744,10th Grade (SSLC),34,,,"₹21,000",,independent,95
Paramathi-Velur,IND,12,0,False,Bicycle pump,Karthik R,Male,91745,12th Grade (HSC / +2),32,,,"₹30,000",,independent,95
Paramathi-Velur,IND,13,0,False,Matchbox,Gopalan G,Male,91746,5th Grade,56,,,"₹22,000",,independent,95
Paramathi-Velur,IND,14,0,False,Mike,Sudharsan K,Male,91747,Bachelor's Degree,26,,,"₹29,000",,independent,95
Paramathi-Velur,IND,15,0,False,Scissors,Suresh R,Male,91748,5th Grade,37,,,"₹21,000",,independent,95
Paramathi-Velur,IND,16,0,False,Peas,Sekar C,Male,91749,10th Grade (SSLC),46,,,₹nan,,independent,95
Paramathi-Velur,IND,17,0,False,Diamond,Sekar V,Male,90726,3rd Grade,52,,,"₹20,000",,independent,95
Paramathi-Velur,IND,18,0,False,Electric pole,Thangarasu M,Male,91751,9th Grade,35,,,"₹30,000",,independent,95
Paramathi-Velur,IND,19,0,False,Balloon,Parameshwari S,Female,91752,Diploma / ITI,39,,,₹nan,,independent,95
Paramathi-Velur,IND,20,0,False,Almirah,Palanisamy S,Male,91753,7th Grade,42,,,"₹21,000",,independent,95
Paramathi-Velur,IND,21,0,False,Bangles,Balaji,Male,91754,Diploma / ITI,45,,,"₹23,200",,independent,95
Paramathi-Velur,IND,22,0,False,Baby walker,Prathap K,Male,91755,10th Grade (SSLC),32,,,₹1.08 L,,independent,95
Paramathi-Velur,IND,23,0,False,Pen nib with seven rays,Manojkumar M,Male,91756,Master's Degree,26,,,₹1.74 L,,independent,95
Paramathi-Velur,IND,24,0,False,Wall hook,Murthi,Male,91757,Not Specified,49,,,"₹21,000",,independent,95
Paramathi-Velur,IND,25,0,False,Bead necklace,Moorthi M,Male,91758,Not Specified,61,,,₹1.29 L,,independent,95
Paramathi-Velur,IND,26,0,False,Grapes,Ranjith K,Male,91759,Diploma / ITI,27,,,"₹23,000",,independent,95
Paramathi-Velur,IND,27,0,False,Bench,Ramesh P,Male,91760,5th Grade,43,,,₹nan,,independent,95
Paramathi-Velur,IND,28,0,False,Belt,Ramesh R,Male,91761,12th Grade (HSC / +2),54,,,"₹23,000",,independent,95
Paramathi-Velur,IND,29,0,False,Gas cylinder,Raja R,Male,91762,12th Grade (HSC / +2),46,,,₹97.75 L,,independent,95
Paramathi-Velur,IND,30,0,False,Bat,Latha A,Female,91763,7th Grade,40,,,"₹21,550",,independent,95
Paramathi-Velur,IND,31,0,False,Clip,Vijayakumar A,Male,91764,5th Grade,43,,,"₹20,000",,independent,95
Tiruchengodu,DMK,1,0,True,Rising sun,Eswaran E R,Male,91765,Bachelor's Degree,64,,,₹25.97 Cr,,spa,96
Tiruchengodu,AIADMK,2,0,False,Two leaves,Srmt Sekar (A) Chandrasekar R,Male,91766,Not Specified,58,,,₹2.05 Cr,,nda,96
Tiruchengodu,NTK,3,0,False,Farmer Carrying Plough,Revathi K,Female,91767,Diploma / ITI,28,,,₹9.16 L,,ntk,96
Tiruchengodu,TVK,4,0,False,Whistle,Arunraj K G,Male,91768,Bachelor's Degree,46,,,₹6.85 Cr,,tvk,96
Tiruchengodu,TAVK,5,0,False,Camera,Sharavanan A K,Male,91769,Bachelor's Degree,40,,,₹3.69 L,,others,96
Tiruchengodu,RPI (A),6,0,False,Ganna kisan,Chinnathambi K,Male,91770,Not Specified,66,,,₹13.46 L,,others,96
Tiruchengodu,AIADMSK,7,0,False,Coconut farm,Dhanapal Subramaniyam,Male,91771,Master's Degree,39,,,₹7.32 L,,others,96
Tiruchengodu,MAMUK,8,0,False,Matchbox,Thirukkumaran P,Male,91772,12th Grade (HSC / +2),54,,,₹25.00 L,,others,96
Tiruchengodu,SMNK,9,0,False,Walking stick,Munusamy A T,Male,91750,5th Grade,65,,,₹87.56 L,,others,96
Tiruchengodu,IND,10,0,False,Trumpet,Arulprakasam S,Male,91774,10th Grade (SSLC),68,,,₹3.60 L,,independent,96
Tiruchengodu,IND,11,0,False,Box,Arjunan L K,Male,91775,10th Grade (SSLC),49,,,₹22.90 L,,independent,96
Tiruchengodu,IND,12,0,False,Well,Eswaran M,Male,91776,8th Grade,55,,,"₹50,000",,independent,96
Tiruchengodu,IND,13,0,False,Batsman,Satheeskumar P,Male,91777,Bachelor's Degree,44,,,₹10.46 L,,independent,96
Tiruchengodu,IND,14,0,False,Ring,Saravanasundaram S,Male,91778,Bachelor's Degree,57,,,₹nan,,independent,96
Tiruchengodu,IND,15,0,False,Door bell,Dhinesh Karikalan,Male,91779,Bachelor's Degree,26,,,₹20.81 L,,independent,96
Tiruchengodu,IND,16,0,False,Tennis racket & ball,Deepakrajan V,Male,91780,Not Specified,27,,,₹nan,,independent,96
Tiruchengodu,IND,17,0,False,Electric pole,Palanisamy K,Male,91781,10th Grade (SSLC),63,,,₹12.01 L,,independent,96
Tiruchengodu,IND,18,0,False,Scissors,Balaji Chezhian P,Male,91782,Bachelor's Degree,42,,,"₹10,000",,independent,96
Tiruchengodu,IND,19,0,False,Gift pack,Maheshkumar N,Male,91783,12th Grade (HSC / +2),33,,,₹16,,independent,96
Tiruchengodu,IND,20,0,False,Helmet,Ramesh S,Male,91784,Not Specified,49,,,₹4.69 Cr,,independent,96
Tiruchengodu,IND,21,0,False,Road roller,Rajakumar P,Male,91785,10th Grade (SSLC),47,,,₹17.62 L,,independent,96
Tiruchengodu,IND,22,0,False,Air conditioner,Revanth S N,Male,91786,Bachelor's Degree,27,,,"₹70,000",,independent,96
Tiruchengodu,IND,23,0,False,Gas Stove,Viswanathan P,Male,91787,5th Grade,56,,,"₹35,000",,independent,96
Kumarapalayam,AIADMK,1,0,False,Two leaves,P.Thangamani,Male,91788,12th Grade (HSC / +2),65,,,₹2.04 Cr,,nda,97
Kumarapalayam,DMK,2,0,False,Rising sun,S.Balu,Male,91789,10th Grade (SSLC),64,,,₹40.58 Cr,,spa,97
Kumarapalayam,NTK,3,0,False,Farmer Carrying Plough,Uvarani Suresh,Female,91790,Master's Degree,39,,,₹25.29 L,,ntk,97
Kumarapalayam,VTK,4,0,False,Ring,J.Karthi,Male,91791,10th Grade (SSLC),43,,,₹1.11 L,,others,97
Kumarapalayam,SMNK,5,0,False,Walking stick,Palanisamy,Male,92672,6th Grade,76,,,₹55.84 L,,others,97
Kumarapalayam,AIADMSK,6,0,False,Gas cylinder,Pannerselvam,Male,91793,Not Specified,65,,,₹8.68 L,,others,97
Kumarapalayam,TVK,7,0,False,Whistle,C.Vijayalakshmi,Female,91794,Not Specified,50,,,₹84.02 L,,tvk,97
Kumarapalayam,IND,8,0,False,Matchbox,Amirthalingam,Male,91795,8th Grade,54,,,₹4.06 L,,independent,97
Kumarapalayam,IND,9,0,False,Pen nib with seven rays,Karthi,Male,91796,Not Specified,36,,,₹1.40 L,,independent,97
Kumarapalayam,IND,10,0,False,Coconut farm,R.Kumaresan,Male,91797,10th Grade (SSLC),50,,,₹55.60 L,,independent,97
Kumarapalayam,IND,11,0,False,Water melon,Gopalakrishnan,Male,91798,Bachelor's Degree,45,,,₹18.15 L,,independent,97
Kumarapalayam,IND,12,0,False,Mike,Saravanan,Male,91799,8th Grade,48,,,₹17.50 L,,independent,97
Kumarapalayam,IND,13,0,False,Ship,G.Samuelraj,Male,91800,10th Grade (SSLC),77,,,"₹5,000",,independent,97
Kumarapalayam,IND,14,0,False,Pen stand,Sivaraj,Male,91801,Bachelor's Degree,28,,,₹nan,,independent,97
Kumarapalayam,IND,15,0,False,Toffees,P.Senthilkumar,Male,91802,9th Grade,47,,,₹1.60 L,,independent,97
Kumarapalayam,IND,16,0,False,Iron,Selvaraj,Male,91803,10th Grade (SSLC),51,,,"₹28,020",,independent,97
Kumarapalayam,IND,17,0,False,Tooth paste,K.Palanivel,Male,92622,6th Grade,50,,,₹1.30 L,,independent,97
Kumarapalayam,IND,18,0,False,Trumpet,A.Muruganandhan,Male,91805,8th Grade,37,,,"₹20,000",,independent,97
Kumarapalayam,IND,19,0,False,Truck,R.Raja,Male,91806,Not Specified,45,,,₹16.26 L,,independent,97
Kumarapalayam,IND,20,0,False,Gas Stove,Venkatachalam,Male,91807,10th Grade (SSLC),49,,,₹11.35 L,,independent,97
Kumarapalayam,IND,21,0,False,Diamond,S Jayavel,Male,91808,5th Grade,44,,,₹10.86 L,,independent,97
Erode (East),INC,1,0,False,Hand,Gopinath Palaniyappan,Male,91809,Master's Degree,51,,,₹16.49 Cr,,spa,98
Erode (East),BSP,2,0,False,Elephant,B.Chitra,Female,91810,Bachelor's Degree,30,,,₹1.76 L,,others,98
Erode (East),NTK,3,0,False,Farmer Carrying Plough,S.Thandavamoorthy,Male,91811,Bachelor's Degree,42,,,₹39.77 L,,ntk,98
Erode (East),AIADMK,4,0,False,Two leaves,R.Manoharan,Male,91812,Bachelor's Degree,65,,,₹14.19 Cr,,nda,98
Erode (East),VTK,5,0,False,Ring,M.Kamal Kumar,Male,91813,8th Grade,29,,,₹7.63 L,,others,98
Erode (East),VTVTK,6,0,False,Pestle and mortar,R.Dhandapani,Male,91814,8th Grade,49,,,"₹10,000",,others,98
Erode (East),TAMNK,7,0,False,Gas cylinder,K.Dhavasiappan,Male,91815,8th Grade,43,,,₹35.60 L,,others,98
Erode (East),TAVK,8,0,False,Camera,A.Manikandan,Male,91816,6th Grade,44,,,₹3.02 L,,others,98
Erode (East),SMNK,9,0,False,Walking stick,K.Manikannan,Male,91817,Not Specified,64,,,"₹81,235",,others,98
Erode (East),TVK,10,0,False,Whistle,M.Vijay Balaji,Male,91818,Bachelor's Degree,39,,,₹1.13 Cr,,tvk,98
Erode (East),IND,11,0,False,Cube,M.V.Karthy,Male,91819,Master's Degree,34,,,"₹98,000",,independent,98
Erode (East),IND,12,0,False,Matchbox,Shanmugam.P,Male,91820,10th Grade (SSLC),48,,,"₹11,000",,independent,98
Erode (East),IND,13,0,False,Chappals,M.Dharani Kumar,Male,91821,Bachelor's Degree,31,,,₹9.34 L,,independent,98
Erode (East),IND,14,0,False,Pressure cooker,C.Thiyagarajan,Male,91822,Master's Degree,48,,,₹2.86 Cr,,independent,98
Erode (East),IND,15,0,False,Diamond,Nathiya.S,Female,91823,8th Grade,39,,,"₹12,200",,independent,98
Erode (East),IND,16,0,False,Helmet,H.Mohamed Gaipeer,Male,91824,8th Grade,52,,,"₹50,000",,independent,98
Erode (East),IND,17,0,False,Pen nib with seven rays,J.Muthu Bava,Male,91825,7th Grade,32,,,₹17.34 L,,independent,98
Erode (East),IND,18,0,False,Almirah,M.Murugesan,Male,91826,Master's Degree,63,,,₹6.47 L,,independent,98
Erode (East),IND,19,0,False,Batsman,S.Lakshmanathan,Male,91827,Not Specified,49,,,"₹10,866",,independent,98
Erode (East),IND,20,0,False,Box,R.Vairam,Male,91828,10th Grade (SSLC),66,,,₹11.30 L,,independent,98
Erode (West),BSP,1,0,False,Elephant,V . Palani,Male,91829,10th Grade (SSLC),61,,,₹39.60 L,,others,99
Erode (West),DMK,2,0,False,Rising sun,S.Muthusamy,Male,91830,Master's Degree,77,,,₹1.80 Cr,,spa,99
Erode (West),BJP,3,0,False,Lotus,M.Yuvaraja,Male,91831,Bachelor's Degree,45,,,₹5.79 Cr,,nda,99
Erode (West),NTK,4,0,False,Farmer Carrying Plough,N.Vijay,Male,91832,Master's Degree,40,,,₹2.52 L,,ntk,99
Erode (West),TVK,5,0,False,Whistle,Ananth Moghan K.K,Male,91833,Master's Degree,38,,,₹56.77 Cr,,tvk,99
Erode (West),SFRBC,6,0,False,Laptop,K.Kalaiyarasan,Male,91834,12th Grade (HSC / +2),65,,,₹1.44 Cr,,others,99
Erode (West),TAVK,7,0,False,Camera,V.Dhanalakshmi,Female,91369,5th Grade,37,,,₹48.48 L,,others,99
Erode (West),VTK,8,0,False,Ring,M.Nataraj,Male,91836,5th Grade,54,,,₹31.11 L,,others,99
Erode (West),SMNK,9,0,False,Walking stick,M.Rukmani,Female,91837,10th Grade (SSLC),45,,,₹9.06 L,,others,99
Erode (West),IND,10,0,False,Gas cylinder,Shanmugam M,Male,91838,8th Grade,52,,,₹8.50 L,,independent,99
Erode (West),IND,11,0,False,Truck,Moorthi P,Male,91839,Diploma / ITI,41,,,₹nan,,independent,99
Erode (West),IND,12,0,False,Water tank,A.Ramu,Male,91840,10th Grade (SSLC),47,,,₹5.48 L,,independent,99
Erode (West),IND,13,0,False,Scissors,C.Rajendran,Male,91841,Master's Degree,69,,,₹3.50 L,,independent,99
Modakkurichi,NTK,1,0,False,Farmer Carrying Plough,M.Arunkumar,Male,91842,Bachelor's Degree,45,,,₹63.82 L,,ntk,100
Modakkurichi,BJP,2,0,False,Lotus,S.Kirthika,Female,91843,Master's Degree,40,,,₹5.32 Cr,,nda,100
Modakkurichi,DMK,3,0,False,Rising sun,S.Senthilnathan,Male,91844,Bachelor's Degree,51,,,₹110.00 Cr,,spa,100
Modakkurichi,BSP,4,0,False,Elephant,K.Muniyappan,Male,91845,10th Grade (SSLC),54,,,₹15.00 L,,others,100
Modakkurichi,TAVK,5,0,False,Camera,R.Karthikeyan,Male,91846,10th Grade (SSLC),42,,,₹12.04 L,,others,100
Modakkurichi,TVK,6,0,False,Whistle,D.Shanmugan,Male,91847,Bachelor's Degree,57,,,₹15.48 Cr,,tvk,100
Modakkurichi,NKMK,7,0,False,Gas cylinder,M.Ramesh,Male,91848,Bachelor's Degree,45,,,₹5.10 Cr,,others,100
Modakkurichi,GPI,8,0,False,Lady finger,M.Ravikumar,Male,91849,Not Specified,55,,,₹1.21 L,,others,100
Modakkurichi,IND,9,0,False,Television,A.Kathirvel,Male,91850,9th Grade,61,,,"₹10,500",,independent,100
Modakkurichi,IND,10,0,False,Balloon,K.Dhanabal,Male,91851,Master's Degree,38,,,₹5.53 L,,independent,100
Modakkurichi,IND,11,0,False,Road roller,A.Duraisamy,Male,91835,5th Grade,49,,,₹1.10 L,,independent,100
Modakkurichi,IND,12,0,False,Scissors,R.Natarajan,Male,91853,Not Specified,65,,,₹41.30 L,,independent,100
Modakkurichi,IND,13,0,False,Helmet,L.Bharathi,Female,91854,5th Grade,52,,,₹4.35 L,,independent,100
Modakkurichi,IND,14,0,False,Diamond,R.Velusamy,Male,91855,5th Grade,42,,,"₹21,000",,independent,100
Dharapuram,DMK,1,0,False,Rising sun,Indirani.T,Female,91856,Diploma / ITI,64,,,₹5.08 Cr,,spa,101
Dharapuram,AIADMK,2,0,False,Two leaves,Sathyabama.P,Female,91857,10th Grade (SSLC),51,,,₹2.48 Cr,,nda,101
Dharapuram,NTK,3,0,False,Farmer Carrying Plough,Dhivya,Female,91858,Bachelor's Degree,28,,,₹4.77 L,,ntk,101
Dharapuram,TVK,4,0,False,Whistle,Gowri Chitra,Female,91859,Master's Degree,54,,,₹12.80 L,,tvk,101
Dharapuram,IND,5,0,False,Bat,Ananthi.S,Female,91860,Master's Degree,41,,,₹10.03 L,,independent,101
Dharapuram,IND,6,0,False,Battery Torch,Indhirani.C,Female,91861,Not Specified,51,,,"₹20,564",,independent,101
Dharapuram,IND,7,0,False,Electric pole,Gowri.P,Female,91862,Diploma / ITI,36,,,"₹83,422",,independent,101
Dharapuram,IND,8,0,False,Bead necklace,Mohanraj.M,Male,91863,Master's Degree,25,,,"₹10,006",,independent,101
Dharapuram,IND,9,0,False,Mike,Rohini.S,Female,91864,Bachelor's Degree,27,,,"₹74,000",,independent,101
Kangayam,NTK,1,0,False,Farmer Carrying Plough,Karmegan.M,Male,91865,Doctorate (Ph.D / MD),68,,,₹18.36 Cr,,ntk,102
Kangayam,DMK,2,0,False,Rising sun,M.P.Saminathan,Male,91866,Bachelor's Degree,61,,,₹6.04 Cr,,spa,102
Kangayam,AIADMK,3,0,False,Two leaves,Nsn Nataraj,Male,91867,Bachelor's Degree,68,,,₹nan,,nda,102
Kangayam,SFRBC,4,0,False,Laptop,P.Thirugnanasambantham,Male,91868,Bachelor's Degree,50,,,₹70.19 L,,others,102
Kangayam,TVK,5,0,False,Whistle,Mani Gounder,Male,91869,Bachelor's Degree,72,,,₹3.44 Cr,,tvk,102
Kangayam,GPI,6,0,False,Lady finger,R.Vijayalakshmi,Female,91870,10th Grade (SSLC),49,,,₹20.54 L,,others,102
Kangayam,IND,7,0,False,Bat,K.Arumugam,Male,91871,Bachelor's Degree,59,,,₹4.94 L,,independent,102
Kangayam,IND,8,0,False,Coconut farm,R.Immanuvel,Male,91872,12th Grade (HSC / +2),40,,,₹3.85 L,,independent,102
Kangayam,IND,9,0,False,CCTV Camera,Karthikeyan,Male,91873,6th Grade,41,,,₹3.40 L,,independent,102
Kangayam,IND,10,0,False,Dish antenna,Gowtham,Male,91874,Master's Degree,37,,,₹10.74 L,,independent,102
Kangayam,IND,11,0,False,Electric pole,T.Nataraj,Male,91875,5th Grade,73,,,₹nan,,independent,102
Kangayam,IND,12,0,False,Telephone,Palanisamy,Male,91876,Not Specified,46,,,"₹51,000",,independent,102
Kangayam,IND,13,0,False,Pen nib with seven rays,P.Parthiban,Male,91877,10th Grade (SSLC),37,,,₹7.20 L,,independent,102
Kangayam,IND,14,0,False,Trumpet,P.Mani,Male,91878,6th Grade,47,,,"₹87,000",,independent,102
Kangayam,IND,15,0,False,Mixee,B.Rajendran,Male,91879,Bachelor's Degree,69,,,"₹90,000",,independent,102
Perundurai,BSP,1,0,False,Elephant,Eswaran. P,Male,91880,Bachelor's Degree,43,,,₹14.05 L,,others,103
Perundurai,NTK,2,0,False,Farmer Carrying Plough,Ingur. C.Loganathan,Male,91881,Diploma / ITI,49,,,₹69.48 L,,ntk,103
Perundurai,DMK,3,0,False,Rising sun,Thoppu Venkatachalam (Alias) N.D.Venkatachalam,Male,91882,Bachelor's Degree,62,,,₹nan,,spa,103
Perundurai,AIADMK,4,0,False,Two leaves,Jayakumar. S,Male,91883,Not Specified,46,,,₹24.51 Cr,,nda,103
Perundurai,TVK,5,0,False,Whistle,Arunachalam. V.P,Male,91884,12th Grade (HSC / +2),73,,,₹59.01 Cr,,tvk,103
Perundurai,TAVK,6,0,False,Camera,Shanthosh Krishnan. S,Male,91885,Diploma / ITI,42,,,"₹79,000",,others,103
Perundurai,SMNK,7,0,False,Walking stick,Valarmathi. P,Female,91886,8th Grade,53,,,"₹11,259",,others,103
Perundurai,IND,8,0,False,CCTV Camera,Santhosh. S,Male,91887,Diploma / ITI,29,,,₹nan,,independent,103
Perundurai,IND,9,0,False,Gas cylinder,Selvaraju. M,Male,91888,Bachelor's Degree,42,,,₹10.88 L,,independent,103
Perundurai,IND,10,0,False,Gas Stove,Palanisamy. M,Male,91889,10th Grade (SSLC),50,,,₹20.81 L,,independent,103
Perundurai,IND,11,0,False,Tea filter,Venkatachalam. C,Male,91890,7th Grade,70,,,₹67.32 L,,independent,103
Perundurai,IND,12,0,False,Grapes,George Stephen. A,Male,91891,Diploma / ITI,45,,,₹1.10 L,,independent,103
Perundurai,IND,13,0,False,Diamond,Jayaprakash. K,Male,91892,Not Specified,45,,,₹nan,,independent,103
Bhavani,AIADMK,1,0,True,Two leaves,Karuppanan. K.C,Male,91893,10th Grade (SSLC),69,,,₹12.28 Cr,,nda,104
Bhavani,DMK,2,0,False,Rising sun,Chandrasekar. K.A,Male,91894,12th Grade (HSC / +2),51,,,₹3.60 Cr,,spa,104
Bhavani,BSP,3,0,False,Elephant,Sekar. K,Male,91895,5th Grade,50,,,₹4.24 L,,others,104
Bhavani,NTK,4,0,False,Farmer Carrying Plough,Mohanadevi. R,Female,91896,Master's Degree,25,,,₹4.08 L,,ntk,104
Bhavani,SMNK,5,0,False,Walking stick,Parasakthi. P,Male,91897,8th Grade,62,,,₹3.24 L,,others,104
Bhavani,TAVK,6,0,False,Camera,Palanisamy. P.K,Male,91898,10th Grade (SSLC),51,,,₹89.40 L,,others,104
Bhavani,TVK,7,0,False,Whistle,Balakrishnan,Male,91899,Bachelor's Degree,70,,,₹10.23 Cr,,tvk,104
Bhavani,MML,8,0,False,Matchbox,Vimalraj. R,Male,91900,Diploma / ITI,32,,,₹2.10 L,,others,104
Bhavani,IND,9,0,False,Gas cylinder,Arumugam. P.V,Male,91901,10th Grade (SSLC),51,,,₹1.41 Cr,,independent,104
Bhavani,IND,10,0,False,Scissors,Kannan. M,Male,91902,Bachelor's Degree,40,,,₹1.59 Cr,,independent,104
Bhavani,IND,11,0,False,Truck,Karthikeyan. P,Male,91903,Bachelor's Degree,46,,,₹3.76 L,,independent,104
Bhavani,IND,12,0,False,Electric pole,Boopathi Rajaraja Chozhan. M,Male,91904,6th Grade,40,,,₹5.51 L,,independent,104
Bhavani,IND,13,0,False,Black board,Perumal. V.M,Male,91905,Not Specified,72,,,"₹15,000",,independent,104
Bhavani,IND,14,0,False,Sofa,Manikkam. P,Male,91906,9th Grade,39,,,"₹60,000",,independent,104
Anthiyur,NTK,1,0,False,Farmer Carrying Plough,Aalangattur Anandhi,Female,91907,Master's Degree,40,,,₹16.11 L,,ntk,105
Anthiyur,BSP,2,0,False,Elephant,Kavibharathi.K,Male,91908,6th Grade,35,,,₹8.30 L,,others,105
Anthiyur,DMK,3,0,False,Rising sun,Sivabalan.M,Male,91909,Bachelor's Degree,42,,,₹nan,,spa,105
Anthiyur,AIADMK,4,0,False,Two leaves,Haribaskar.P,Male,91910,Not Specified,39,,,₹1.92 Cr,,nda,105
Anthiyur,SMNK,5,0,False,Bucket,Ramasamy.S,Male,91911,Bachelor's Degree,39,,,"₹11,523",,others,105
Anthiyur,TAVK,6,0,False,Camera,Easwaramurthi.K,Male,91912,Master's Degree,50,,,₹78.21 L,,others,105
Anthiyur,AJPK,7,0,False,Gas cylinder,Gobal.S.C.R,Male,91913,6th Grade,69,,,₹13.12 L,,ajpk,105
Anthiyur,TVK,8,0,False,Whistle,Vijay Venkatesh.M,Male,91914,Bachelor's Degree,35,,,₹68.10 L,,tvk,105
Anthiyur,IND,9,0,False,Syringe,Karthi.M,Male,91915,10th Grade (SSLC),33,,,₹12.25 L,,independent,105
Anthiyur,IND,10,0,False,Pressure cooker,Sankarkumar.K.A,Male,91916,Master's Degree,40,,,₹4.00 L,,independent,105
Anthiyur,IND,11,0,False,Almirah,Selvi.A,Female,91917,9th Grade,48,,,₹6.30 L,,independent,105
Anthiyur,IND,12,0,False,Peas,Dhanabal.C,Male,91918,Master's Degree,44,,,₹2.30 L,,independent,105
Anthiyur,IND,13,0,False,Diamond,Veeran.K,Male,91919,10th Grade (SSLC),42,,,"₹17,500",,independent,105
Anthiyur,IND,14,0,False,Bead necklace,Sheik Davood.A.M,Male,91920,Bachelor's Degree,62,,,"₹75,000",,independent,105
Gobichettipalayam,NTK,1,0,False,Farmer Carrying Plough,Seethalakshmi.M.K,Female,91921,Master's Degree,51,,,₹31.53 L,,ntk,106
Gobichettipalayam,DMK,2,0,False,Rising sun,Nallasivam.N,Male,91922,Bachelor's Degree,58,,,₹86.00 L,,spa,106
Gobichettipalayam,AIADMK,3,0,False,Two leaves,Prabhu.V.B,Male,91923,Diploma / ITI,43,,,₹10.79 Cr,,nda,106
Gobichettipalayam,BSP,4,0,False,Elephant,Ravikumar.R,Male,91924,6th Grade,42,,,₹3.24 L,,others,106
Gobichettipalayam,TVK,5,0,True,Whistle,Sengottaiyan.K.A,Male,91925,10th Grade (SSLC),78,,,₹35.82 L,,tvk,106
Gobichettipalayam,TAVK,6,0,False,Camera,Thiruvengatesh.M,Male,91926,Not Specified,28,,,₹4.65 L,,others,106
Gobichettipalayam,SFRBC,7,0,False,Laptop,Malarvizhi,Female,91927,Master's Degree,43,,,₹15.41 L,,others,106
Gobichettipalayam,IND,8,0,False,Matchbox,Anandhakumar.M,Male,91928,7th Grade,43,,,₹5.20 L,,independent,106
Gobichettipalayam,IND,9,0,False,Battery Torch,Sakthivel.G,Male,91929,10th Grade (SSLC),51,,,₹5.20 L,,independent,106
Gobichettipalayam,IND,10,0,False,Biscuit,Shanmugam.G,Male,91930,7th Grade,56,,,₹6.60 L,,independent,106
Gobichettipalayam,IND,11,0,False,Nail cutter,Seetha.R,Female,91931,10th Grade (SSLC),46,,,₹16.25 L,,independent,106
Gobichettipalayam,IND,12,0,False,Frying pan,Sumathi.G,Female,91932,10th Grade (SSLC),57,,,₹15.36 L,,independent,106
Gobichettipalayam,IND,13,0,False,Tyres,Selvakumar.R,Male,91933,12th Grade (HSC / +2),33,,,"₹65,078",,independent,106
Gobichettipalayam,IND,14,0,False,Jackfruit,Dhanapal.K,Male,91934,7th Grade,40,,,₹1.01 Cr,,independent,106
Gobichettipalayam,IND,15,0,False,Rubber stamp,Palanisamyraaj.M,Male,91935,Not Specified,72,,,₹22.08 L,,independent,106
Gobichettipalayam,IND,16,0,False,Tea filter,Bhuvaneshwari.A,Female,91936,9th Grade,30,,,"₹25,000",,independent,106
Gobichettipalayam,IND,17,0,False,Pen drive,Ramesh.P,Male,91937,9th Grade,40,,,₹1.40 L,,independent,106
Gobichettipalayam,IND,18,0,False,Binoculars,Venkatachalam,Male,91938,Not Specified,70,,,₹6.60 L,,independent,106
Bhavanisagar,CPI,1,0,False,Ears of corn and sickle,P.L.Sundaram,Male,91939,9th Grade,57,,,"₹64,120",,spa,107
Bhavanisagar,NTK,2,0,False,Farmer Carrying Plough,S.Soundarya,Female,91940,12th Grade (HSC / +2),26,,,₹5.75 L,,ntk,107
Bhavanisagar,AIADMK,3,0,True,Two leaves,A.Bannari,Male,91941,Bachelor's Degree,47,,,₹nan,,nda,107
Bhavanisagar,BSP,4,0,False,Elephant,B.Palaniswamy,Male,91942,Master's Degree,34,,,₹2.06 L,,others,107
Bhavanisagar,TVK,5,0,False,Whistle,V.P.Tamilselvi,Female,91943,Master's Degree,59,,,₹2.52 Cr,,tvk,107
Bhavanisagar,AIPTMMK,6,0,False,Coconut farm,Rakki,Male,91944,Not Specified,65,,,"₹50,000",,ajpk,107
Bhavanisagar,IND,7,0,False,Chess board,A.Amrish,Male,91945,Bachelor's Degree,31,,,₹nan,,independent,107
Bhavanisagar,IND,8,0,False,Balloon,Gopalan.M,Male,91946,Not Specified,60,,,₹12.30 L,,independent,107
Bhavanisagar,IND,9,0,False,Diamond,C.Palanichamy,Male,91947,Bachelor's Degree,59,,,"₹10,000",,independent,107
Bhavanisagar,IND,10,0,False,Stethoscope,S.Palaniswamy,Male,91948,Not Specified,62,,,₹76.85 L,,independent,107
Bhavanisagar,IND,11,0,False,Electric pole,Ramakrishnan,Male,91949,10th Grade (SSLC),35,,,"₹10,000",,independent,107
Bhavanisagar,IND,12,0,False,Ring,Dr.Hanumaiah.C,Male,91950,Doctorate (Ph.D / MD),49,,,₹8.43 L,,independent,107
Udhagamandalam,BJP,1,0,False,Lotus,Bhojarajan.M,Male,91951,Bachelor's Degree,79,,,₹nan,,nda,108
Udhagamandalam,NTK,2,0,False,Farmer Carrying Plough,Ragupathy.B,Male,91952,Doctorate (Ph.D / MD),48,,,₹nan,,ntk,108
Udhagamandalam,INC,3,0,False,Hand,Ramachandran.B,Male,91953,Bachelor's Degree,59,,,₹85.13 L,,spa,108
Udhagamandalam,TVK,4,0,False,Whistle,Ibrahim.R,Male,91954,12th Grade (HSC / +2),40,,,₹nan,,tvk,108
Udhagamandalam,TAVK,5,0,False,Camera,Saveetha.R,Female,91955,Diploma / ITI,43,,,₹45.00 L,,others,108
Udhagamandalam,IND,6,0,False,CCTV Camera,Manian.R,Male,91956,12th Grade (HSC / +2),48,,,₹26.18 L,,independent,108
Gudalur,NTK,1,0,False,Farmer Carrying Plough,Karthik.R,Male,91957,Bachelor's Degree,31,,,₹7.84 L,,ntk,109
Gudalur,DMK,2,0,False,Rising sun,Dhravidamani.M,Male,91958,Master's Degree,66,,,₹55.48 L,,spa,109
Gudalur,AIADMK,3,0,True,Two leaves,Pon.Jayaseelan,Male,91959,Bachelor's Degree,53,,,₹76.43 L,,nda,109
Gudalur,TVK,4,0,False,Whistle,Deepak Sai Kishore.A,Male,91960,Bachelor's Degree,47,,,₹3.51 L,,tvk,109
Gudalur,VTVTK,5,0,False,Pestle and mortar,Raj.S.K,Male,91961,8th Grade,58,,,₹12.21 L,,others,109
Gudalur,IND,6,0,False,Bat,Thilagaraj.N,Male,91962,Not Specified,45,,,₹1.50 L,,independent,109
Coonoor,NTK,1,0,False,Farmer Carrying Plough,K.Deenu,Female,91963,Bachelor's Degree,37,,,₹10.10 L,,ntk,110
Coonoor,AIADMK,2,0,False,Two leaves,A.Ramu,Male,91964,Master's Degree,62,,,₹20.27 Cr,,nda,110
Coonoor,DMK,3,0,False,Rising sun,M.Raju,Male,91965,12th Grade (HSC / +2),60,,,₹2.91 Cr,,spa,110
Coonoor,TVK,4,0,False,Whistle,C.Thangaraju,Male,91966,Bachelor's Degree,58,,,₹16.99 Cr,,tvk,110
Coonoor,IND,5,0,False,Trumpet,C.Dinesh Kumar,Male,91967,Bachelor's Degree,34,,,₹6.40 L,,independent,110
Coonoor,IND,6,0,False,Gift pack,D.Vidhyasagar,Male,91968,Bachelor's Degree,28,,,₹3.63 L,,independent,110
Mettuppalayam,DMK,1,0,False,Rising sun,Smt.Kavitha Kalyanasundaram,Female,91969,Master's Degree,47,,,₹120.41 Cr,,spa,111
Mettuppalayam,NTK,2,0,False,Farmer Carrying Plough,S.Gopalakrishnan,Male,91970,Diploma / ITI,42,,,₹2.59 Cr,,ntk,111
Mettuppalayam,AIADMK,3,0,False,Two leaves,O.K.Chinnaraj,Male,91971,12th Grade (HSC / +2),72,,,₹39.43 L,,nda,111
Mettuppalayam,VTVTK,4,0,False,Pestle and mortar,S.Abdul Rahiman,Male,91972,Diploma / ITI,64,,,"₹30,000",,others,111
Mettuppalayam,NMK,5,0,False,Pen nib with seven rays,R.Sangeetha,Female,91661,10th Grade (SSLC),44,,,₹3.00 L,,others,111
Mettuppalayam,APTADMK,6,0,False,Jackfruit,Sivarajr,Male,91974,10th Grade (SSLC),50,,,₹11.06 L,,others,111
Mettuppalayam,TVK,7,0,False,Whistle,Sunilanand,Male,91975,Not Specified,53,,,₹5.35 Cr,,tvk,111
Mettuppalayam,AIPTMMK,8,0,False,Coconut farm,Dhamotharanv,Male,91976,10th Grade (SSLC),33,,,"₹5,527",,ajpk,111
Mettuppalayam,SFRBC,9,0,False,Laptop,C.Nagaraj,Male,91977,10th Grade (SSLC),62,,,₹67.52 L,,others,111
Mettuppalayam,IND,10,0,False,Dish antenna,T.Amirthalingam,Male,91978,10th Grade (SSLC),67,,,"₹50,000",,independent,111
Mettuppalayam,IND,11,0,False,Kettle,V.Anandkumar,Male,91979,Bachelor's Degree,32,,,"₹50,000",,independent,111
Mettuppalayam,IND,12,0,False,Violin,S.Kavitha,Female,91980,10th Grade (SSLC),46,,,₹42.50 L,,independent,111
Mettuppalayam,IND,13,0,False,Bucket,T.R.Shanmugasundaram,Male,91981,6th Grade,65,,,₹3.95 Cr,,independent,111
Mettuppalayam,IND,14,0,False,Brush,A.Sathiyaleela,Female,91982,10th Grade (SSLC),67,,,₹1.05 Cr,,independent,111
Mettuppalayam,IND,15,0,False,Helmet,N.Saravana Kumar,Male,91983,10th Grade (SSLC),32,,,"₹42,824",,independent,111
Mettuppalayam,IND,16,0,False,Mike,R.Chinnaraj,Male,91984,10th Grade (SSLC),60,,,₹3.55 L,,independent,111
Mettuppalayam,IND,17,0,False,Diamond,V.Senthil Kumar,Male,91985,Diploma / ITI,51,,,₹11.25 L,,independent,111
Mettuppalayam,IND,18,0,False,Computer,M.Palanichami,Male,91986,5th Grade,57,,,"₹50,000",,independent,111
Mettuppalayam,IND,19,0,False,Gramophone,C.Mahendran,Male,91987,10th Grade (SSLC),65,,,"₹50,000",,independent,111
Mettuppalayam,IND,20,0,False,Funnel,Manoharan,Male,91988,7th Grade,65,,,"₹50,000",,independent,111
Mettuppalayam,IND,21,0,False,Gas cylinder,Rangasamyp,Male,90713,3rd Grade,83,,,"₹50,000",,independent,111
Mettuppalayam,IND,22,0,False,Ring,P.Ravichandran,Male,91990,12th Grade (HSC / +2),41,,,"₹11,032",,independent,111
Avanashi,DMK,1,0,False,Rising sun,Dr. Gokilamani.V,Female,91991,Bachelor's Degree,28,,,₹32.78 L,,spa,112
Avanashi,BSP,2,0,False,Elephant,Govindan.P,Male,91992,10th Grade (SSLC),65,,,₹10.28 L,,others,112
Avanashi,BJP,3,0,False,Lotus,Dr. L.Murugan,Male,91993,Bachelor's Degree,48,,,₹75.85 L,,nda,112
Avanashi,NTK,4,0,False,Farmer Carrying Plough,Menaka. V,Female,91994,Bachelor's Degree,28,,,₹4.88 L,,ntk,112
Avanashi,GPI,5,0,False,Lady finger,Arumugam.R,Male,91995,Not Specified,62,,,₹5.31 L,,others,112
Avanashi,TVK,6,0,False,Whistle,Kamali.S,Female,91996,Master's Degree,28,,,₹26.14 L,,tvk,112
Avanashi,TAVK,7,0,False,Camera,Chinnasamy.V,Male,91997,8th Grade,45,,,₹25.40 L,,others,112
Avanashi,IND,8,0,False,Gas cylinder,Arumugam. P,Male,91998,Not Specified,50,,,₹nan,,independent,112
Avanashi,IND,9,0,False,Tube light,Anandhi.S,Female,91999,Not Specified,46,,,₹27.31 L,,independent,112
Avanashi,IND,10,0,False,Diamond,Gokilamani. M,Female,92000,7th Grade,49,,,₹1.07 L,,independent,112
Avanashi,IND,11,0,False,Bat,Sathiyarasu. R,Male,92001,7th Grade,38,,,₹1.34 L,,independent,112
Avanashi,IND,12,0,False,Balloon,Subramani.C.K,Male,92002,Not Specified,59,,,"₹68,622",,independent,112
Avanashi,IND,13,0,False,Road roller,Dhanabal.R,Male,92003,10th Grade (SSLC),45,,,₹1.07 L,,independent,112
Avanashi,IND,14,0,False,Ring,Moorthi.R,Male,92004,6th Grade,32,,,"₹11,000",,independent,112
Tiruppur (North),NTK,1,0,False,Farmer Carrying Plough,R.Abinaya,Female,92005,Bachelor's Degree,29,,,₹70.98 L,,ntk,113
Tiruppur (North),AIADMK,2,0,False,Two leaves,M.S.M.Anandan,Male,92006,10th Grade (SSLC),64,,,₹21.35 L,,nda,113
Tiruppur (North),CPI,3,0,False,Ears of corn and sickle,M.Ravi Alias M.Subramanian,Male,92007,10th Grade (SSLC),70,,,₹2.99 Cr,,spa,113
Tiruppur (North),BSP,4,0,False,Elephant,L.James Reynold,Male,92008,9th Grade,47,,,₹1.82 L,,others,113
Tiruppur (North),APTADMK,5,0,False,Jackfruit,T.Krishnaswamy,Male,92009,Not Specified,65,,,₹11.58 L,,others,113
Tiruppur (North),TVK,6,0,False,Whistle,V.Sathyabama,Female,92010,Master's Degree,54,,,₹52.94 L,,tvk,113
Tiruppur (North),TAVK,7,0,False,Camera,Py.Dhatchinamurthy,Male,92011,10th Grade (SSLC),72,,,₹1.30 L,,others,113
Tiruppur (North),IND,8,0,False,Electric pole,S.Anandhakumar,Male,92012,12th Grade (HSC / +2),44,,,₹nan,,independent,113
Tiruppur (North),IND,9,0,False,Lady finger,K.Anand,Male,92013,Not Specified,45,,,"₹15,000",,independent,113
Tiruppur (North),IND,10,0,False,Stethoscope,Ganishkar,Male,92014,Bachelor's Degree,28,,,"₹64,564",,independent,113
Tiruppur (North),IND,11,0,False,Helmet,G.Balakrishnan,Male,92015,9th Grade,43,,,₹35.16 L,,independent,113
Tiruppur (North),IND,12,0,False,Gas cylinder,M.Rangasamy,Male,92016,8th Grade,55,,,₹7.60 L,,independent,113
Tiruppur (North),IND,13,0,False,Ship,P.Ravi,Male,92017,7th Grade,55,,,₹12.93 L,,independent,113
Tiruppur (North),IND,14,0,False,Water tank,R.Vishnumoorthy,Male,92018,7th Grade,46,,,"₹26,700",,independent,113
Tiruppur (North),IND,15,0,False,Coconut farm,K.Venkadaswamy,Male,92019,10th Grade (SSLC),68,,,₹74.39 L,,independent,113
Tiruppur (South),BJP,1,0,False,Lotus,Thangaraj. S,Male,92020,9th Grade,47,,,₹nan,,nda,114
Tiruppur (South),NTK,2,0,False,Farmer Carrying Plough,Dinesh. P.N,Male,92021,Master's Degree,38,,,₹15.86 L,,ntk,114
Tiruppur (South),DMK,3,0,False,Rising sun,Dineshkumar. N,Male,92022,Not Specified,47,,,₹3.84 Cr,,spa,114
Tiruppur (South),BSP,4,0,False,Elephant,Rangasamy. S,Male,92023,8th Grade,41,,,₹1.66 L,,others,114
Tiruppur (South),AIFB,5,0,False,Lion,Kalimuthu. K,Male,92024,9th Grade,42,,,₹2.77 Cr,,others,114
Tiruppur (South),TVK,6,0,False,Whistle,Balamurugan. S,Male,92025,12th Grade (HSC / +2),49,,,₹2.34 Cr,,tvk,114
Tiruppur (South),IDMK,7,0,False,Television,Malarvizhi. G,Female,92026,Diploma / ITI,52,,,₹10.54 L,,others,114
Tiruppur (South),GPI,8,0,False,Lady finger,Mohamed Mubarak Ali,Male,92027,10th Grade (SSLC),42,,,₹1.08 L,,others,114
Tiruppur (South),APTADMK,9,0,False,Jackfruit,Vijayakumar. M,Male,92028,12th Grade (HSC / +2),50,,,₹5.92 L,,others,114
Tiruppur (South),TAVK,10,0,False,Camera,John Basha. A,Male,92029,12th Grade (HSC / +2),40,,,₹15.50 L,,others,114
Tiruppur (South),IND,11,0,False,Truck,Amuthavel. P,Male,92030,Bachelor's Degree,44,,,₹48.51 L,,independent,114
Tiruppur (South),IND,12,0,False,Ship,Dr. Ramakrishnan. S,Male,92031,Doctorate (Ph.D / MD),43,,,₹9.66 L,,independent,114
Tiruppur (South),IND,13,0,False,Brief case,Karthikadevi. K,Female,92032,7th Grade,31,,,₹1.05 L,,independent,114
Tiruppur (South),IND,14,0,False,Battery Torch,Kesavamurthi. N,Male,92033,10th Grade (SSLC),43,,,₹1.04 Cr,,independent,114
Tiruppur (South),IND,15,0,False,Pressure cooker,Dhanabal. D,Male,92034,Bachelor's Degree,47,,,₹2.05 Cr,,independent,114
Tiruppur (South),IND,16,0,False,Diamond,Dineshkumar,Male,92035,12th Grade (HSC / +2),34,,,"₹22,693",,independent,114
Tiruppur (South),IND,17,0,False,Boat with man and sail,Dineshkumar,Male,92036,Bachelor's Degree,28,,,₹43.26 L,,independent,114
Tiruppur (South),IND,18,0,False,Mike,Dineshkumar. V,Male,92037,10th Grade (SSLC),33,,,₹1.48 L,,independent,114
Tiruppur (South),IND,19,0,False,Belt,Mahalingam. V,Male,92038,Not Specified,59,,,₹2.16 L,,independent,114
Tiruppur (South),IND,20,0,False,Ring,Rathinavel. M,Male,92039,12th Grade (HSC / +2),51,,,₹17.61 L,,independent,114
Tiruppur (South),IND,21,0,False,Matchbox,Ramesh. S,Male,92040,10th Grade (SSLC),48,,,₹11.37 L,,independent,114
Tiruppur (South),IND,22,0,False,Dustbin,Vasanthamani. K,Female,92041,Not Specified,56,,,₹8.52 L,,independent,114
Tiruppur (South),IND,23,0,False,Gas cylinder,Venkadasamy. K,Male,92042,10th Grade (SSLC),68,,,₹17.39 L,,independent,114
Tiruppur (South),IND,24,0,False,Pen nib with seven rays,Venkatachalam. G,Male,92043,10th Grade (SSLC),63,,,₹7.60 L,,independent,114
Palladam,DMK,1,0,False,Rising sun,K.Selvaraj,Male,92044,5th Grade,70,,,₹1.37 Cr,,spa,115
Palladam,NTK,2,0,False,Farmer Carrying Plough,K.V.Thamiliniyan,Male,92045,Bachelor's Degree,28,,,₹26.70 L,,ntk,115
Palladam,AIADMK,3,0,False,Two leaves,K.P.Paramasivam,Male,92046,9th Grade,70,,,₹16.41 Cr,,nda,115
Palladam,BSP,4,0,False,Elephant,K.Rathinasamy,Male,92047,5th Grade,48,,,₹4.67 L,,others,115
Palladam,APTADMK,5,0,False,Jackfruit,K.Sakthivel,Male,92048,10th Grade (SSLC),46,,,₹11.06 L,,others,115
Palladam,TAMNK,6,0,False,Electric pole,S.Dharmaraj,Male,92049,8th Grade,69,,,₹500,,others,115
Palladam,TVK,7,0,False,Whistle,K.Ramkumar,Male,92050,9th Grade,37,,,₹12.35 L,,tvk,115
Palladam,IND,8,0,False,Gas cylinder,A.Annadurai,Male,92051,10th Grade (SSLC),53,,,₹3.08 L,,independent,115
Palladam,IND,9,0,False,Battery Torch,Annadurai.R,Male,92052,Not Specified,53,,,₹5.25 L,,independent,115
Palladam,IND,10,0,False,Road roller,S.Arumugam,Male,92053,Bachelor's Degree,42,,,₹3.35 L,,independent,115
Palladam,IND,11,0,False,Bucket,A.Saravanan,Male,92054,Not Specified,52,,,₹3.35 L,,independent,115
Palladam,IND,12,0,False,Lady finger,G.Selvaraj,Male,92055,7th Grade,65,,,₹1.78 L,,independent,115
Palladam,IND,13,0,False,Fountain,M.Selvaraj,Male,92056,6th Grade,51,,,"₹28,020",,independent,115
Palladam,IND,14,0,False,Diamond,V.Mohanraj,Male,92057,Diploma / ITI,27,,,₹8.31 L,,independent,115
Palladam,IND,15,0,False,Coconut farm,A.Ramesh,Male,92058,12th Grade (HSC / +2),43,,,₹1.72 L,,independent,115
Sulur,AIADMK,1,0,False,Two leaves,V.P.Kandasamy,Male,92059,Bachelor's Degree,66,,,₹1.89 Cr,,nda,116
Sulur,DMK,2,0,False,Rising sun,Thalapathy Murugesan,Male,92060,10th Grade (SSLC),64,,,₹1.09 Cr,,spa,116
Sulur,NTK,3,0,False,Farmer Carrying Plough,Dr.S.Rajasekaran,Male,92061,Doctorate (Ph.D / MD),53,,,₹7.68 Cr,,ntk,116
Sulur,APTADMK,4,0,False,Jackfruit,Kanthasamy.K,Male,92062,10th Grade (SSLC),46,,,₹2.25 L,,others,116
Sulur,TVK,5,0,False,Whistle,Nm.Sukumar,Male,92063,Diploma / ITI,56,,,₹1.70 Cr,,tvk,116
Sulur,TAVK,6,0,False,Camera,Suman Singh.R,Male,92064,Bachelor's Degree,29,,,₹1.04 Cr,,others,116
Sulur,GPI,7,0,False,Lady finger,Nagaraj.K,Male,92065,Not Specified,62,,,₹6.79 L,,others,116
Sulur,TAMNK,8,0,False,Electric pole,Nelson.W,Male,92066,6th Grade,62,,,₹nan,,others,116
Sulur,SFRBC,9,0,False,Laptop,Palanisamy.M,Male,92067,Master's Degree,68,,,₹1.03 Cr,,others,116
Sulur,AIPTMMK,10,0,False,Coconut farm,Pappa Muthulakshmi.P,Female,92068,Master's Degree,45,,,₹86.02 L,,ajpk,116
Sulur,IND,11,0,False,Tongs,Kandasamy.A,Male,92069,10th Grade (SSLC),55,,,₹7.98 L,,independent,116
Sulur,IND,12,0,False,Peas,Kandasamy.R,Male,92070,Diploma / ITI,53,,,₹4.03 L,,independent,116
Sulur,IND,13,0,True,Green chilli,Kandasamy.V,Male,92071,12th Grade (HSC / +2),58,,,₹87.40 L,,independent,116
Sulur,IND,14,0,False,Bat,Murugesan.N,Male,92072,8th Grade,42,,,₹1.51 L,,independent,116
Sulur,IND,15,0,False,Water melon,Murugesh.R,Male,92073,5th Grade,51,,,"₹90,000",,independent,116
Kavundampalayam,AIADMK,1,0,False,Two leaves,Arunkumar Prg,Male,92074,10th Grade (SSLC),64,,,₹nan,,nda,117
Kavundampalayam,NTK,2,0,False,Farmer Carrying Plough,Kalamani Jaganathan,Female,92075,Bachelor's Degree,38,,,₹2.80 Cr,,ntk,117
Kavundampalayam,INC,3,0,False,Hand,Surya Prakash K.P,Male,92076,Bachelor's Degree,29,,,₹8.27 L,,spa,117
Kavundampalayam,BSP,4,0,False,Elephant,K.Velmurugan,Male,92077,Master's Degree,62,,,₹1.10 Cr,,others,117
Kavundampalayam,TAVK,5,0,False,Camera,Thozhar.N.Arunkumar,Male,92078,Diploma / ITI,40,,,₹45.33 L,,others,117
Kavundampalayam,TVK,6,0,False,Whistle,Kanimozhi Santhosh,Female,92079,Bachelor's Degree,37,,,₹16.03 Cr,,tvk,117
Kavundampalayam,SFRBC,7,0,False,Laptop,S.Thamarai Kannan,Male,92080,Bachelor's Degree,42,,,₹15.12 L,,others,117
Kavundampalayam,TMMK,8,0,False,Gas cylinder,V.Pushpanantham,Male,92081,Bachelor's Degree,57,,,"₹52,000",,others,117
Kavundampalayam,AIPTMMK,9,0,False,Coconut farm,Malliga.M,Female,92082,Master's Degree,44,,,₹5.56 L,,ajpk,117
Kavundampalayam,IND,10,0,False,Road roller,Kanimozhi.K,Female,92083,10th Grade (SSLC),37,,,₹8.02 L,,independent,117
Kavundampalayam,IND,11,0,False,Ring,Suriyakumar.K,Male,92084,Master's Degree,37,,,₹39.81 L,,independent,117
Kavundampalayam,IND,12,0,False,Diamond,A.Balamurugan,Male,92085,Primary (Up to 4th),40,,,₹1.07 Cr,,independent,117
Kavundampalayam,IND,13,0,False,Air conditioner,M.Rajalingam,Male,92086,Master's Degree,43,,,₹3.97 L,,independent,117
Kavundampalayam,IND,14,0,False,Balloon,M.John Bosco,Male,92087,Bachelor's Degree,54,,,₹nan,,independent,117
Coimbatore (North),BSP,1,0,False,Elephant,P.Krishnasamy,Male,92088,6th Grade,59,,,₹19.90 L,,others,118
Coimbatore (North),DMK,2,0,False,Rising sun,Durai. Senthamil Selvan B.E,Male,92089,Bachelor's Degree,38,,,₹55.21 L,,spa,118
Coimbatore (North),NTK,3,0,False,Farmer Carrying Plough,Narmadha. G,Female,92090,Master's Degree,44,,,₹70.92 L,,ntk,118
Coimbatore (North),BJP,4,0,False,Lotus,Vanathi Srinivasan,Female,92091,Master's Degree,55,,,₹nan,,nda,118
Coimbatore (North),TPMK,5,0,False,Drill machine,K.Udhayakumar,Male,92092,9th Grade,56,,,₹1.22 L,,others,118
Coimbatore (North),TVK,6,0,False,Whistle,V.Sampathkumar,Male,92093,Master's Degree,47,,,₹1.09 Cr,,tvk,118
Coimbatore (North),SMNK,7,0,False,Walking stick,S.Senthilkumar,Male,92094,12th Grade (HSC / +2),49,,,"₹44,000",,others,118
Coimbatore (North),TMMK,8,0,False,Gas cylinder,S.Meenakshi Sundaram,Male,92095,Bachelor's Degree,39,,,"₹52,800",,others,118
Coimbatore (North),AIPTMMK,9,0,False,Coconut farm,K.Raghul Gandhi,Male,92096,10th Grade (SSLC),37,,,₹2.05 L,,ajpk,118
Coimbatore (North),TAVK,10,0,False,Camera,Rajasekaran. B,Male,92097,10th Grade (SSLC),47,,,"₹87,000",,others,118
Coimbatore (North),IND,11,0,False,Plate containing food,G.D.Krishnakumar,Male,92098,8th Grade,49,,,₹78.63 L,,independent,118
Coimbatore (North),IND,12,0,False,Lady finger,V.Krishnan,Male,93710,8th Grade,55,,,₹2.01 Cr,,independent,118
Coimbatore (North),IND,13,0,False,Harmonium,R.Sathish Kumar,Male,92100,10th Grade (SSLC),47,,,₹4.28 L,,independent,118
Coimbatore (North),IND,14,0,False,Bangles,K.Sampath Kumar,Male,92101,10th Grade (SSLC),53,,,₹21.39 L,,independent,118
Coimbatore (North),IND,15,0,False,Telephone,S.Sampathkumar,Male,92102,8th Grade,57,,,₹59.45 L,,independent,118
Coimbatore (North),IND,16,0,False,CCTV Camera,R.Sampath Kumar,Male,92103,10th Grade (SSLC),40,,,₹7.15 L,,independent,118
Coimbatore (North),IND,17,0,False,Stool,P.Saravanan,Male,92104,Not Specified,40,,,₹15.59 L,,independent,118
Coimbatore (North),IND,18,0,False,Trumpet,A.K.Senthamizh Selvan,Male,92105,Master's Degree,42,,,₹38.31 L,,independent,118
Coimbatore (North),IND,19,0,False,Flute,R.Sethuragunathan,Male,92106,12th Grade (HSC / +2),53,,,"₹43,000",,independent,118
Coimbatore (North),IND,20,0,False,Refrigerator,S.Dhana Raj,Male,92107,Bachelor's Degree,43,,,₹6.50 L,,independent,118
Coimbatore (North),IND,21,0,False,Sitar,Palanikumar. V,Male,92108,Diploma / ITI,40,,,₹17.96 L,,independent,118
Coimbatore (North),IND,22,0,False,Diamond,Balu. P.M,Male,92109,Master's Degree,41,,,₹3.25 L,,independent,118
Coimbatore (North),IND,23,0,False,Violin,R.Manian,Male,92110,8th Grade,51,,,"₹7,426",,independent,118
Coimbatore (North),IND,24,0,False,Batsman,A.Marimuthu,Male,92111,8th Grade,45,,,"₹9,426",,independent,118
Coimbatore (North),IND,25,0,False,Chappals,A.Ramesh,Male,92112,Bachelor's Degree,48,,,"₹75,017",,independent,118
Coimbatore (North),IND,26,0,False,Binoculars,Ravi. V,Male,92113,10th Grade (SSLC),63,,,"₹61,000",,independent,118
Coimbatore (North),IND,27,0,False,Football player,G.Rajkumar,Male,92114,12th Grade (HSC / +2),63,,,"₹4,024",,independent,118
Coimbatore (North),IND,28,0,False,Road roller,V.Lingaraja,Male,92115,Bachelor's Degree,39,,,₹3.31 L,,independent,118
Thondamuthur,DMK,1,0,False,Rising sun,N.R.Karthikeyan,Male,92116,Bachelor's Degree,57,,,₹33.27 L,,spa,119
Thondamuthur,NTK,2,0,False,Farmer Carrying Plough,Rajabu Nisha.Z,Female,92117,12th Grade (HSC / +2),25,,,₹79.14 L,,ntk,119
Thondamuthur,AIADMK,3,0,True,Two leaves,S.P.Velumani,Male,92118,Not Specified,56,,,₹6.95 Cr,,nda,119
Thondamuthur,TVK,4,0,False,Whistle,Sathish Raju (Alias) K.P.R.Sathish,Male,92119,Master's Degree,44,,,₹nan,,tvk,119
Thondamuthur,TAVK,5,0,False,Camera,Shajahan.S,Male,92120,Bachelor's Degree,47,,,₹11.76 L,,others,119
Thondamuthur,IND,6,0,False,Air conditioner,Arulkumar.P,Male,92121,Bachelor's Degree,33,,,₹13.90 L,,independent,119
Thondamuthur,IND,7,0,False,CCTV Camera,Kalaivani.S,Female,92122,Diploma / ITI,33,,,₹27.25 L,,independent,119
Thondamuthur,IND,8,0,False,Bat,Karthikeyan.M,Male,92123,Bachelor's Degree,30,,,"₹14,500",,independent,119
Thondamuthur,IND,9,0,False,Gas cylinder,Karthikeyan.R,Male,92124,12th Grade (HSC / +2),49,,,₹23.46 L,,independent,119
Thondamuthur,IND,10,0,False,Tooth brush,Karthikeyan.R-Thondamuthur,Male,92125,6th Grade,44,,,₹3.04 L,,independent,119
Thondamuthur,IND,11,0,False,Pen nib with seven rays,Karthikeyan.R-Pooluvapatti,Male,92126,5th Grade,48,,,₹14.49 L,,independent,119
Thondamuthur,IND,12,0,False,Ship,Kowsalya.V,Female,92127,12th Grade (HSC / +2),27,,,"₹15,000",,independent,119
Thondamuthur,IND,13,0,False,Diamond,Sivaraman.C,Male,92128,Bachelor's Degree,43,,,₹nan,,independent,119
Thondamuthur,IND,14,0,False,Gift pack,Deepa.G.S,Female,92129,12th Grade (HSC / +2),48,,,₹5.14 L,,independent,119
Thondamuthur,IND,15,0,False,Coconut farm,Devadass.K,Male,92130,Not Specified,58,,,₹1.63 L,,independent,119
Thondamuthur,IND,16,0,False,Cot,Nirmalkumar.R,Male,92131,10th Grade (SSLC),28,,,₹1.34 L,,independent,119
Thondamuthur,IND,17,0,False,Diesel pump,Balamani.V,Female,92132,5th Grade,40,,,"₹22,000",,independent,119
Thondamuthur,IND,18,0,False,Wheel barrow,Manokaran.K,Male,92133,5th Grade,49,,,"₹15,500",,independent,119
Thondamuthur,IND,19,0,False,Helmet,Rafeeq.A.M,Male,92134,10th Grade (SSLC),56,,,"₹25,600",,independent,119
Thondamuthur,IND,20,0,False,Battery Torch,Vijaya.K,Female,92135,Not Specified,39,,,₹nan,,independent,119
Thondamuthur,IND,21,0,False,Ring,Viswanathan.M,Male,92136,7th Grade,42,,,"₹30,001",,independent,119
Coimbatore (South),AIADMK,1,0,False,Two leaves,Amman K.Arjunan,Male,92137,10th Grade (SSLC),68,,,₹8.51 Cr,,nda,120
Coimbatore (South),DMK,2,0,False,Rising sun,V Senthilbalaji,Male,92138,Bachelor's Degree,50,,,₹2.47 Cr,,spa,120
Coimbatore (South),NTK,3,0,False,Farmer Carrying Plough,Perarivalan. V,Male,92139,10th Grade (SSLC),25,,,"₹58,134",,ntk,120
Coimbatore (South),TAVK,4,0,False,Camera,Gokula Krishnan.S,Male,92140,Bachelor's Degree,26,,,₹4.47 Cr,,others,120
Coimbatore (South),TVK,5,0,False,Whistle,V.Senthilkumar,Male,92141,9th Grade,47,,,₹1.44 L,,tvk,120
Coimbatore (South),NGPP,6,0,False,Battery Torch,B.Dhandapani,Male,92142,6th Grade,53,,,₹50.25 L,,others,120
Coimbatore (South),TMMK,7,0,False,Gas cylinder,G.Maheshwaran,Male,92143,Master's Degree,41,,,"₹12,000",,others,120
Coimbatore (South),IND,8,0,False,Balloon,N.Abilazan,Male,92144,Bachelor's Degree,37,,,₹7.08 L,,independent,120
Coimbatore (South),IND,9,0,False,Diamond,Imthiyas,Male,92145,10th Grade (SSLC),36,,,₹1.95 L,,independent,120
Coimbatore (South),IND,10,0,False,Mike,P.Kathiravan,Male,92146,Bachelor's Degree,32,,,₹3.13 L,,independent,120
Coimbatore (South),IND,11,0,False,Belt,Gopalakrishnan,Male,92147,Bachelor's Degree,46,,,₹13.12 L,,independent,120
Coimbatore (South),IND,12,0,False,Gas Stove,P.Sangararaj,Male,92148,10th Grade (SSLC),44,,,₹nan,,independent,120
Coimbatore (South),IND,13,0,False,Mixee,J.Suriyakumar,Male,92149,Master's Degree,31,,,₹14.20 L,,independent,120
Coimbatore (South),IND,14,0,False,Pen nib with seven rays,M.Senthilkumar,Male,92150,10th Grade (SSLC),55,,,₹2.39 L,,independent,120
Coimbatore (South),IND,15,0,False,Lady finger,V.Senthilkumar,Male,92151,Bachelor's Degree,42,,,₹1.47 Cr,,independent,120
Coimbatore (South),IND,16,0,False,Electric pole,K.Dinesh Kumar,Male,92152,Bachelor's Degree,28,,,₹57.80 Cr,,independent,120
Coimbatore (South),IND,17,0,False,Ginger,P.Palanivel,Male,92153,Bachelor's Degree,45,,,₹6.12 L,,independent,120
Coimbatore (South),IND,18,0,False,Letter box,J.Praveenkumar,Male,92154,Bachelor's Degree,28,,,₹57.80 Cr,,independent,120
Coimbatore (South),IND,19,0,False,Bat,T.Magizhan,Male,92155,Bachelor's Degree,29,,,₹10.08 L,,independent,120
Coimbatore (South),IND,20,0,False,Kettle,P.Manoj,Male,92156,10th Grade (SSLC),32,,,₹18.30 L,,independent,120
Coimbatore (South),IND,21,0,False,Bangles,B.Yuvaraj,Male,92157,Bachelor's Degree,28,,,₹12.58 L,,independent,120
Coimbatore (South),IND,22,0,False,Crane,S.Rangaraj,Male,92158,Bachelor's Degree,64,,,₹62.69 L,,independent,120
Coimbatore (South),IND,23,0,False,Grapes,M.Ravichandran,Male,92159,Bachelor's Degree,57,,,"₹41,000",,independent,120
Coimbatore (South),IND,24,0,False,Ring,K.S.Rajagopal,Male,92160,Bachelor's Degree,38,,,₹10.65 L,,independent,120
Coimbatore (South),IND,25,0,False,Telephone,K.Rajapandian,Male,92161,Bachelor's Degree,30,,,₹6.80 L,,independent,120
Coimbatore (South),IND,26,0,False,Violin,D.Vigneshwaran,Male,92162,Bachelor's Degree,34,,,₹16.53 L,,independent,120
Coimbatore (South),IND,27,0,False,Water melon,K.Vijayan,Male,92163,10th Grade (SSLC),40,,,₹23.31 L,,independent,120
Coimbatore (South),IND,28,0,False,Ship,Venkatachalam Paramasivam,Male,92164,Bachelor's Degree,46,,,₹2.27 L,,independent,120
Coimbatore (South),IND,29,0,False,Helmet,V.Velmurugan,Male,92165,5th Grade,45,,,"₹10,000",,independent,120
Coimbatore (South),IND,30,0,False,Green chilli,M.John Bosco,Male,92166,Bachelor's Degree,54,,,₹2.13 Cr,,independent,120
Coimbatore (South),IND,31,0,False,Matchbox,L.Hakkim,Male,92167,10th Grade (SSLC),26,,,₹9.99 L,,independent,120
Singanallur,BSP,1,0,False,Elephant,Sivaji Perumal,Male,92168,7th Grade,51,,,"₹95,500",,others,121
Singanallur,NTK,2,0,False,Farmer Carrying Plough,Nehruji Gunasekaran,Male,92169,Bachelor's Degree,32,,,₹88.55 L,,ntk,121
Singanallur,AIADMK,3,0,False,Two leaves,K.R.Jayaram,Male,92170,10th Grade (SSLC),53,,,₹87.86 Cr,,nda,121
Singanallur,INC,4,0,False,Hand,V.Srinidhi,Female,92171,Bachelor's Degree,37,,,₹1.61 Cr,,spa,121
Singanallur,AIPTMMK,5,0,False,Coconut farm,N.R.Appathurai,Male,92172,Bachelor's Degree,75,,,₹5.12 Cr,,ajpk,121
Singanallur,SFRBC,6,0,False,Laptop,Sarveswaran,Male,92173,Bachelor's Degree,58,,,₹1.84 Cr,,others,121
Singanallur,RSD (R),7,0,False,Pressure cooker,S.S.Sundharam,Male,92174,Bachelor's Degree,54,,,₹6.41 L,,others,121
Singanallur,GPI,8,0,False,Lady finger,Murugan.O,Male,92175,Not Specified,50,,,₹12.33 L,,others,121
Singanallur,TVK,9,0,False,Whistle,K.S.Sri Giri Prasath,Male,92176,Bachelor's Degree,43,,,₹4.80 Cr,,tvk,121
Singanallur,IND,10,0,False,Pen nib with seven rays,Akbar Ali,Male,92177,8th Grade,58,,,"₹14,500",,independent,121
Singanallur,IND,11,0,False,Bat,M.Ashok Kumar,Male,92178,Bachelor's Degree,33,,,₹2.87 L,,independent,121
Singanallur,IND,12,0,False,Triangle,Ayoob Riyas,Male,92179,Master's Degree,36,,,"₹11,525",,independent,121
Singanallur,IND,13,0,False,Tennis racket & ball,N.Rajasekaran,Male,92180,Bachelor's Degree,50,,,₹7.70 L,,independent,121
Singanallur,IND,14,0,False,Flute,Uma Paramasivam,Female,92181,Master's Degree,33,,,₹nan,,independent,121
Singanallur,IND,15,0,False,Wall hook,Karthik,Male,92182,10th Grade (SSLC),37,,,₹8.52 L,,independent,121
Singanallur,IND,16,0,False,Ring,K.Kumar Babu,Male,92183,9th Grade,64,,,₹nan,,independent,121
Singanallur,IND,17,0,False,School bag,S.Satheesh,Male,92184,8th Grade,54,,,₹5.08 L,,independent,121
Singanallur,IND,18,0,False,Gas cylinder,Subaramanian.N,Male,92185,9th Grade,74,,,"₹37,000",,independent,121
Singanallur,IND,19,0,False,Matchbox,P.Tamilselvi,Female,92186,10th Grade (SSLC),66,,,₹6.65 L,,independent,121
Singanallur,IND,20,0,False,Diamond,Thahir Hussain,Male,92187,Bachelor's Degree,29,,,₹32.11 L,,independent,121
Singanallur,IND,21,0,False,Balloon,V.Balamurugan,Male,92188,Master's Degree,50,,,₹4.03 L,,independent,121
Singanallur,IND,22,0,False,Ship,R.Manikandabrabhu,Male,92189,10th Grade (SSLC),38,,,₹3.73 L,,independent,121
Singanallur,IND,23,0,False,Stumps,A.Mounakumar,Male,92190,Bachelor's Degree,26,,,₹1.10 L,,independent,121
Singanallur,IND,24,0,False,Bucket,Dr.K.Rajkumar,Male,92191,Doctorate (Ph.D / MD),45,,,₹2.15 L,,independent,121
Singanallur,IND,25,0,False,Jackfruit,Rajkumar.M,Male,92192,10th Grade (SSLC),45,,,"₹90,000",,independent,121
Singanallur,IND,26,0,False,Bangles,Vasanthi,Female,92193,10th Grade (SSLC),45,,,₹4.30 L,,independent,121
Singanallur,IND,27,0,False,Bricks,Vijayakumar,Male,92194,8th Grade,61,,,"₹16,000",,independent,121
Singanallur,IND,28,0,False,Mike,Janani.D,Female,92195,Master's Degree,26,,,₹5.43 L,,independent,121
Kinathukadavu,DMK,1,0,False,Rising sun,Sabari Karthikeyan K.V.K.S,Male,92196,Master's Degree,46,,,₹62.58 Cr,,spa,122
Kinathukadavu,AIADMK,2,0,True,Two leaves,Damodaran S,Male,92197,10th Grade (SSLC),75,,,₹1.04 Cr,,nda,122
Kinathukadavu,NTK,3,0,False,Farmer Carrying Plough,Banupriya M,Female,92198,Bachelor's Degree,42,,,₹16.77 L,,ntk,122
Kinathukadavu,GPI,4,0,False,Lady finger,Mariyappan R,Male,92199,Not Specified,48,,,"₹24,720",,others,122
Kinathukadavu,TVK,5,0,False,Whistle,Vignesh K,Male,92200,Bachelor's Degree,38,,,₹3.86 Cr,,tvk,122
Pollachi,BSP,1,0,False,Elephant,C.M.Aruchamy,Male,92201,6th Grade,60,,,₹15.40 L,,others,123
Pollachi,NTK,2,0,False,Farmer Carrying Plough,N.Senthil Kumar,Male,92202,Master's Degree,51,,,₹7.65 Cr,,ntk,123
Pollachi,DMK,3,0,False,Rising sun,K.Nithyanandhan,Male,92203,Bachelor's Degree,54,,,₹16.70 Cr,,spa,123
Pollachi,AIADMK,4,0,True,Two leaves,Pollachi V.Jayaraman,Male,92204,Not Specified,72,,,₹85.11 Cr,,nda,123
Pollachi,TVK,5,0,False,Whistle,G.Ramanathan,Male,92205,Bachelor's Degree,33,,,₹1.35 Cr,,tvk,123
Pollachi,IND,6,0,False,Throwing a javelin,V.Karthikeyan,Male,92206,Bachelor's Degree,30,,,"₹82,018",,independent,123
Pollachi,IND,7,0,False,Bench,P.Nagaraj,Male,92207,10th Grade (SSLC),70,,,₹2.15 L,,independent,123
Pollachi,IND,8,0,False,Socks,T.Nithyanantham,Male,92208,10th Grade (SSLC),34,,,₹8.20 L,,independent,123
Pollachi,IND,9,0,False,Shutter,K.Nithyanandan,Male,92209,Not Specified,51,,,₹nan,,independent,123
Pollachi,IND,10,0,False,Dolli,M.Jayaprathap,Male,92210,Bachelor's Degree,32,,,₹4.80 L,,independent,123
Pollachi,IND,11,0,False,Tennis racket & ball,S.Jeyaram,Male,92211,12th Grade (HSC / +2),38,,,₹2.86 L,,independent,123
Pollachi,IND,12,0,False,Tea filter,M.Jayaram,Male,92212,12th Grade (HSC / +2),44,,,₹7.69 L,,independent,123
Pollachi,IND,13,0,False,CCTV Camera,M.Jayaraman,Male,92213,Bachelor's Degree,32,,,₹4.80 L,,independent,123
Valparai,NTK,1,0,False,Farmer Carrying Plough,Umadevi. P,Female,92214,Master's Degree,29,,,₹6.29 L,,ntk,124
Valparai,DMK,2,0,False,Rising sun,Kutty (Alias) Sudhakar. A,Male,92215,12th Grade (HSC / +2),49,,,₹14.08 L,,spa,124
Valparai,AIADMK,3,0,False,Two leaves,Lekshmana Singh. D,Male,92216,12th Grade (HSC / +2),57,,,₹1.05 Cr,,nda,124
Valparai,TVK,4,0,False,Whistle,Dr. Sridharan. A,Male,92217,Doctorate (Ph.D / MD),69,,,₹10.08 Cr,,tvk,124
Valparai,IND,5,0,False,Bat,Perumal. K,Male,92218,Not Specified,30,,,₹1.37 L,,independent,124
Valparai,IND,6,0,False,Electric pole,Lakshmi. N,Female,92219,Not Specified,44,,,₹1.24 L,,independent,124
Udumalaipettai,AIADMK,1,0,False,Two leaves,Radhakrishnan K,Male,92220,Bachelor's Degree,60,,,₹35.21 L,,nda,125
Udumalaipettai,NTK,2,0,False,Farmer Carrying Plough,Ram Kumar M,Male,92221,Bachelor's Degree,30,,,₹4.63 L,,ntk,125
Udumalaipettai,DMK,3,0,False,Rising sun,Jayakumar M,Male,92222,Master's Degree,50,,,₹63.13 L,,spa,125
Udumalaipettai,TVK,4,0,False,Whistle,Sankar K,Male,92223,Primary (Up to 4th),50,,,₹26.29 L,,tvk,125
Udumalaipettai,IND,5,0,False,Battery Torch,Umar Ali D,Male,92224,Not Specified,58,,,₹20.40 L,,independent,125
Udumalaipettai,IND,6,0,False,Electric pole,Elsy C,Female,92225,Diploma / ITI,66,,,₹2.37 L,,independent,125
Udumalaipettai,IND,7,0,False,Coconut farm,Ganesh S,Male,92226,8th Grade,31,,,"₹11,001",,independent,125
Udumalaipettai,IND,8,0,False,Bat,Kalimuthu S,Male,92227,Diploma / ITI,37,,,₹33.02 L,,independent,125
Udumalaipettai,IND,9,0,False,Pen nib with seven rays,Padmendraprakash A,Male,92228,8th Grade,48,,,"₹67,950",,independent,125
Udumalaipettai,IND,10,0,False,Ring,Mahendran A,Male,92229,8th Grade,34,,,"₹11,009",,independent,125
Udumalaipettai,IND,11,0,False,Letter box,Ramasamy S,Male,92230,12th Grade (HSC / +2),67,,,₹28.50 L,,independent,125
Madathukulam,NTK,1,0,False,Farmer Carrying Plough,M Radhamani,Female,92231,Bachelor's Degree,38,,,₹55.39 L,,ntk,126
Madathukulam,DMK,2,0,False,Rising sun,R Jayaramakrishnan,Male,92232,Bachelor's Degree,59,,,₹2.64 Cr,,spa,126
Madathukulam,AMMK,3,0,False,Pressure cooker,C Shanmugavelu,Male,92233,Master's Degree,76,,,₹87.46 L,,nda,126
Madathukulam,PT,4,0,False,Gas cylinder,Ak Senthilkumar,Male,92234,Bachelor's Degree,54,,,"₹49,743",,others,126
Madathukulam,TVK,5,0,False,Whistle,R Thirumalai,Male,92235,Bachelor's Degree,33,,,₹14.65 L,,tvk,126
Madathukulam,IND,6,0,False,Camera,M Ahamed Ali,Male,92236,Diploma / ITI,46,,,₹5.35 L,,independent,126
Madathukulam,IND,7,0,False,Pestle and mortar,A Shanmugavel,Male,92237,6th Grade,60,,,₹13.91 L,,independent,126
Madathukulam,IND,8,0,False,Noodles bowl,K Shanmugavel,Male,92238,10th Grade (SSLC),37,,,₹69.59 L,,independent,126
Madathukulam,IND,9,0,False,Kettle,S Shanmugavel,Male,92239,Not Specified,52,,,₹5.12 L,,independent,126
Madathukulam,IND,10,0,False,Diamond,M Shanugavel,Male,92240,9th Grade,45,,,₹7.84 L,,independent,126
Madathukulam,IND,11,0,False,Ring,P Thangaraj,Male,92241,Primary (Up to 4th),51,,,₹nan,,independent,126
Madathukulam,IND,12,0,False,Electric pole,Sp Mahendran,Male,92242,Master's Degree,39,,,₹19.91 L,,independent,126
Madathukulam,IND,13,0,False,Telephone,K Vadivazhagan Balaji,Male,92243,Master's Degree,38,,,₹nan,,independent,126
Palani,BSP,1,0,False,Elephant,Nachimuthu. S,Male,92244,10th Grade (SSLC),50,,,₹23.42 L,,others,127
Palani,CPI(M),2,0,False,Hammer Sickle and Star,Pandi. N,Male,92245,10th Grade (SSLC),68,,,₹1.43 L,,spa,127
Palani,NTK,3,0,False,Farmer Carrying Plough,Murugeswari. B,Female,92246,Not Specified,27,,,₹nan,,ntk,127
Palani,AIADMK,4,0,False,Two leaves,Ravimanoharan. K,Male,92247,Diploma / ITI,57,,,₹nan,,nda,127
Palani,TVK,5,0,False,Whistle,Dr. Praveen Kumar. M,Male,92248,Doctorate (Ph.D / MD),40,,,₹1.80 Cr,,tvk,127
Palani,RSD (R),6,0,False,Ring,Ramamoorthi. G,Male,92249,Diploma / ITI,50,,,₹6.76 Cr,,others,127
Palani,PT,7,0,False,Gas cylinder,Vaykkaldurai. K,Male,92250,10th Grade (SSLC),47,,,₹18.71 L,,others,127
Palani,IND,8,0,False,Computer,Ashokkumar. G,Male,92251,Bachelor's Degree,32,,,₹2.19 Cr,,independent,127
Palani,IND,9,0,False,Dish antenna,Anbarasu. R,Male,92252,10th Grade (SSLC),46,,,₹4.01 L,,independent,127
Palani,IND,10,0,False,Coconut farm,Thannasiappan. P,Male,92253,Not Specified,64,,,₹5.50 L,,independent,127
Palani,IND,11,0,False,Sewing machine,Thirumalaisamy. B,Male,92254,10th Grade (SSLC),51,,,₹17.98 L,,independent,127
Palani,IND,12,0,False,Electric pole,Balachandran. M,Male,92255,Diploma / ITI,47,,,₹19.24 L,,independent,127
Palani,IND,13,0,False,Bat,Praveenkumar. R,Male,92256,Bachelor's Degree,29,,,"₹54,020",,independent,127
Palani,IND,14,0,False,Bead necklace,Madheswari. R,Female,92257,5th Grade,45,,,₹16.91 L,,independent,127
Palani,IND,15,0,False,Pen nib with seven rays,Jayakumar. T,Male,92258,Bachelor's Degree,29,,,₹1.20 L,,independent,127
Oddanchatram,DMK,1,0,True,Rising sun,Sakkarapani. R,Male,92259,Bachelor's Degree,64,,,₹5.41 Cr,,spa,128
Oddanchatram,BSP,2,0,False,Elephant,Murugaraj. P,Male,92260,10th Grade (SSLC),41,,,"₹30,803",,others,128
Oddanchatram,NTK,3,0,False,Farmer Carrying Plough,Ragupathi. P,Male,92261,Master's Degree,56,,,₹35.41 L,,ntk,128
Oddanchatram,BJP,4,0,False,Lotus,Vidiyal S.Sekar,Male,92262,Master's Degree,59,,,₹99.97 L,,nda,128
Oddanchatram,TVK,5,0,False,Whistle,Mohan. S,Male,92263,Diploma / ITI,46,,,₹1.59 Cr,,tvk,128
Oddanchatram,IND,6,0,False,Pen nib with seven rays,Alagiyannan. A,Male,92264,8th Grade,60,,,₹1.32 Cr,,independent,128
Oddanchatram,IND,7,0,False,Gas cylinder,Arumugam. M,Male,92265,6th Grade,59,,,"₹66,000",,independent,128
Oddanchatram,IND,8,0,False,Cauliflower,Ananthraj. T,Male,92266,12th Grade (HSC / +2),40,,,₹3.78 L,,independent,128
Oddanchatram,IND,9,0,False,Sitar,Kumarrathinam. M,Male,92267,Master's Degree,55,,,"₹11,826",,independent,128
Oddanchatram,IND,10,0,False,Cake,Chellamuthu. K,Male,92268,Bachelor's Degree,61,,,₹32.05 L,,independent,128
Oddanchatram,IND,11,0,False,Trumpet,Nagul Prakash. A,Male,92269,Bachelor's Degree,32,,,₹3.70 L,,independent,128
Oddanchatram,IND,12,0,False,Diamond,Prabaharan. M,Male,92270,Bachelor's Degree,35,,,₹23.45 L,,independent,128
Oddanchatram,IND,13,0,False,Coconut farm,Manikannan. A,Male,92271,Bachelor's Degree,26,,,₹1.42 L,,independent,128
Oddanchatram,IND,14,0,False,Computer,Raghunath. K,Male,92272,Bachelor's Degree,29,,,₹4.50 L,,independent,128
Athoor,BSP,1,0,False,Elephant,S.Karthigaiselvan,Male,92273,Bachelor's Degree,30,,,"₹41,000",,others,129
Athoor,NTK,2,0,False,Farmer Carrying Plough,Dr. A.Simon Justin,Male,92274,Doctorate (Ph.D / MD),44,,,"₹57,764",,ntk,129
Athoor,DMK,3,0,False,Rising sun,I.Periasamy,Male,92275,Bachelor's Degree,73,,,₹2.81 Cr,,spa,129
Athoor,AIADMK,4,0,False,Two leaves,A.Viswanathan,Male,92276,Bachelor's Degree,72,,,₹1.99 Cr,,nda,129
Athoor,TVK,5,0,False,Whistle,N.Kalaiselvi,Female,92277,Not Specified,50,,,₹83.52 L,,tvk,129
Athoor,NMK,6,0,False,Pen nib with seven rays,D.Sankar,Male,91973,10th Grade (SSLC),42,,,₹14.25 L,,others,129
Athoor,AJPK,7,0,False,Pressure cooker,M.K.Nagendran,Male,92279,7th Grade,56,,,₹4.44 Cr,,ajpk,129
Athoor,TAVK,8,0,False,Camera,S.Bala Murugan,Male,92280,8th Grade,35,,,₹11.97 L,,others,129
Athoor,PT,9,0,False,Gas cylinder,K.Jayaprakash,Male,92281,10th Grade (SSLC),41,,,₹9.85 L,,others,129
Athoor,IND,10,0,False,Coconut farm,K.Kathiresan,Male,92282,Master's Degree,48,,,₹40.20 L,,independent,129
Athoor,IND,11,0,False,Air conditioner,D.Nagaraj,Male,92283,Not Specified,46,,,"₹37,760",,independent,129
Athoor,IND,12,0,False,Bat,M.Periyasamy,Male,92284,10th Grade (SSLC),47,,,"₹3,000",,independent,129
Athoor,IND,13,0,False,Truck,P.Manivel,Male,92285,Master's Degree,44,,,"₹10,000",,independent,129
Athoor,IND,14,0,False,Cot,K.Visvanathan,Male,92286,Not Specified,62,,,"₹29,810",,independent,129
Athoor,IND,15,0,False,Electric pole,K.Velmurugan,Male,92287,Not Specified,47,,,"₹34,750",,independent,129
Nilakkottai,NTK,1,0,False,Farmer Carrying Plough,D.Kailai Rajan,Male,92288,Not Specified,74,,,₹52.16 L,,ntk,130
Nilakkottai,AIADMK,2,0,True,Two leaves,S.Thenmozhi,Female,92289,12th Grade (HSC / +2),64,,,₹3.22 Cr,,nda,130
Nilakkottai,DMK,3,0,False,Rising sun,S.Nagajothi,Female,92290,Bachelor's Degree,42,,,₹1.78 Cr,,spa,130
Nilakkottai,BSP,4,0,False,Elephant,Rajalakshmi.M,Female,92291,Not Specified,34,,,₹24.21 L,,others,130
Nilakkottai,TVK,5,0,False,Whistle,R.Ayyanar,Male,92292,Master's Degree,38,,,₹3.67 L,,tvk,130
Nilakkottai,AIPTMMK,6,0,False,Coconut farm,G.Anbalagan,Male,92293,Doctorate (Ph.D / MD),74,,,₹91.00 L,,ajpk,130
Nilakkottai,PT,7,0,False,Gas cylinder,P.Sankar,Male,92294,Master's Degree,46,,,₹3.32 L,,others,130
Nilakkottai,RPI(A),8,0,False,Ganna kisan,P.Selvam,Male,92295,Bachelor's Degree,45,,,₹7.00 L,,others,130
Nilakkottai,IND,9,0,False,Sitar,A.Alappan,Male,92296,Master's Degree,44,,,"₹50,000",,independent,130
Nilakkottai,IND,10,0,False,Electric pole,S.Karuppaiah,Male,92297,Bachelor's Degree,45,,,₹2.46 L,,independent,130
Nilakkottai,IND,11,0,False,Iron,Chellam,Male,92298,Not Specified,71,,,₹13.10 L,,independent,130
Nilakkottai,IND,12,0,False,Television,N.Perumal,Male,92299,10th Grade (SSLC),73,,,₹9.94 L,,independent,130
Nilakkottai,IND,13,0,False,Peas,P.Manikandan,Male,92300,Not Specified,46,,,"₹32,744",,independent,130
Nilakkottai,IND,14,0,False,Ring,M.Manoharan,Male,92301,Not Specified,61,,,₹51.69 L,,independent,130
Nilakkottai,IND,15,0,False,Pen nib with seven rays,M.Vijayapandian,Male,92302,10th Grade (SSLC),26,,,"₹55,000",,independent,130
Natham,NTK,1,0,False,Farmer Carrying Plough,Alagammal A,Female,92303,Bachelor's Degree,36,,,₹3.08 L,,ntk,131
Natham,DMK,2,0,False,Rising sun,Selvakumar K,Male,92304,Bachelor's Degree,46,,,₹nan,,spa,131
Natham,AIADMK,3,0,True,Two leaves,Natham R Viswanathan,Male,92305,Bachelor's Degree,76,,,₹nan,,nda,131
Natham,TAVK,4,0,False,Camera,Alex S,Male,92306,6th Grade,43,,,"₹30,000",,others,131
Natham,TVK,5,0,False,Whistle,Ramesh L N,Male,92307,Master's Degree,47,,,₹1.45 Cr,,tvk,131
Natham,AJPK,6,0,False,Gas cylinder,Rajasekaran P,Male,92308,Diploma / ITI,27,,,₹1.31 L,,ajpk,131
Natham,PT,7,0,False,Box,Vijayakumar S,Male,92309,Bachelor's Degree,31,,,₹4.35 L,,others,131
Natham,IND,8,0,False,Diamond,Gopal R,Male,92310,10th Grade (SSLC),49,,,"₹40,000",,independent,131
Natham,IND,9,0,False,Bat,Satham Usain M,Male,92311,12th Grade (HSC / +2),30,,,"₹48,883",,independent,131
Natham,IND,10,0,False,Balloon,Sundar C,Male,92312,12th Grade (HSC / +2),45,,,₹4.40 L,,independent,131
Natham,IND,11,0,False,Dish antenna,Dhandabani K,Male,92313,10th Grade (SSLC),54,,,₹3.85 L,,independent,131
Natham,IND,12,0,False,Flute,Tamilselvan C,Male,92314,Bachelor's Degree,43,,,₹1.00 L,,independent,131
Natham,IND,13,0,False,Road roller,Manikandan V,Male,92315,10th Grade (SSLC),49,,,"₹2,057",,independent,131
Natham,IND,14,0,False,Cot,Maria Arockiam S,Male,92316,6th Grade,57,,,"₹84,288",,independent,131
Natham,IND,15,0,False,Black board,Murugan K,Male,92317,10th Grade (SSLC),44,,,₹8.85 L,,independent,131
Natham,IND,16,0,False,Television,Murugesan C,Male,92318,Bachelor's Degree,48,,,₹2.80 L,,independent,131
Natham,IND,17,0,False,Laptop,Rama Janarthanan S,Male,92319,Master's Degree,45,,,₹32.71 L,,independent,131
Natham,IND,18,0,False,Water tank,Vadivel K,Male,92320,10th Grade (SSLC),46,,,₹7.78 L,,independent,131
Natham,IND,19,0,False,Bucket,Vijayakumar S,Male,92321,Bachelor's Degree,31,,,₹4.35 L,,independent,131
Natham,IND,20,0,False,Computer,Venkatesan G,Male,92322,Not Specified,54,,,₹14.46 L,,independent,131
Natham,IND,21,0,False,Cauliflower,Venkatesh P,Male,92323,10th Grade (SSLC),34,,,"₹34,000",,independent,131
Dindigul,AIADMK,1,0,True,Two leaves,Sreenivasan. C,Male,92324,Master's Degree,78,,,₹46.07 L,,nda,132
Dindigul,DMK,2,0,False,Rising sun,Senthilkumar. I.P,Male,92325,Master's Degree,47,,,₹6.05 Cr,,spa,132
Dindigul,NTK,3,0,False,Farmer Carrying Plough,Mutharasi. S,Female,92326,Master's Degree,35,,,₹4.58 L,,ntk,132
Dindigul,RSD (R),4,0,False,Ring,Gopi Krishnan Pillai. S,Male,92327,5th Grade,58,,,₹2.80 L,,others,132
Dindigul,TAVK,5,0,False,Camera,Sheik Bareeth.B,Male,92328,9th Grade,38,,,₹16.57 L,,others,132
Dindigul,TVK,6,0,False,Whistle,Nazeer Raja. G,Male,92329,10th Grade (SSLC),49,,,₹1.16 Cr,,tvk,132
Dindigul,PT,7,0,False,Gas cylinder,Pradeep. M,Male,92330,10th Grade (SSLC),34,,,₹36.95 L,,others,132
Dindigul,AIPTMMK,8,0,False,Coconut farm,Ramuthevar. P,Male,92331,5th Grade,69,,,₹2.21 Cr,,ajpk,132
Dindigul,IND,9,0,False,Diamond,Anis Babu. M,Male,92332,9th Grade,42,,,"₹30,000",,independent,132
Dindigul,IND,10,0,False,Balloon,Arockia Dass. J,Male,92333,Master's Degree,42,,,₹8.75 L,,independent,132
Dindigul,IND,11,0,False,Computer,Umar Ali. R,Male,92334,7th Grade,36,,,"₹21,801",,independent,132
Dindigul,IND,12,0,False,Batsman,Ganesh Perumal. D,Male,92335,Bachelor's Degree,27,,,"₹5,080",,independent,132
Dindigul,IND,13,0,False,Laptop,Karmegam. R,Male,92336,Diploma / ITI,52,,,₹56.77 L,,independent,132
Dindigul,IND,14,0,False,Truck,Saranya. M,Female,92337,Master's Degree,33,,,₹49.56 L,,independent,132
Dindigul,IND,15,0,False,Battery Torch,Seenivasan. P,Male,92338,6th Grade,35,,,₹nan,,independent,132
Dindigul,IND,16,0,False,Socks,Selvadhayanithi. M,Male,92339,12th Grade (HSC / +2),29,,,"₹29,960",,independent,132
Dindigul,IND,17,0,False,Road roller,Nagaraj. N,Male,92340,Master's Degree,41,,,₹9.26 L,,independent,132
Dindigul,IND,18,0,False,Pencil box,Babu. S,Male,92341,Bachelor's Degree,60,,,₹41.52 L,,independent,132
Dindigul,IND,19,0,False,Belt,Muniyappan. M,Male,92342,8th Grade,40,,,₹9.64 L,,independent,132
Dindigul,IND,20,0,False,Bat,Rajendran. G,Male,92343,Master's Degree,61,,,₹9.61 L,,independent,132
Vedasandur,NTK,1,0,False,Farmer Carrying Plough,Khaja Hussain Ahamed. A,Male,92344,Master's Degree,27,,,₹nan,,ntk,133
Vedasandur,DMK,2,0,False,Rising sun,Saminathan. T,Male,92345,Bachelor's Degree,56,,,₹8.27 Cr,,spa,133
Vedasandur,AIADMK,3,0,False,Two leaves,Paramasivam. V.P.B,Male,92346,Doctorate (Ph.D / MD),45,,,₹73.41 L,,nda,133
Vedasandur,TVK,4,0,False,Whistle,Dr.Nakajothi. N,Female,92347,Master's Degree,49,,,₹64.73 L,,tvk,133
Vedasandur,SMNK,5,0,False,Walking stick,Boomiraj. K,Male,92348,Bachelor's Degree,30,,,"₹25,000",,others,133
Vedasandur,TAVK,6,0,False,Camera,Ramesh. T,Male,92349,9th Grade,33,,,₹6.02 L,,others,133
Vedasandur,CPI(ML),7,0,False,Flag with three stars,Ravi. R,Male,92350,10th Grade (SSLC),44,,,₹1.27 L,,others,133
Vedasandur,IND,8,0,False,Bat,Suresh. B,Male,92351,Bachelor's Degree,32,,,"₹99,279",,independent,133
Vedasandur,IND,9,0,False,Computer,Selvaraj. V,Male,92352,10th Grade (SSLC),55,,,"₹25,000",,independent,133
Vedasandur,IND,10,0,False,Gift pack,Dhivakar. A,Male,92353,Bachelor's Degree,27,,,₹5.82 L,,independent,133
Vedasandur,IND,11,0,False,Box,Natchimuthu. R,Male,92354,10th Grade (SSLC),40,,,₹10.50 L,,independent,133
Vedasandur,IND,12,0,False,Pressure cooker,Manikandaprabhu. N C,Male,92355,Master's Degree,25,,,₹7.18 L,,independent,133
Vedasandur,IND,13,0,False,Jackfruit,Maneeshankar. M.G,Male,92356,Not Specified,51,,,₹nan,,independent,133
Vedasandur,IND,14,0,False,Table,Marimuthu. S,Male,92357,Diploma / ITI,31,,,₹5.52 L,,independent,133
Vedasandur,IND,15,0,False,Diamond,Murugan. V,Male,92358,Doctorate (Ph.D / MD),53,,,₹13.92 L,,independent,133
Aravakurichi,DMK,1,0,True,Rising sun,Elango R,Male,92359,Bachelor's Degree,55,,,₹87.93 L,,spa,134
Aravakurichi,BSP,2,0,False,Elephant,Suganya S,Female,92360,Master's Degree,32,,,₹5.28 L,,others,134
Aravakurichi,AIADMK,3,0,False,Two leaves,Selvakumar K,Male,92361,Bachelor's Degree,41,,,₹63.13 L,,nda,134
Aravakurichi,NTK,4,0,False,Farmer Carrying Plough,Naren S,Male,92362,Not Specified,28,,,₹21.15 L,,ntk,134
Aravakurichi,AIPTMMK,5,0,False,Coconut farm,Asiya Begum,Female,92363,Not Specified,55,,,₹4.85 L,,ajpk,134
Aravakurichi,TVK,6,0,False,Whistle,Karthikeyan P,Male,92364,9th Grade,57,,,₹1.46 Cr,,tvk,134
Aravakurichi,VKK,7,0,False,Gas cylinder,Sakthivel R,Male,92365,10th Grade (SSLC),43,,,₹57.49 L,,others,134
Aravakurichi,TAVK,8,0,False,Camera,Ravi Ag,Male,92366,12th Grade (HSC / +2),56,,,₹15.11 L,,others,134
Aravakurichi,IND,9,0,False,Road roller,Arasumani G,Male,92367,Bachelor's Degree,37,,,₹1.28 L,,independent,134
Aravakurichi,IND,10,0,False,Bench,Arivalagan M,Male,92368,Not Specified,67,,,₹nan,,independent,134
Aravakurichi,IND,11,0,False,Flute,Kathiresan M,Male,92369,Bachelor's Degree,29,,,₹2.86 L,,independent,134
Aravakurichi,IND,12,0,False,Scissors,Kaviyarasu T,Male,92370,Bachelor's Degree,29,,,₹5.65 L,,independent,134
Aravakurichi,IND,13,0,False,Cauliflower,Kirubananth S,Male,92371,Bachelor's Degree,36,,,₹5.99 L,,independent,134
Aravakurichi,IND,14,0,False,Head phone,Silambarasan P,Male,92372,Master's Degree,39,,,₹10.60 L,,independent,134
Aravakurichi,IND,15,0,False,Pen drive,Sivalingam T,Male,92373,Bachelor's Degree,37,,,₹16.55 L,,independent,134
Aravakurichi,IND,16,0,False,Calculator,Sowmiya R,Female,92374,Bachelor's Degree,43,,,₹8.64 L,,independent,134
Aravakurichi,IND,17,0,False,Football player,Tamilarasan M,Male,92375,Bachelor's Degree,26,,,"₹68,222",,independent,134
Aravakurichi,IND,18,0,False,Diamond,Natarajan P,Male,92376,10th Grade (SSLC),54,,,₹5.34 L,,independent,134
Aravakurichi,IND,19,0,False,Black board,Narendrakumar G,Male,92377,Bachelor's Degree,30,,,"₹38,000",,independent,134
Aravakurichi,IND,20,0,False,Hand cart,Natchimuthu V,Male,92378,Not Specified,54,,,"₹5,566",,independent,134
Aravakurichi,IND,21,0,False,Truck,Praveen S,Male,92379,Master's Degree,27,,,₹8.67 L,,independent,134
Aravakurichi,IND,22,0,False,Sitar,Boopathy S,Male,92380,Bachelor's Degree,33,,,₹9.78 L,,independent,134
Aravakurichi,IND,23,0,False,CCTV Camera,Manikandan T,Male,92381,Bachelor's Degree,35,,,"₹92,791",,independent,134
Aravakurichi,IND,24,0,False,Telephone,Mathiyalagan P,Male,92382,Bachelor's Degree,33,,,₹1.98 L,,independent,134
Aravakurichi,IND,25,0,False,Baby walker,Murugesan R,Male,92383,12th Grade (HSC / +2),34,,,₹1.21 L,,independent,134
Aravakurichi,IND,26,0,False,Batsman,Mohankumar K,Male,92384,12th Grade (HSC / +2),28,,,₹3.06 L,,independent,134
Aravakurichi,IND,27,0,False,Electric pole,Ragupathi S,Male,92385,Master's Degree,39,,,₹6.02 L,,independent,134
Aravakurichi,IND,28,0,False,Grapes,Ramalingam V,Male,92386,10th Grade (SSLC),31,,,₹3.22 L,,independent,134
Aravakurichi,IND,29,0,False,Water melon,Rajasekaran N,Male,92387,Bachelor's Degree,48,,,₹1.03 L,,independent,134
Aravakurichi,IND,30,0,False,Gas Stove,Rajendaran N,Male,92388,10th Grade (SSLC),48,,,₹7.21 L,,independent,134
Karur,NTK,1,0,False,Farmer Carrying Plough,Karuppaiya. R,Male,92389,Not Specified,60,,,₹nan,,ntk,135
Karur,DMK,2,0,False,Rising sun,Aasee.M.Thiagarajan,Male,92390,Bachelor's Degree,64,,,₹6.74 Cr,,spa,135
Karur,AIADMK,3,0,False,Two leaves,M.R.Vijayabhaskar,Male,92391,Not Specified,62,,,₹5.64 Cr,,nda,135
Karur,BSP,4,0,False,Elephant,Jayagopal. P,Male,92392,Diploma / ITI,61,,,₹67.83 L,,others,135
Karur,SMNK,5,0,False,Walking stick,Kalimuthu. V,Male,92393,7th Grade,34,,,"₹52,500",,others,135
Karur,TAVK,6,0,False,Camera,Gunasekaran. K,Male,92394,9th Grade,62,,,₹9.36 L,,others,135
Karur,TVK,7,0,False,Whistle,Mathiyalagan V.P,Male,92395,8th Grade,50,,,₹1.14 Cr,,tvk,135
Karur,GPI,8,0,False,Lady finger,Ramachandran. A,Male,92396,Not Specified,50,,,₹1.67 L,,others,135
Karur,IND,9,0,False,Harmonium,Asarudheen. A,Male,92397,Master's Degree,29,,,₹1.48 L,,independent,135
Karur,IND,10,0,False,Diesel pump,Arulmaniyarasu. P,Male,92398,Bachelor's Degree,37,,,₹5.50 L,,independent,135
Karur,IND,11,0,False,Jackfruit,Anbarasan. N,Male,92399,Bachelor's Degree,32,,,₹12.64 L,,independent,135
Karur,IND,12,0,False,Diamond,Anbazhagan. T,Male,92400,Bachelor's Degree,37,,,₹3.45 L,,independent,135
Karur,IND,13,0,False,Pen drive,Elamathi. S,Female,92401,Bachelor's Degree,34,,,₹2.54 L,,independent,135
Karur,IND,14,0,False,Table,Kathiravan. P,Male,92402,Bachelor's Degree,32,,,₹2.98 L,,independent,135
Karur,IND,15,0,False,Bench,Kathirvel. K,Male,92403,Bachelor's Degree,45,,,₹57.23 L,,independent,135
Karur,IND,16,0,False,Door bell,Kandasamy. P,Male,92404,Master's Degree,46,,,₹3.95 L,,independent,135
Karur,IND,17,0,False,Tennis racket & ball,Karunamoorthy. S,Male,92405,Bachelor's Degree,36,,,"₹88,500",,independent,135
Karur,IND,18,0,False,Water melon,Kalairaj. K,Male,92406,Bachelor's Degree,35,,,₹1.42 L,,independent,135
Karur,IND,19,0,False,Tiller,Kanagaraj. S,Male,92407,Bachelor's Degree,41,,,₹12.38 L,,independent,135
Karur,IND,20,0,False,Pen stand,Kanagaraj. P,Male,92408,Bachelor's Degree,36,,,₹25.71 L,,independent,135
Karur,IND,21,0,False,Letter box,Karthikperumal. R,Male,92409,Bachelor's Degree,33,,,₹19.64 L,,independent,135
Karur,IND,22,0,False,Hand cart,Kalimuthu. R,Male,92410,Bachelor's Degree,40,,,₹29.45 L,,independent,135
Karur,IND,23,0,False,Computer,Krishnakumar. K,Male,92411,Bachelor's Degree,34,,,₹11.47 L,,independent,135
Karur,IND,24,0,False,Pestle and mortar,Gopala Krishnan. A,Male,92412,Bachelor's Degree,40,,,₹3.82 L,,independent,135
Karur,IND,25,0,False,Gramophone,Sathish Kumar. S,Male,92413,Bachelor's Degree,35,,,₹21.32 L,,independent,135
Karur,IND,26,0,False,Ring,Sathish. P,Male,92414,Bachelor's Degree,37,,,₹33.17 L,,independent,135
Karur,IND,27,0,False,CCTV Camera,Sampath. S,Male,92415,Bachelor's Degree,49,,,₹2.22 L,,independent,135
Karur,IND,28,0,False,Gas Stove,Saravanan. R,Male,92416,Bachelor's Degree,53,,,₹7.16 L,,independent,135
Karur,IND,29,0,False,Matchbox,Sivakumar. A,Male,92417,Bachelor's Degree,46,,,₹1.15 L,,independent,135
Karur,IND,30,0,False,Laptop,Sivakumar. N,Male,92418,Bachelor's Degree,59,,,"₹11,876",,independent,135
Karur,IND,31,0,False,Chess board,Sivakumar. V,Male,92419,Bachelor's Degree,45,,,₹3.95 L,,independent,135
Karur,IND,32,0,False,T.V.Remote,Seetha Lakshmi. D,Female,92420,Master's Degree,33,,,₹15.93 L,,independent,135
Karur,IND,33,0,False,Rubber stamp,Subash Malayalam. T,Male,92421,Bachelor's Degree,30,,,₹1.75 L,,independent,135
Karur,IND,34,0,False,Funnel,Suriyakumar. J,Male,92422,Master's Degree,31,,,₹54.05 L,,independent,135
Karur,IND,35,0,False,Grapes,Senbagakumar. L,Male,92423,Bachelor's Degree,31,,,₹2.79 L,,independent,135
Karur,IND,36,0,False,Bat,Senthilkumar. G,Male,92424,Not Specified,47,,,₹22.34 L,,independent,135
Karur,IND,37,0,False,Chakki,Senthilkumar. M,Male,92425,Bachelor's Degree,35,,,₹11.78 L,,independent,135
Karur,IND,38,0,False,Stool,Soundara Rajan. R,Male,92426,12th Grade (HSC / +2),63,,,₹2.19 L,,independent,135
Karur,IND,39,0,False,Black board,Soundaryan. K,Male,92427,Bachelor's Degree,27,,,₹2.62 L,,independent,135
Karur,IND,40,0,False,Gas cylinder,Daniya. P,Female,92428,Bachelor's Degree,47,,,₹26.68 L,,independent,135
Karur,IND,41,0,False,Chimney,Thangavelraj. S,Male,92429,Bachelor's Degree,60,,,₹26.12 L,,independent,135
Karur,IND,42,0,False,Immersion rod,Thamilalagan. A,Male,92430,Bachelor's Degree,40,,,₹9.27 L,,independent,135
Karur,IND,43,0,False,Lighter,Thiyagarajan. M,Male,92431,10th Grade (SSLC),69,,,₹6.04 L,,independent,135
Karur,IND,44,0,False,Nail cutter,Thirugnanam. M,Male,92432,Bachelor's Degree,30,,,₹9.69 L,,independent,135
Karur,IND,45,0,False,Bangles,Dinesh. B,Male,92433,Not Specified,36,,,₹3.60 L,,independent,135
Karur,IND,46,0,False,Coat,Dinesh Kumar. K,Male,92434,Bachelor's Degree,26,,,₹8.26 L,,independent,135
Karur,IND,47,0,False,Chain,Duraisamy. J,Male,92435,Bachelor's Degree,42,,,₹2.95 L,,independent,135
Karur,IND,48,0,False,Tooth paste,Devastin Augustin. G,Male,92436,Bachelor's Degree,43,,,₹11.41 L,,independent,135
Karur,IND,49,0,False,Brief case,Nandhakumar. A,Male,92437,Bachelor's Degree,26,,,₹6.27 L,,independent,135
Karur,IND,50,0,False,Coconut farm,Parameswari,Female,92438,Bachelor's Degree,34,,,₹5.52 L,,independent,135
Karur,IND,51,0,False,Ship,Palamuthir Selvan. O,Male,92439,Bachelor's Degree,50,,,₹26.35 L,,independent,135
Karur,IND,52,0,False,Refrigerator,Palanirajan. K,Male,92440,Bachelor's Degree,47,,,"₹40,800",,independent,135
Karur,IND,53,0,False,Pressure cooker,Palanivel. P,Male,92441,Bachelor's Degree,45,,,₹5.97 L,,independent,135
Karur,IND,54,0,False,Pen nib with seven rays,Babu. G,Male,92442,Bachelor's Degree,40,,,₹17.51 L,,independent,135
Karur,IND,55,0,False,Balloon,Bharathi. P,Male,92443,Master's Degree,41,,,₹42.20 L,,independent,135
Karur,IND,56,0,False,Batsman,Baskar. P,Male,92444,Master's Degree,55,,,₹3.61 L,,independent,135
Karur,IND,57,0,False,Noodles bowl,Prakash. N,Male,92445,Bachelor's Degree,46,,,₹17.67 L,,independent,135
Karur,IND,58,0,False,Television,Prasanth. S,Male,92446,Bachelor's Degree,34,,,₹8.02 L,,independent,135
Karur,IND,59,0,False,Peas,Praveenkumar. J,Male,92447,Bachelor's Degree,28,,,₹9.65 Cr,,independent,135
Karur,IND,60,0,False,Capsicum,Manikandan,Male,92448,Bachelor's Degree,43,,,₹23.39 L,,independent,135
Karur,IND,61,0,False,Ludo,Mathanraj. P,Male,92449,Bachelor's Degree,29,,,₹2.64 L,,independent,135
Karur,IND,62,0,False,Sitar,Mailvaganan. B,Male,92450,Bachelor's Degree,49,,,₹1.96 L,,independent,135
Karur,IND,63,0,False,Football player,Manoj. P,Male,92451,10th Grade (SSLC),32,,,₹11.30 L,,independent,135
Karur,IND,64,0,False,Box,Mariammal. P.M,Female,92452,Bachelor's Degree,35,,,₹5.24 L,,independent,135
Karur,IND,65,0,False,Mike,Mohamad Ismail. M,Male,92453,Bachelor's Degree,27,,,₹12.78 L,,independent,135
Karur,IND,66,0,False,Scissors,Muthu. K.R,Male,92454,Bachelor's Degree,38,,,₹nan,,independent,135
Karur,IND,67,0,False,Computer mouse,Murali. M,Male,92455,Bachelor's Degree,39,,,₹nan,,independent,135
Karur,IND,68,0,False,Cake,Yoonus Ali. R,Male,92456,10th Grade (SSLC),37,,,₹4.42 L,,independent,135
Karur,IND,69,0,False,Gift pack,Raguraman Muruganantham,Male,92457,Bachelor's Degree,35,,,"₹26,000",,independent,135
Karur,IND,70,0,False,Hour glass,Rajapandian. K,Male,92458,Bachelor's Degree,30,,,₹6.85 L,,independent,135
Karur,IND,71,0,False,Flute,Vanitha. K.M,Female,92459,Bachelor's Degree,42,,,₹6.48 L,,independent,135
Karur,IND,72,0,False,Calculator,Vigneshwaran. D,Male,92460,Bachelor's Degree,34,,,₹14.38 L,,independent,135
Karur,IND,73,0,False,Drill machine,Vineeth. B,Male,92461,Bachelor's Degree,27,,,₹44.26 L,,independent,135
Karur,IND,74,0,False,Dish antenna,Vinothkumar. N,Male,92462,Master's Degree,44,,,₹22.83 L,,independent,135
Karur,IND,75,0,False,Brush,Vijaya Baskar. R.V,Male,92463,Master's Degree,55,,,₹3.61 L,,independent,135
Karur,IND,76,0,False,Electric pole,Vijayan. K,Male,92464,10th Grade (SSLC),40,,,₹22.75 L,,independent,135
Karur,IND,77,0,False,Helmet,Stephenraj. L,Male,92465,Bachelor's Degree,31,,,₹23.79 L,,independent,135
Karur,IND,78,0,False,Air conditioner,Hari Raaj. B,Male,92466,Bachelor's Degree,26,,,₹16.83 L,,independent,135
Karur,IND,79,0,False,Well,Hariharan. S,Male,92467,Bachelor's Degree,39,,,₹26.96 L,,independent,135
Krishnarayapuram,BSP,1,0,False,Elephant,Gomathi. M,Female,92468,Not Specified,40,,,₹2.26 L,,others,136
Krishnarayapuram,NTK,2,0,False,Farmer Carrying Plough,Sathiya. V,Female,92469,Master's Degree,32,,,₹3.31 L,,ntk,136
Krishnarayapuram,AIADMK,3,0,False,Two leaves,Dr. Dhivya. S,Female,92470,Not Specified,38,,,₹nan,,nda,136
Krishnarayapuram,DMK,4,0,False,Rising sun,Raja. C.K,Male,92471,10th Grade (SSLC),38,,,₹1.09 Cr,,spa,136
Krishnarayapuram,TVK,5,0,False,Whistle,Sathya. M,Female,92472,Master's Degree,39,,,₹11.85 L,,tvk,136
Krishnarayapuram,TAVK,6,0,False,Camera,Saravanan. V,Male,92473,Diploma / ITI,49,,,₹22.50 L,,others,136
Krishnarayapuram,GPI,7,0,False,Lady finger,Soundrapandian. S,Male,92474,10th Grade (SSLC),56,,,"₹1,000",,others,136
Krishnarayapuram,NMK,8,0,False,Pen nib with seven rays,Balsamy. B,Male,92278,10th Grade (SSLC),36,,,₹nan,,others,136
Krishnarayapuram,SMNK,9,0,False,Walking stick,Rajaguru.M,Male,92476,Bachelor's Degree,42,,,₹17.42 L,,others,136
Krishnarayapuram,IND,10,0,False,Jackfruit,Indragandhi. P,Female,92477,Master's Degree,41,,,₹4.31 L,,independent,136
Krishnarayapuram,IND,11,0,False,Computer,Ganesan. P,Male,92478,10th Grade (SSLC),43,,,"₹65,789",,independent,136
Krishnarayapuram,IND,12,0,False,Television,Sakthivel. A,Male,92479,Bachelor's Degree,41,,,₹20.24 L,,independent,136
Krishnarayapuram,IND,13,0,False,Coconut farm,Sasikumar. M,Male,92480,Bachelor's Degree,35,,,₹nan,,independent,136
Krishnarayapuram,IND,14,0,False,Bat,Senthil. P.M,Male,92481,Bachelor's Degree,42,,,₹4.52 L,,independent,136
Krishnarayapuram,IND,15,0,False,Pressure cooker,Chelladurai. M,Male,92482,Diploma / ITI,51,,,₹1.11 L,,independent,136
Krishnarayapuram,IND,16,0,False,Matchbox,Selvakumar. S,Male,92483,Bachelor's Degree,52,,,₹5.37 L,,independent,136
Krishnarayapuram,IND,17,0,False,Ring,Dinesh Kumar.A,Male,92484,Bachelor's Degree,34,,,₹9.14 L,,independent,136
Krishnarayapuram,IND,18,0,False,Laptop,Dinesh Kumar. N,Male,92485,Master's Degree,35,,,₹8.75 L,,independent,136
Krishnarayapuram,IND,19,0,False,Chess board,Naveenth. M,Male,92486,Bachelor's Degree,28,,,₹8.37 L,,independent,136
Krishnarayapuram,IND,20,0,False,Electric pole,Parameswaran. M,Male,92487,Bachelor's Degree,51,,,₹55.38 L,,independent,136
Krishnarayapuram,IND,21,0,False,Cauliflower,Prasanth. D,Male,92488,Bachelor's Degree,32,,,₹5.18 L,,independent,136
Krishnarayapuram,IND,22,0,False,Bench,Baby. P,Female,92489,9th Grade,45,,,₹15.25 L,,independent,136
Krishnarayapuram,IND,23,0,False,Gift pack,Porselvan. B.S,Male,92490,Master's Degree,41,,,₹6.88 L,,independent,136
Krishnarayapuram,IND,24,0,False,Biscuit,Mahamuni. A,Male,92491,Bachelor's Degree,42,,,"₹85,000",,independent,136
Krishnarayapuram,IND,25,0,False,Diamond,Manickavel. R,Male,92492,Bachelor's Degree,43,,,₹5.90 L,,independent,136
Krishnarayapuram,IND,26,0,False,Battery Torch,Murugan. S,Male,92493,Bachelor's Degree,36,,,₹nan,,independent,136
Krishnarayapuram,IND,27,0,False,Harmonium,Muruganandham. P.K,Male,92494,10th Grade (SSLC),44,,,₹2.36 L,,independent,136
Krishnarayapuram,IND,28,0,False,Telephone,Vimalraj. S,Male,92495,Bachelor's Degree,33,,,₹9.35 L,,independent,136
Kulithalai,AIADMK,1,0,False,Two leaves,S.Karunakaran,Male,92496,Diploma / ITI,65,,,₹3.25 Cr,,nda,137
Kulithalai,DMK,2,0,False,Rising sun,Suriyanur A Chandran,Male,92497,Master's Degree,59,,,₹nan,,spa,137
Kulithalai,NTK,3,0,False,Farmer Carrying Plough,Selva.Nanmaaran,Male,92498,Bachelor's Degree,43,,,₹nan,,ntk,137
Kulithalai,TVK,4,0,False,Whistle,Balasubramani G,Male,92499,8th Grade,49,,,₹8.58 Cr,,tvk,137
Kulithalai,GPI,5,0,False,Lady finger,P.Murugan,Male,92500,Bachelor's Degree,41,,,₹1.09 L,,others,137
Kulithalai,IND,6,0,False,Bread,M.Arunkumar,Male,92501,Bachelor's Degree,37,,,₹2.11 L,,independent,137
Kulithalai,IND,7,0,False,Bucket,R.Arunkumar,Male,92502,5th Grade,32,,,₹4.90 L,,independent,137
Kulithalai,IND,8,0,False,Belt,S.Imrankhan,Male,92503,Bachelor's Degree,43,,,₹42.08 L,,independent,137
Kulithalai,IND,9,0,False,Camera,O.Kathalingam,Male,92504,Bachelor's Degree,44,,,"₹40,000",,independent,137
Kulithalai,IND,10,0,False,Brief case,M.Gayathiri,Female,92505,Bachelor's Degree,27,,,₹2.31 L,,independent,137
Kulithalai,IND,11,0,False,Bangles,B.Kajaa Mohideen,Male,92506,Bachelor's Degree,53,,,₹3.09 L,,independent,137
Kulithalai,IND,12,0,False,Gas cylinder,Chandrasekar.P,Male,92507,Bachelor's Degree,45,,,₹9.92 L,,independent,137
Kulithalai,IND,13,0,False,Black board,J.Santhosh Kumar,Male,92508,Bachelor's Degree,26,,,₹8.10 L,,independent,137
Kulithalai,IND,14,0,False,Bead necklace,B.Sampathkumar,Male,92509,Bachelor's Degree,39,,,₹6.45 L,,independent,137
Kulithalai,IND,15,0,False,Baby walker,D.Saravanan,Male,92510,Bachelor's Degree,40,,,₹5.27 L,,independent,137
Kulithalai,IND,16,0,False,Box,V.Chinnasamy,Male,92511,Master's Degree,63,,,"₹61,842",,independent,137
Kulithalai,IND,17,0,False,Batsman,S.Senthil Kumar,Male,92512,Bachelor's Degree,46,,,₹32.35 L,,independent,137
Kulithalai,IND,18,0,False,Almirah,P.Selvakumar,Male,92513,Bachelor's Degree,40,,,₹8.16 L,,independent,137
Kulithalai,IND,19,0,False,Helmet,T.Selvaraj,Male,92514,10th Grade (SSLC),70,,,₹nan,,independent,137
Kulithalai,IND,20,0,False,Boat with man and sail,K.Sheik Anwardeen,Male,92515,Bachelor's Degree,44,,,₹9.65 L,,independent,137
Kulithalai,IND,21,0,False,Biscuit,M.Tamilselvan,Male,92516,Bachelor's Degree,49,,,₹16.28 L,,independent,137
Kulithalai,IND,22,0,False,Bench,J.Prathap,Male,92517,Diploma / ITI,32,,,₹10.56 L,,independent,137
Kulithalai,IND,23,0,False,Cake,M.Mayilvaganan,Male,92518,Not Specified,50,,,₹9.37 L,,independent,137
Kulithalai,IND,24,0,False,Air conditioner,J.Madhavan,Male,92519,Bachelor's Degree,35,,,₹7.22 L,,independent,137
Kulithalai,IND,25,0,False,Television,T.Murugantham,Male,92520,Bachelor's Degree,42,,,₹7.76 L,,independent,137
Kulithalai,IND,26,0,False,Bat,N.Ramakrishnan,Male,92521,Diploma / ITI,36,,,₹22.39 L,,independent,137
Kulithalai,IND,27,0,False,Brush,M.Vadivelan,Male,92522,Bachelor's Degree,34,,,₹2.31 L,,independent,137
Kulithalai,IND,28,0,False,Bicycle pump,K.Veeramalai,Male,92523,Bachelor's Degree,48,,,₹7.97 L,,independent,137
Kulithalai,IND,29,0,False,Balloon,K.Hakkim,Male,92524,Bachelor's Degree,36,,,₹1.05 L,,independent,137
Manapparai,DMK,1,0,False,Rising sun,P.Abdul Samed,Male,92525,10th Grade (SSLC),57,,,₹5.50 L,,spa,138
Manapparai,NTK,2,0,False,Farmer Carrying Plough,M.Arunagiri,Male,92526,Bachelor's Degree,36,,,₹10.21 L,,ntk,138
Manapparai,AIADMK,3,0,False,Two leaves,Dr. Pl. Vijayakumar,Male,92527,Not Specified,48,,,₹9.59 Cr,,nda,138
Manapparai,SMNK,4,0,False,Walking stick,Arockiaraj .A,Male,92528,8th Grade,47,,,₹95.93 L,,others,138
Manapparai,TVK,5,0,False,Whistle,R.Kathiravan,Male,92529,Bachelor's Degree,33,,,₹50.37 L,,tvk,138
Manapparai,PT,6,0,False,Gas cylinder,P.Meena,Female,92530,8th Grade,35,,,₹33.70 L,,others,138
Manapparai,TAVK,7,0,False,Camera,Rajavarman .R,Male,92531,10th Grade (SSLC),29,,,₹2.70 L,,others,138
Manapparai,IND,8,0,False,Water melon,A.Raman,Male,92532,10th Grade (SSLC),56,,,"₹76,846",,independent,138
Manapparai,IND,9,0,False,Ship,Kathiravan .M,Male,92533,Not Specified,39,,,₹32.00 L,,independent,138
Manapparai,IND,10,0,False,Diamond,M.Karuppan,Male,92534,10th Grade (SSLC),31,,,₹10.52 L,,independent,138
Manapparai,IND,11,0,False,Bucket,Kuttaian,Male,92535,Not Specified,61,,,"₹5,000",,independent,138
Manapparai,IND,12,0,False,Television,Sarphudin,Male,92536,Primary (Up to 4th),67,,,₹1.00 L,,independent,138
Manapparai,IND,13,0,False,Cake,P.Chinnan,Male,92537,5th Grade,51,,,₹49.80 L,,independent,138
Manapparai,IND,14,0,False,Gift pack,A.Senthil Kumar,Male,92538,10th Grade (SSLC),41,,,₹10.42 L,,independent,138
Manapparai,IND,15,0,False,Matchbox,Periyakka,Female,92539,5th Grade,53,,,₹1.05 L,,independent,138
Manapparai,IND,16,0,False,Tennis racket & ball,Rajesh .M,Male,92540,Bachelor's Degree,27,,,₹9.13 L,,independent,138
Manapparai,IND,17,0,False,Balloon,P.Vijayakumar,Male,92541,10th Grade (SSLC),42,,,"₹5,000",,independent,138
Manapparai,IND,18,0,False,Scissors,M.Vijaya Kumar,Male,92542,10th Grade (SSLC),63,,,"₹6,000",,independent,138
Srirangam,BSP,1,0,False,Elephant,Allimuthu.M,Male,92543,12th Grade (HSC / +2),60,,,₹23.56 L,,others,139
Srirangam,NTK,2,0,False,Farmer Carrying Plough,Dharmaraj. M,Male,92544,Master's Degree,25,,,₹10.16 L,,ntk,139
Srirangam,DMK,3,0,False,Rising sun,S.Durairaj,Male,92545,Master's Degree,49,,,₹82.91 L,,spa,139
Srirangam,AIADMK,4,0,False,Two leaves,R.Manoharan,Male,92546,Bachelor's Degree,70,,,₹2.86 Cr,,nda,139
Srirangam,SMNK,5,0,False,Walking stick,Kamaraj.K,Male,92547,10th Grade (SSLC),59,,,₹2.41 L,,others,139
Srirangam,AIMMK,6,0,False,Bicycle pump,Kumar. P,Male,92548,Not Specified,48,,,₹1.11 L,,others,139
Srirangam,APTADMK,7,0,False,Jackfruit,K.Sakthivel,Male,92549,12th Grade (HSC / +2),47,,,₹36.00 L,,others,139
Srirangam,PT,8,0,False,Gas cylinder,Newton.A,Male,92550,Bachelor's Degree,36,,,"₹51,000",,others,139
Srirangam,TAVK,9,0,False,Camera,Murali .N,Male,92551,8th Grade,43,,,₹3.62 L,,others,139
Srirangam,TVK,10,0,False,Whistle,Ramesh,Male,92552,Bachelor's Degree,31,,,₹24.17 L,,tvk,139
Srirangam,AIPTMMK,11,0,False,Coconut farm,Vijay .A,Male,92553,Bachelor's Degree,43,,,₹15.60 L,,ajpk,139
Srirangam,IND,12,0,False,CCTV Camera,Anbarasan.M,Male,92554,Bachelor's Degree,55,,,₹20.59 L,,independent,139
Srirangam,IND,13,0,False,Gas Stove,Karthick.S,Male,92555,Diploma / ITI,31,,,₹1.62 L,,independent,139
Srirangam,IND,14,0,False,Batsman,Krishnakumar.A,Male,92556,Diploma / ITI,33,,,₹1.36 L,,independent,139
Srirangam,IND,15,0,False,Diamond,Shashi Kiran .K .N,Male,92557,Master's Degree,32,,,₹3.25 L,,independent,139
Srirangam,IND,16,0,False,Cauliflower,S.Durairaj,Male,92558,Bachelor's Degree,45,,,₹7.41 L,,independent,139
Srirangam,IND,17,0,False,Box,Paramasivam,Male,92559,6th Grade,55,,,₹1.37 L,,independent,139
Srirangam,IND,18,0,False,Pen stand,Mohamed Musthafa. M,Male,92560,Primary (Up to 4th),51,,,"₹11,000",,independent,139
Srirangam,IND,19,0,False,Air conditioner,Muthukumar.P,Male,92561,Bachelor's Degree,50,,,₹1.36 L,,independent,139
Srirangam,IND,20,0,False,Clip,Ramesh.R,Male,92562,10th Grade (SSLC),46,,,₹6.01 L,,independent,139
Srirangam,IND,21,0,False,Belt,Ravichandiran.N,Male,92563,9th Grade,60,,,₹7.53 L,,independent,139
Tiruchirappalli (West),BSP,1,0,False,Elephant,Chinnaiyan Poosari,Male,92564,8th Grade,41,,,₹1.35 L,,others,140
Tiruchirappalli (West),DMK,2,0,False,Rising sun,K.N.Nehru,Male,92565,12th Grade (HSC / +2),73,,,₹nan,,spa,140
Tiruchirappalli (West),NTK,3,0,False,Farmer Carrying Plough,K.Bhuvaneswari,Female,92566,Bachelor's Degree,40,,,"₹99,000",,ntk,140
Tiruchirappalli (West),AMMK,4,0,False,Pressure cooker,M.Rajasekaran,Male,92567,Master's Degree,66,,,₹2.05 Cr,,nda,140
Tiruchirappalli (West),TAVK,5,0,False,Camera,R.Prabu,Male,92568,Bachelor's Degree,46,,,₹2.53 Cr,,others,140
Tiruchirappalli (West),TVK,6,0,False,Whistle,G.Ramamoorthi,Male,92569,Not Specified,70,,,₹1.01 Cr,,tvk,140
Tiruchirappalli (West),SMNK,7,0,False,Walking stick,A.Veeramani,Male,92570,10th Grade (SSLC),69,,,₹3.01 L,,others,140
Tiruchirappalli (West),IND,8,0,False,Matchbox,M.Kalaimani,Male,92571,10th Grade (SSLC),46,,,"₹65,000",,independent,140
Tiruchirappalli (West),IND,9,0,False,Flute,M.Chandrasekaran,Male,92572,Bachelor's Degree,66,,,₹nan,,independent,140
Tiruchirappalli (West),IND,10,0,False,Battery Torch,Sampath,Male,92573,10th Grade (SSLC),59,,,"₹23,137",,independent,140
Tiruchirappalli (West),IND,11,0,False,Gas cylinder,Sundarapandiyaraja,Male,92574,Not Specified,36,,,₹nan,,independent,140
Tiruchirappalli (West),IND,12,0,False,Coconut farm,P.Rajendran,Male,92575,10th Grade (SSLC),70,,,"₹11,000",,independent,140
Tiruchirappalli (West),IND,13,0,False,Almirah,A.Vasudevan,Male,92576,Master's Degree,62,,,"₹50,000",,independent,140
Tiruchirappalli (West),IND,14,0,False,Diamond,Jeevanantham.M,Male,92577,Master's Degree,49,,,₹1.41 Cr,,independent,140
Tiruchirappalli (East),BSP,1,0,False,Elephant,R.Elangovan,Male,92578,10th Grade (SSLC),60,,,"₹26,000",,others,141
Tiruchirappalli (East),DMK,2,0,False,Rising sun,S.Inigo Irudayaraj,Male,92579,Doctorate (Ph.D / MD),53,,,₹11.05 Cr,,spa,141
Tiruchirappalli (East),NTK,3,0,False,Farmer Carrying Plough,Dr.Krishnasamy .V,Male,92580,Not Specified,38,,,₹4.20 Cr,,ntk,141
Tiruchirappalli (East),AIADMK,4,0,False,Two leaves,G.Rajasekaran,Male,92581,Bachelor's Degree,53,,,₹43.48 Cr,,nda,141
Tiruchirappalli (East),NMSP,5,0,False,Ship,Anand Selvaraj,Male,92582,Diploma / ITI,37,,,₹14.38 L,,others,141
Tiruchirappalli (East),PT,6,0,False,Gas cylinder,N.Gobinath,Male,92583,Bachelor's Degree,46,,,"₹51,000",,others,141
Tiruchirappalli (East),TPMK,7,0,False,Drill machine,Sukumar .S,Male,92584,10th Grade (SSLC),63,,,"₹10,000",,others,141
Tiruchirappalli (East),AIPTMMK,8,0,False,Coconut farm,C.Nanda Kumar,Male,92585,Master's Degree,30,,,₹4.02 Cr,,ajpk,141
Tiruchirappalli (East),SMNK,9,0,False,Walking stick,R.Muthukumar,Male,92586,9th Grade,61,,,₹2.42 L,,others,141
Tiruchirappalli (East),TAVK,10,0,False,Camera,Royal Raja,Male,92587,Bachelor's Degree,42,,,₹7.95 L,,others,141
Tiruchirappalli (East),AIJMK,11,0,False,Trumpet,Vijay .K,Male,92588,Bachelor's Degree,46,,,₹1.13 L,,others,141
Tiruchirappalli (East),VVP,12,0,False,Chappals,Vijaia Mohanaaji .Ma,Male,92589,Bachelor's Degree,73,,,₹4.60 Cr,,others,141
Tiruchirappalli (East),TVK,13,0,False,Whistle,C.Joseph Vijay,Male,92590,Bachelor's Degree,51,,,₹602.91 Cr,,tvk,141
Tiruchirappalli (East),IND,14,0,False,Ring,T.Gangai Ulaganathan,Male,92591,10th Grade (SSLC),47,,,"₹15,000",,independent,141
Tiruchirappalli (East),IND,15,0,False,Mike,Kannan .S,Male,92592,12th Grade (HSC / +2),31,,,₹7.11 L,,independent,141
Tiruchirappalli (East),IND,16,0,False,Plate stand,P.Charles Sagayaraj,Male,92593,Master's Degree,49,,,₹14.55 L,,independent,141
Tiruchirappalli (East),IND,17,0,False,Diamond,G.Sebastian Anand,Male,92594,Bachelor's Degree,37,,,₹8.31 L,,independent,141
Tiruchirappalli (East),IND,18,0,False,Scissors,S.Panneer Selvam,Male,92595,6th Grade,59,,,₹3.75 L,,independent,141
Tiruchirappalli (East),IND,19,0,False,Matchbox,J.Robert Christy,Male,92596,10th Grade (SSLC),62,,,₹18.51 L,,independent,141
Tiruchirappalli (East),IND,20,0,False,Bat,P.Rajendran,Male,92597,10th Grade (SSLC),70,,,"₹11,000",,independent,141
Thiruverumbur,DMK,1,0,True,Rising sun,Anbil Mahesh Poyyamozhi,Male,92598,Not Specified,48,,,₹5.05 Cr,,spa,142
Thiruverumbur,AIADMK,2,0,False,Two leaves,Kumar. P,Male,92599,Diploma / ITI,62,,,₹39.03 L,,nda,142
Thiruverumbur,NTK,3,0,False,Farmer Carrying Plough,Rajessh. T,Male,92600,Bachelor's Degree,46,,,₹33.88 L,,ntk,142
Thiruverumbur,BSP,4,0,False,Elephant,Visithra. S,Female,92601,Bachelor's Degree,31,,,₹1.35 L,,others,142
Thiruverumbur,TPMK,5,0,False,Drill machine,Kumaravel. T,Male,92602,10th Grade (SSLC),51,,,₹33.15 L,,others,142
Thiruverumbur,PT,6,0,False,Gas cylinder,Pitchaimuthu. A,Male,92603,Master's Degree,52,,,₹8.77 L,,others,142
Thiruverumbur,TAVK,7,0,False,Camera,Ranjith. S,Male,92604,Diploma / ITI,39,,,"₹15,600",,others,142
Thiruverumbur,TVK,8,0,False,Whistle,Vijayakumar (A) Navalpattu S.Viji,Male,92605,10th Grade (SSLC),56,,,"₹71,000",,tvk,142
Thiruverumbur,SMNK,9,0,False,Walking stick,Joseph. L,Male,92606,5th Grade,53,,,₹16.57 L,,others,142
Thiruverumbur,IND,10,0,False,Bucket,Yesuraj. I,Male,92607,Not Specified,66,,,"₹20,000",,independent,142
Thiruverumbur,IND,11,0,False,Box,Kumar. K,Male,92608,10th Grade (SSLC),74,,,"₹51,200",,independent,142
Thiruverumbur,IND,12,0,False,Air conditioner,Kumar. P,Male,92609,Diploma / ITI,62,,,₹39.03 L,,independent,142
Thiruverumbur,IND,13,0,False,Gramophone,Charles. S,Male,92610,12th Grade (HSC / +2),71,,,₹2.40 L,,independent,142
Thiruverumbur,IND,14,0,False,Battery Torch,Subbulakshmi. R,Female,92611,Diploma / ITI,43,,,₹6.55 L,,independent,142
Thiruverumbur,IND,15,0,False,Throwing a javelin,Deepak. P,Male,92612,Doctorate (Ph.D / MD),44,,,₹29.54 L,,independent,142
Thiruverumbur,IND,16,0,False,Ship,Poulosh. D,Male,92613,Diploma / ITI,49,,,₹63.25 L,,independent,142
Thiruverumbur,IND,17,0,False,Scissors,Muruganantham. G,Male,92614,Bachelor's Degree,46,,,₹1.16 Cr,,independent,142
Thiruverumbur,IND,18,0,False,Telephone,Dr. Mohana Chelvan. P,Male,92615,Not Specified,52,,,₹1.52 L,,independent,142
Thiruverumbur,IND,19,0,False,Matchbox,Ramachandran. V,Male,92616,5th Grade,69,,,₹18.98 L,,independent,142
Thiruverumbur,IND,20,0,False,Table,Vincentraj. A,Male,92617,10th Grade (SSLC),48,,,₹5.21 L,,independent,142
Thiruverumbur,IND,21,0,False,Bricks,Vijayakumar. C,Male,92618,Bachelor's Degree,45,,,₹7.09 L,,independent,142
Thiruverumbur,IND,22,0,False,Road roller,Vijayakumar. N,Male,92619,Not Specified,64,,,₹1.03 Cr,,independent,142
Thiruverumbur,IND,23,0,False,Diamond,Vetrivel Kanna. P,Male,92620,Diploma / ITI,28,,,₹4.67 L,,independent,142
Thiruverumbur,IND,24,0,False,Room cooler,Jayachandran. P,Male,92621,10th Grade (SSLC),55,,,₹20.29 L,,independent,142
Thiruverumbur,IND,25,0,False,Computer mouse,Shajagan. A,Male,91852,6th Grade,54,,,"₹26,000",,independent,142
Thiruverumbur,IND,26,0,False,Dish antenna,Habeeb Rahaman. H,Male,92623,Diploma / ITI,29,,,"₹25,800",,independent,142
Lalgudi,DMK,1,0,False,Rising sun,T.Parivallal,Male,92624,12th Grade (HSC / +2),50,,,₹nan,,spa,143
Lalgudi,BSP,2,0,False,Elephant,Pratheeba,Female,92625,Diploma / ITI,44,,,₹5.67 L,,others,143
Lalgudi,NTK,3,0,False,Farmer Carrying Plough,N.Madhan,Male,92626,Bachelor's Degree,30,,,₹2.07 Cr,,ntk,143
Lalgudi,AIADMK,4,0,False,Two leaves,Leemarose Martin,Female,92627,10th Grade (SSLC),58,,,₹1049.57 Cr,,nda,143
Lalgudi,SMNK,5,0,False,Air conditioner,K.Immaculate Mary,Female,92628,10th Grade (SSLC),49,,,₹3.45 L,,others,143
Lalgudi,PT,6,0,False,Gas cylinder,P.Elanchezhiyan,Male,92629,Bachelor's Degree,43,,,₹6.12 L,,others,143
Lalgudi,TAMNK,7,0,False,Electric pole,E.Yesudoss,Male,92630,Diploma / ITI,59,,,₹15.16 L,,others,143
Lalgudi,TVK,8,0,False,Whistle,Ku Pa Krishnan,Male,92631,Bachelor's Degree,76,,,₹4.93 Cr,,tvk,143
Lalgudi,TAVK,9,0,False,Camera,P.Saravanan,Male,92632,10th Grade (SSLC),49,,,"₹51,500",,others,143
Lalgudi,AIPTMMK,10,0,False,Coconut farm,Josephin,Female,92633,10th Grade (SSLC),50,,,₹4.08 L,,ajpk,143
Lalgudi,IND,11,0,False,Tooth paste,A.Amalan Savarimuthu,Male,92634,Not Specified,76,,,₹1.83 L,,independent,143
Lalgudi,IND,12,0,False,Letter box,M.Krishnan,Male,92635,10th Grade (SSLC),56,,,₹6.85 L,,independent,143
Lalgudi,IND,13,0,False,Gramophone,K.Senthilkumar,Male,92636,9th Grade,47,,,"₹13,500",,independent,143
Lalgudi,IND,14,0,False,Gas Stove,R.Tamilarasan,Male,92637,10th Grade (SSLC),53,,,₹8.72 L,,independent,143
Lalgudi,IND,15,0,False,Iron,K.Dharmaraj,Male,92638,8th Grade,54,,,₹3.90 L,,independent,143
Lalgudi,IND,16,0,False,T.V.Remote,Dhanamoorthy .R,Male,92639,9th Grade,42,,,₹50.70 L,,independent,143
Lalgudi,IND,17,0,False,Batsman,R.Dineshkumar,Male,92640,Bachelor's Degree,36,,,₹21.10 L,,independent,143
Lalgudi,IND,18,0,False,Pen nib with seven rays,R.Ponsilambu,Female,92641,Master's Degree,36,,,₹13.30 L,,independent,143
Lalgudi,IND,19,0,False,Truck,Mansoor Alikhan,Male,92642,10th Grade (SSLC),63,,,₹9.13 L,,independent,143
Lalgudi,IND,20,0,False,Water tank,V.Muthusamy,Male,92643,10th Grade (SSLC),75,,,₹19.74 L,,independent,143
Lalgudi,IND,21,0,False,Gift pack,Mohamed Abubakkar Siddiq,Male,92644,8th Grade,53,,,"₹18,500",,independent,143
Lalgudi,IND,22,0,False,Diamond,M.Rameshkumar,Male,92645,9th Grade,39,,,₹6.60 L,,independent,143
Lalgudi,IND,23,0,False,Pressure cooker,Jinnah Jakeer Hussain,Male,92646,Bachelor's Degree,50,,,₹2.72 Cr,,independent,143
Lalgudi,IND,24,0,False,Scissors,A.Jegan Salamondoss,Male,92647,8th Grade,47,,,₹nan,,independent,143
Manachanallur,DMK,1,0,False,Rising sun,Kathiravan. S,Male,92648,Bachelor's Degree,51,,,₹40.69 Cr,,spa,144
Manachanallur,NTK,2,0,False,Farmer Carrying Plough,Thenmozhi. R,Female,92649,Master's Degree,31,,,₹3.26 L,,ntk,144
Manachanallur,AIADMK,3,0,False,Two leaves,R.V.Bharathan,Male,92650,Bachelor's Degree,44,,,₹14.62 Cr,,nda,144
Manachanallur,BSP,4,0,False,Elephant,Balakrishnan (A) Amoor Balu,Male,92651,12th Grade (HSC / +2),60,,,"₹31,000",,others,144
Manachanallur,TVK,5,0,False,Whistle,V.Saravanan,Male,92652,10th Grade (SSLC),42,,,₹1.38 Cr,,tvk,144
Manachanallur,SMNK,6,0,False,Bucket,K.Senthilkumar,Male,92653,9th Grade,47,,,"₹13,500",,others,144
Manachanallur,PT,7,0,False,Gas cylinder,Balu. M,Male,92654,10th Grade (SSLC),46,,,"₹51,000",,others,144
Manachanallur,AIMMK,8,0,False,Balloon,Revathi. S,Female,92655,10th Grade (SSLC),42,,,₹1.48 L,,others,144
Manachanallur,TAVK,9,0,False,Camera,Veeraiya. C,Male,92656,12th Grade (HSC / +2),57,,,₹12.91 L,,others,144
Manachanallur,IND,10,0,False,Computer,Karthikeyan. P,Male,92657,Bachelor's Degree,47,,,₹57.80 L,,independent,144
Manachanallur,IND,11,0,False,Calculator,Gopalakrishnan. V,Male,92658,Master's Degree,54,,,₹3.02 L,,independent,144
Manachanallur,IND,12,0,False,Ship,Shanmugam. V.T,Male,92659,Bachelor's Degree,52,,,₹7.18 L,,independent,144
Manachanallur,IND,13,0,False,Box,Satheeskumar. K,Male,92660,9th Grade,47,,,"₹13,500",,independent,144
Manachanallur,IND,14,0,False,Matchbox,Saravanakumar. S,Male,92661,10th Grade (SSLC),38,,,"₹25,971",,independent,144
Manachanallur,IND,15,0,False,Chess board,Divesh. S,Male,92662,Not Specified,40,,,₹3.45 L,,independent,144
Manachanallur,IND,16,0,False,Pestle and mortar,Nagarajan. V,Male,92663,Bachelor's Degree,39,,,₹4.60 L,,independent,144
Manachanallur,IND,17,0,False,Bat,Ramesh Kumar. G,Male,92664,Bachelor's Degree,48,,,"₹71,496",,independent,144
Manachanallur,IND,18,0,False,Diamond,Radhakrishnan. S,Male,92665,9th Grade,36,,,"₹7,000",,independent,144
Manachanallur,IND,19,0,False,Scissors,Ramprasad. N,Male,92666,Not Specified,39,,,₹nan,,independent,144
Manachanallur,IND,20,0,False,Battery Torch,Rajasehar. R,Male,92667,Master's Degree,54,,,₹2.60 Cr,,independent,144
Manachanallur,IND,21,0,False,Cake,Raju. V,Male,92668,Master's Degree,53,,,₹43.70 L,,independent,144
Manachanallur,IND,22,0,False,Jackfruit,Jayaraman. M,Male,92669,Bachelor's Degree,51,,,₹23.10 L,,independent,144
Musiri,DMK,1,0,False,Rising sun,N.S.Karunairaaja,Male,92670,Bachelor's Degree,51,,,₹1.26 Cr,,spa,145
Musiri,NTK,2,0,False,Farmer Carrying Plough,G.Bakiyalakshmi,Female,92671,Bachelor's Degree,37,,,₹10.28 L,,ntk,145
Musiri,AIADMK,3,0,False,Two leaves,N.Yoganathan,Male,94019,8th Grade,56,,,₹1.32 Cr,,nda,145
Musiri,PT,4,0,False,Gas cylinder,M.Chinnaiyan,Male,92673,10th Grade (SSLC),52,,,₹2.72 L,,others,145
Musiri,RSD (R),5,0,False,Ship,K.Dhivya,Female,92674,9th Grade,35,,,₹10.25 L,,others,145
Musiri,TAVK,6,0,False,Camera,C.Palanisamy,Male,92675,Bachelor's Degree,42,,,"₹10,000",,others,145
Musiri,SMNK,7,0,False,Walking stick,Malarmannan.M,Male,92676,12th Grade (HSC / +2),37,,,₹2.61 L,,others,145
Musiri,TVK,8,0,False,Whistle,M.Vignesh,Male,92677,12th Grade (HSC / +2),34,,,₹70.00 L,,tvk,145
Musiri,ACDP,9,0,False,Jackfruit,S.Venkateshwaran,Male,92678,10th Grade (SSLC),42,,,₹5.86 L,,others,145
Musiri,IND,10,0,False,Pestle and mortar,Senthilkumar,Male,92679,6th Grade,53,,,₹3.50 L,,independent,145
Musiri,IND,11,0,False,Helmet,P.Loganathan M.Sc.M.Phil,Male,92680,Master's Degree,32,,,₹5.63 L,,independent,145
Thuraiyur,NTK,1,0,False,Farmer Carrying Plough,S Kowsalya,Female,92681,Not Specified,34,,,₹nan,,ntk,146
Thuraiyur,AIADMK,2,0,False,Two leaves,E.Saroja,Female,92682,9th Grade,51,,,₹2.80 Cr,,nda,146
Thuraiyur,BSP,3,0,False,Elephant,P.Srinivasan,Male,92683,Not Specified,71,,,"₹12,000",,others,146
Thuraiyur,INC,4,0,False,Hand,M.Lenin Prasath,Male,92684,Bachelor's Degree,37,,,₹7.11 L,,spa,146
Thuraiyur,TAVK,5,0,False,Camera,Gnanavettiyan Sivaperumal .K,Male,92685,Bachelor's Degree,42,,,"₹46,500",,others,146
Thuraiyur,TVK,6,0,False,Whistle,Ravisankar.M,Male,92686,Not Specified,41,,,₹5.00 L,,tvk,146
Thuraiyur,PT,7,0,False,Gas cylinder,T.Rajamanickam,Male,93959,10th Grade (SSLC),38,,,₹1.00 L,,others,146
Thuraiyur,IND,8,0,False,Scissors,E.Saroja,Female,92688,8th Grade,45,,,₹6.64 L,,independent,146
Thuraiyur,IND,9,0,False,Sofa,K.Saroja,Female,92689,8th Grade,65,,,₹1.18 L,,independent,146
Thuraiyur,IND,10,0,False,Water melon,P.Saroja,Female,92690,Master's Degree,54,,,₹34.43 L,,independent,146
Thuraiyur,IND,11,0,False,Diamond,K.Selvam,Male,92691,Not Specified,50,,,"₹25,000",,independent,146
Thuraiyur,IND,12,0,False,Matchbox,Selvam .G,Male,92692,Master's Degree,51,,,₹6.07 Cr,,independent,146
Thuraiyur,IND,13,0,False,Ring,G.Dhineshkumar,Male,92693,Bachelor's Degree,44,,,"₹56,000",,independent,146
Thuraiyur,IND,14,0,False,Battery Torch,N.Muthazhagu,Male,92694,6th Grade,65,,,₹5.10 L,,independent,146
Thuraiyur,IND,15,0,False,Television,M.Ravichandran,Male,92695,10th Grade (SSLC),59,,,₹14.00 L,,independent,146
Perambalur,BSP,1,0,False,Elephant,Arivazhagan. D,Male,92696,12th Grade (HSC / +2),40,,,₹6.92 L,,others,147
Perambalur,NTK,2,0,False,Farmer Carrying Plough,Suganya. J,Female,92697,Bachelor's Degree,37,,,₹8.08 L,,ntk,147
Perambalur,AIADMK,3,0,False,Two leaves,Thamizhselvan. R,Male,92698,Bachelor's Degree,52,,,₹90.86 L,,nda,147
Perambalur,DMK,4,0,False,Rising sun,Dr. Jayalakshmi. S.T,Female,92699,Bachelor's Degree,49,,,₹16.25 Cr,,spa,147
Perambalur,TVK,5,0,False,Whistle,Sivakumar. K,Male,92700,12th Grade (HSC / +2),48,,,₹1.16 L,,tvk,147
Perambalur,TAVK,6,0,False,Camera,Dhamodharan. S,Male,92701,Master's Degree,43,,,₹8.15 L,,others,147
Perambalur,IND,7,0,False,Coconut farm,Anandajothi Paramasivam,Male,92702,10th Grade (SSLC),47,,,₹7.54 L,,independent,147
Perambalur,IND,8,0,False,Chappals,Chandrakumar. P,Male,92703,Bachelor's Degree,39,,,₹4.03 L,,independent,147
Perambalur,IND,9,0,False,Gas cylinder,Shiyamala. M,Female,92704,Master's Degree,42,,,₹4.91 L,,independent,147
Perambalur,IND,10,0,False,Diamond,Subramanian. R,Male,92705,9th Grade,37,,,₹2.85 L,,independent,147
Perambalur,IND,11,0,False,Ship,Jayachandran. B,Male,92706,Master's Degree,41,,,₹3.28 L,,independent,147
Kunnam,NTK,1,0,False,Farmer Carrying Plough,Keerthivasan. R,Male,92707,Bachelor's Degree,26,,,₹4.62 L,,ntk,148
Kunnam,AIADMK,2,0,False,Two leaves,Saranya. A,Female,92708,Master's Degree,36,,,₹2.09 Cr,,nda,148
Kunnam,DMK,3,0,False,Rising sun,Sivasankar. S.S,Male,92709,Bachelor's Degree,56,,,₹6.36 Cr,,spa,148
Kunnam,BSP,4,0,False,Elephant,Nallusamy. K.M,Male,92710,12th Grade (HSC / +2),42,,,"₹6,500",,others,148
Kunnam,TPK,5,0,False,Matchbox,Anbuthamizhan. T,Male,92711,Bachelor's Degree,34,,,₹1.56 L,,others,148
Kunnam,TAVK,6,0,False,Camera,Raja. S.P,Male,92712,12th Grade (HSC / +2),55,,,"₹12,200",,others,148
Kunnam,NMK,7,0,False,Pen nib with seven rays,Elangovan. K,Male,92475,9th Grade,49,,,"₹12,000",,others,148
Kunnam,TVK,8,0,False,Whistle,Revathi Muthamilselvan,Female,92714,Bachelor's Degree,42,,,₹1.46 Cr,,tvk,148
Kunnam,IND,9,0,False,Ring,Udhayasuriyan. T,Male,92715,12th Grade (HSC / +2),37,,,₹1.42 L,,independent,148
Kunnam,IND,10,0,False,Electric pole,Kathiravan. A.C,Male,92716,Bachelor's Degree,55,,,₹2.76 L,,independent,148
Kunnam,IND,11,0,False,Battery Torch,Chandrasekar. P,Male,92717,Master's Degree,37,,,₹7.33 L,,independent,148
Kunnam,IND,12,0,False,Sitar,Saminathan. C,Male,92718,Not Specified,74,,,₹3.90 L,,independent,148
Kunnam,IND,13,0,False,Gas cylinder,Sivasankaran. P,Male,92719,Bachelor's Degree,47,,,₹nan,,independent,148
Kunnam,IND,14,0,False,Rubber stamp,Thanasekar. R,Male,92720,Diploma / ITI,38,,,₹69.54 L,,independent,148
Kunnam,IND,15,0,False,Diamond,Nallathambi. P,Male,92721,12th Grade (HSC / +2),54,,,₹1.77 L,,independent,148
Kunnam,IND,16,0,False,Dumbbells,Muthamilselvan. D,Male,92722,10th Grade (SSLC),41,,,₹2.11 L,,independent,148
Kunnam,IND,17,0,False,Mike,Vivek. T,Male,92723,12th Grade (HSC / +2),36,,,₹7.37 L,,independent,148
Kunnam,IND,18,0,False,Trumpet,Vinothkumar. M,Male,92724,Not Specified,33,,,₹1.73 L,,independent,148
Kunnam,IND,19,0,False,Dish antenna,Shajahan,Male,92725,7th Grade,41,,,₹45.50 L,,independent,148
Ariyalur,NTK,1,0,False,Farmer Carrying Plough,Pugazhendhi D,Male,92726,Diploma / ITI,26,,,₹1.86 L,,ntk,149
Ariyalur,AIADMK,2,0,False,Two leaves,Rajendran S,Male,92727,9th Grade,66,,,₹1.43 Cr,,nda,149
Ariyalur,DMK,3,0,False,Rising sun,Latha Balu,Female,92728,Master's Degree,49,,,₹nan,,spa,149
Ariyalur,BSP,4,0,False,Elephant,Stalin V,Male,92729,Bachelor's Degree,36,,,₹1.40 Cr,,others,149
Ariyalur,NMK,5,0,False,Pen nib with seven rays,Thanga. Shanmuga Sundaram,Male,92713,Bachelor's Degree,48,,,₹1.05 Cr,,others,149
Ariyalur,TVK,6,0,False,Whistle,Sivakumar M,Male,92731,Bachelor's Degree,48,,,₹39.68 L,,tvk,149
Ariyalur,TAVK,7,0,False,Camera,Sudhakar M,Male,92732,10th Grade (SSLC),42,,,₹69.11 L,,others,149
Ariyalur,AIPTMMK,8,0,False,Coconut farm,Rajkumar S,Male,92733,Not Specified,50,,,₹8.00 L,,ajpk,149
Ariyalur,IND,9,0,False,Tongs,Elaiyaraja C,Male,92734,Bachelor's Degree,35,,,₹6.51 L,,independent,149
Ariyalur,IND,10,0,False,Ladder,Krishnamoorthy C,Male,92735,Not Specified,43,,,₹7.34 L,,independent,149
Ariyalur,IND,11,0,False,Safety pin,Kumar K,Male,92736,Not Specified,40,,,"₹25,650",,independent,149
Ariyalur,IND,12,0,False,Gas cylinder,Semmalai T,Male,92737,10th Grade (SSLC),51,,,₹9.33 L,,independent,149
Ariyalur,IND,13,0,False,Electric pole,Rajkumar K,Male,92738,Bachelor's Degree,53,,,₹1.11 Cr,,independent,149
Ariyalur,IND,14,0,False,Bench,Vetrivel G,Male,92739,Bachelor's Degree,48,,,₹5.02 L,,independent,149
Ariyalur,IND,15,0,False,Diamond,Jothibasu K,Male,92740,Doctorate (Ph.D / MD),42,,,₹5.00 L,,independent,149
Jayankondam,DMK,1,0,True,Rising sun,Kannan Ka.So.Ka,Male,92741,Master's Degree,47,,,₹9.74 Cr,,spa,150
Jayankondam,BSP,2,0,False,Elephant,Chinnadurai S,Male,92742,12th Grade (HSC / +2),53,,,₹6.23 L,,others,150
Jayankondam,NTK,3,0,False,Farmer Carrying Plough,Revathi K,Female,92743,Master's Degree,37,,,₹2.82 L,,ntk,150
Jayankondam,DMSK,4,0,False,Balloon,Azhagesan V.R,Male,92744,Master's Degree,66,,,₹18.55 L,,others,150
Jayankondam,NMK,5,0,False,Pen nib with seven rays,Ravanan M,Male,92730,Diploma / ITI,59,,,"₹14,300",,others,150
Jayankondam,TVK,6,0,False,Whistle,Kavitha Rajendran G,Male,92746,10th Grade (SSLC),65,,,₹29.03 L,,tvk,150
Jayankondam,RSD (R),7,0,False,Ring,Sankar M,Male,92747,5th Grade,42,,,₹1.01 L,,others,150
Jayankondam,TAVK,8,0,False,Camera,Pagutharivalan A,Male,92748,Bachelor's Degree,35,,,₹13.87 L,,others,150
Jayankondam,AJPK,9,0,False,Gas cylinder,Ravisankar N,Male,92749,12th Grade (HSC / +2),54,,,₹27.85 L,,ajpk,150
Jayankondam,PMK,10,0,False,Mango,Vaithilingam G,Male,92750,12th Grade (HSC / +2),52,,,₹1.83 Cr,,nda,150
Jayankondam,VTNMK,11,0,False,Water melon,Jayabalan G,Male,92751,Bachelor's Degree,66,,,₹89.64 L,,others,150
Jayankondam,IND,12,0,False,Jackfruit,Anandhakumar R,Male,92752,Diploma / ITI,56,,,₹1.25 L,,independent,150
Jayankondam,IND,13,0,False,Cauliflower,Isac Newtan J,Male,92753,Diploma / ITI,30,,,₹nan,,independent,150
Jayankondam,IND,14,0,True,Road roller,Kannan K,Male,92754,Bachelor's Degree,39,,,"₹12,000",,independent,150
Jayankondam,IND,15,0,False,Bat,Gurunathan N,Male,92755,Not Specified,53,,,"₹3,000",,independent,150
Jayankondam,IND,16,0,False,Capsicum,Chanthirasekar S,Male,92756,Not Specified,45,,,₹1.92 L,,independent,150
Jayankondam,IND,17,0,False,Matchbox,Vinothsavariremijeas C,Male,92757,10th Grade (SSLC),36,,,₹45.78 L,,independent,150
Jayankondam,IND,18,0,False,Stumps,Venkatajalapathi R,Male,92758,8th Grade,59,,,₹5.66 L,,independent,150
Jayankondam,IND,19,0,False,Bucket,Vezhaventhan D,Male,92759,Doctorate (Ph.D / MD),40,,,₹21.53 L,,independent,150
Tittakudi,BSP,1,0,False,Elephant,Ravichandran K.P,Male,92760,Primary (Up to 4th),59,,,₹8.00 L,,others,151
Tittakudi,DMK,2,0,False,Rising sun,Ganesan C.V,Male,92761,Master's Degree,67,,,₹59.95 L,,spa,151
Tittakudi,NTK,3,0,False,Farmer Carrying Plough,Mahalakshmi V,Female,92762,Bachelor's Degree,27,,,₹3.19 L,,ntk,151
Tittakudi,AIADMK,4,0,False,Two leaves,Murugumaran N,Male,92763,Bachelor's Degree,54,,,₹3.14 Cr,,nda,151
Tittakudi,AJPK,5,0,False,Gas cylinder,Sathya M,Female,92764,Bachelor's Degree,31,,,₹1.12 Cr,,ajpk,151
Tittakudi,AIPTMMK,6,0,False,Coconut farm,Palanivel R,Male,92765,Not Specified,56,,,₹2.79 Cr,,ajpk,151
Tittakudi,TVK,7,0,False,Whistle,Rajasekar A,Male,92766,10th Grade (SSLC),46,,,₹8.49 L,,tvk,151
Tittakudi,BDP,8,0,False,Gift pack,Jayaraman N,Male,92767,8th Grade,35,,,"₹10,000",,others,151
Tittakudi,TAVK,9,0,False,Camera,Jaya K,Female,92768,10th Grade (SSLC),47,,,₹5.01 L,,others,151
Tittakudi,IND,10,0,False,CCTV Camera,Silambarasan J,Male,92769,Not Specified,41,,,₹5.26 L,,independent,151
Tittakudi,IND,11,0,False,Water melon,Padmanathan V,Male,92770,Bachelor's Degree,54,,,"₹25,000",,independent,151
Tittakudi,IND,12,0,False,Jackfruit,Perinbam D,Male,92771,12th Grade (HSC / +2),39,,,₹3.82 L,,independent,151
Tittakudi,IND,13,0,False,Peas,Murugan A,Male,92772,12th Grade (HSC / +2),51,,,₹23.03 L,,independent,151
Tittakudi,IND,14,0,False,Mike,Velmurugan G,Male,92773,Bachelor's Degree,31,,,₹2.87 L,,independent,151
Vriddhachalam,NTK,1,0,False,Farmer Carrying Plough,Ananthi Dhandapani,Female,92774,Bachelor's Degree,37,,,₹nan,,ntk,152
Vriddhachalam,BSP,2,0,False,Elephant,Sivaprakasam.V,Male,92775,9th Grade,68,,,₹5.56 L,,others,152
Vriddhachalam,DMDK,3,0,False,Nagara,Premallatha Vijayakant,Female,92776,Bachelor's Degree,60,,,₹nan,,spa,152
Vriddhachalam,TAVK,4,0,False,Camera,Arivazhagan.E.N,Male,92777,Diploma / ITI,50,,,₹35.45 L,,others,152
Vriddhachalam,ACDP,5,0,False,Jackfruit,Arivudainambi.S,Male,92778,Bachelor's Degree,56,,,₹69.13 L,,others,152
Vriddhachalam,AMK,6,0,False,Coconut farm,Sathiya.B,Female,92779,Bachelor's Degree,36,,,₹79.06 L,,others,152
Vriddhachalam,DMSK,7,0,False,Football player,Sidharthan.S,Male,92780,Master's Degree,62,,,"₹5,000",,others,152
Vriddhachalam,AJPK,8,0,False,Gas cylinder,Gnanasundari.M,Female,92781,Bachelor's Degree,40,,,₹16.84 L,,ajpk,152
Vriddhachalam,PMK,9,0,False,Mango,Dr.Tamizharasi.P,Female,92782,Bachelor's Degree,71,,,₹3.37 Cr,,nda,152
Vriddhachalam,TVK,10,0,False,Whistle,Vijay.S,Male,92783,Bachelor's Degree,40,,,₹37.99 L,,tvk,152
Vriddhachalam,IND,11,0,False,Bat,Ezhilkumar.K,Male,92784,10th Grade (SSLC),43,,,"₹26,000",,independent,152
Vriddhachalam,IND,12,0,False,Capsicum,Sivasankaran.K,Male,92785,Bachelor's Degree,38,,,₹3.94 L,,independent,152
Vriddhachalam,IND,13,0,False,Gift pack,Srinivasan.R,Male,92786,10th Grade (SSLC),53,,,"₹15,000",,independent,152
Vriddhachalam,IND,14,0,False,Mike,Durai.K,Male,92787,Master's Degree,49,,,₹12.05 L,,independent,152
Vriddhachalam,IND,15,0,False,Air conditioner,Deiveegadass.M,Male,92788,10th Grade (SSLC),46,,,₹11.83 L,,independent,152
Vriddhachalam,IND,16,0,False,Almirah,Balu.P,Male,92789,12th Grade (HSC / +2),39,,,₹3.12 L,,independent,152
Vriddhachalam,IND,17,0,False,Ship,Prabakaran.T,Male,92790,10th Grade (SSLC),35,,,₹20.70 L,,independent,152
Vriddhachalam,IND,18,0,False,Diamond,Jayaprakash.S,Male,92791,12th Grade (HSC / +2),37,,,₹7.13 L,,independent,152
Neyveli,DMK,1,0,True,Rising sun,Saba.Rajendran,Male,92792,Bachelor's Degree,64,,,₹2.38 Cr,,spa,153
Neyveli,AIADMK,2,0,False,Two leaves,Rajendran.R,Male,92793,Bachelor's Degree,65,,,₹75.90 L,,nda,153
Neyveli,NTK,3,0,False,Farmer Carrying Plough,Veeramani.B,Male,92794,Not Specified,43,,,₹44.71 L,,ntk,153
Neyveli,BSP,4,0,False,Elephant,Jothimurugan.V,Male,92795,12th Grade (HSC / +2),42,,,₹3.41 L,,others,153
Neyveli,TVK,5,0,False,Whistle,Anand.K,Male,92796,Bachelor's Degree,40,,,₹40.53 L,,tvk,153
Neyveli,TAVK,6,0,False,Camera,Thirumalvalavan.T,Male,92797,Master's Degree,56,,,₹9.89 Cr,,others,153
Neyveli,VTVTK,7,0,False,Pestle and mortar,Mayakrishnan.K,Male,92798,Not Specified,53,,,₹nan,,others,153
Neyveli,IND,8,0,False,CCTV Camera,Karthikeyan.C.M,Male,92799,Bachelor's Degree,34,,,₹18.24 L,,independent,153
Neyveli,IND,9,0,False,Ship,Sathiyaseelan.M,Male,92800,Bachelor's Degree,44,,,"₹33,500",,independent,153
Neyveli,IND,10,0,False,Television,Chezhiyan.G,Male,92801,Master's Degree,39,,,"₹27,535",,independent,153
Neyveli,IND,11,0,False,Wallet,Manimaran.P,Male,92802,10th Grade (SSLC),45,,,"₹10,000",,independent,153
Panruti,VCK,1,0,False,Pot,Abdur Rahman. A.R,Male,92803,12th Grade (HSC / +2),62,,,₹16.71 L,,spa,154
Panruti,NTK,2,0,False,Farmer Carrying Plough,Banupriya. M,Female,92804,Master's Degree,32,,,₹11.57 L,,ntk,154
Panruti,AIADMK,3,0,False,Two leaves,Mohan. K,Male,92805,9th Grade,43,,,₹2.21 Cr,,nda,154
Panruti,BSP,4,0,False,Elephant,Srikanthu. S,Male,92806,10th Grade (SSLC),42,,,₹8.05 L,,others,154
Panruti,TAVK,5,0,False,Camera,Surendar. R,Male,92807,Master's Degree,42,,,₹13.46 L,,others,154
Panruti,TPMK,6,0,False,Drill machine,Prakash. R,Male,92808,Not Specified,41,,,₹35.67 L,,others,154
Panruti,TVK,7,0,False,Whistle,Manikandan. M,Male,92809,Bachelor's Degree,35,,,₹16.70 L,,tvk,154
Panruti,IND,8,0,False,Jackfruit,Mohammed Safi. A,Male,92810,Bachelor's Degree,25,,,₹15.31 L,,independent,154
Panruti,IND,9,0,False,Bangles,Ramalingam. A,Male,92811,10th Grade (SSLC),76,,,"₹5,000",,independent,154
Cuddalore,INC,1,0,False,Hand,A.S.Chandarasekaran,Male,92812,Bachelor's Degree,58,,,₹8.18 Cr,,spa,155
Cuddalore,AIADMK,2,0,False,Two leaves,M.C.Sampath,Male,92813,Bachelor's Degree,67,,,₹66.32 L,,nda,155
Cuddalore,NTK,3,0,False,Farmer Carrying Plough,S.Sarasu,Female,92814,Master's Degree,40,,,₹nan,,ntk,155
Cuddalore,BSP,4,0,False,Elephant,P.Natarajan,Male,92815,Bachelor's Degree,43,,,₹8.81 L,,others,155
Cuddalore,AIPTMMK,5,0,False,Coconut farm,S.Ramasamy,Male,92816,10th Grade (SSLC),70,,,₹9.55 L,,ajpk,155
Cuddalore,TVK,6,0,False,Whistle,B.Rajkumar,Male,92817,Diploma / ITI,46,,,₹9.33 L,,tvk,155
Cuddalore,TAVK,7,0,False,Camera,K.Lenin,Male,92818,Bachelor's Degree,48,,,₹40.86 L,,others,155
Cuddalore,IND,8,0,False,Bucket,S.Rajamohan,Male,92819,Master's Degree,72,,,₹70.50 L,,independent,155
Cuddalore,IND,9,0,False,Gas cylinder,E.Gurubaran,Male,92820,Bachelor's Degree,34,,,₹7.01 L,,independent,155
Cuddalore,IND,10,0,False,Gas Stove,V.Suganthi,Female,92821,12th Grade (HSC / +2),30,,,₹5.72 L,,independent,155
Cuddalore,IND,11,0,False,Diamond,P.Nagasundaram,Male,92822,Doctorate (Ph.D / MD),43,,,₹nan,,independent,155
Cuddalore,IND,12,0,False,Almirah,E.Farook Ali,Male,92823,10th Grade (SSLC),57,,,₹11.96 L,,independent,155
Cuddalore,IND,13,0,False,Room cooler,R.Mayavan,Male,92824,10th Grade (SSLC),52,,,₹38.91 L,,independent,155
Cuddalore,IND,14,0,False,Television,R.Ramachandran,Male,92825,Bachelor's Degree,41,,,₹16.59 L,,independent,155
Cuddalore,IND,15,0,False,Ginger,R.Veeramani,Female,92826,9th Grade,30,,,₹3.59 L,,independent,155
Kurinjipadi,NTK,1,0,False,Farmer Carrying Plough,Kavitha Renganathan,Female,92827,Bachelor's Degree,48,,,₹97.55 L,,ntk,156
Kurinjipadi,BSP,2,0,False,Elephant,M Kanagaraj,Male,92828,Bachelor's Degree,36,,,₹20.60 L,,others,156
Kurinjipadi,DMK,3,0,True,Rising sun,M.R.K.Panneerselvam,Male,92829,Bachelor's Degree,68,,,₹4.00 Cr,,spa,156
Kurinjipadi,AIADMK,4,0,False,Two leaves,A Bhuvanenthiran,Male,92830,12th Grade (HSC / +2),60,,,₹nan,,nda,156
Kurinjipadi,TAVK,5,0,False,Camera,T Kannan,Male,92831,10th Grade (SSLC),49,,,₹11.68 Cr,,others,156
Kurinjipadi,TTNP,6,0,False,Gas cylinder,R Srinivasan,Male,92832,Diploma / ITI,52,,,₹3.15 L,,others,156
Kurinjipadi,TVK,7,0,False,Whistle,Rajkumar D,Male,92833,Diploma / ITI,40,,,₹2.58 Cr,,tvk,156
Kurinjipadi,IND,8,0,False,CCTV Camera,Arumugam R,Male,92834,Diploma / ITI,50,,,₹5.00 L,,independent,156
Kurinjipadi,IND,9,0,False,Bucket,Dhanakesavamoorthy A.C.T,Male,92835,Master's Degree,57,,,₹4.00 L,,independent,156
Kurinjipadi,IND,10,0,False,Bangles,Manimala R,Female,92836,7th Grade,48,,,₹2.35 L,,independent,156
Kurinjipadi,IND,11,0,False,Television,Muthazhagan N,Male,92837,Bachelor's Degree,55,,,₹nan,,independent,156
Bhuvanagiri,AIADMK,1,0,True,Two leaves,Arunmozhithevan . A,Male,92838,Bachelor's Degree,57,,,₹2.52 Cr,,nda,157
Bhuvanagiri,BSP,2,0,False,Elephant,Kumaravelu . M,Male,92839,Diploma / ITI,51,,,₹1.46 L,,others,157
Bhuvanagiri,DMK,3,0,False,Rising sun,Saravanan. Durai . K,Male,92840,Not Specified,59,,,₹2.37 Cr,,spa,157
Bhuvanagiri,NTK,4,0,False,Farmer Carrying Plough,Sumathi . S,Female,92841,Master's Degree,52,,,₹77.65 L,,ntk,157
Bhuvanagiri,TVK,5,0,False,Whistle,Mahalingam . T,Male,92842,12th Grade (HSC / +2),48,,,₹8.39 Cr,,tvk,157
Bhuvanagiri,TAVK,6,0,False,Camera,Muthamizhan . Seva,Male,92843,Bachelor's Degree,32,,,₹6.43 L,,others,157
Bhuvanagiri,IND,7,0,False,Binoculars,Arunmozhi . V,Male,92844,Master's Degree,28,,,₹2.04 L,,independent,157
Bhuvanagiri,IND,8,0,False,Almirah,Ezhilventhan . P,Male,92845,12th Grade (HSC / +2),59,,,₹5.73 L,,independent,157
Bhuvanagiri,IND,9,0,False,Ship,Iyyappan . S,Male,92846,Bachelor's Degree,27,,,"₹11,000",,independent,157
Bhuvanagiri,IND,10,0,False,Electric pole,Saravanan . J,Male,92847,Diploma / ITI,62,,,₹4.54 Cr,,independent,157
Bhuvanagiri,IND,11,0,False,Gas cylinder,Balamurugan . M.R,Male,92848,Master's Degree,45,,,₹2.60 L,,independent,157
Bhuvanagiri,IND,12,0,False,Batsman,Balamurugan . G.C,Male,92849,10th Grade (SSLC),44,,,₹5.79 L,,independent,157
Bhuvanagiri,IND,13,0,False,Diamond,Raja Sekar . G,Male,92850,Bachelor's Degree,28,,,₹5.41 L,,independent,157
Chidambaram,DMK,1,0,False,Rising sun,Thamimun Ansari. M,Male,92851,Master's Degree,50,,,₹41.95 L,,spa,158
Chidambaram,NTK,2,0,False,Farmer Carrying Plough,Thamizh,Male,92852,Master's Degree,35,,,₹12.80 L,,ntk,158
Chidambaram,AIADMK,3,0,False,Two leaves,Pandian. K.A,Male,92853,Master's Degree,64,,,₹2.62 Cr,,nda,158
Chidambaram,AIPTMMK,4,0,False,Coconut farm,Dhanasekaran. M,Male,92854,Bachelor's Degree,71,,,₹12.28 L,,ajpk,158
Chidambaram,TVK,5,0,False,Whistle,Nedunchezhiyan,Male,92855,10th Grade (SSLC),75,,,₹1.06 L,,tvk,158
Chidambaram,APTADMK,6,0,False,Jackfruit,Munisankar. K,Male,92856,12th Grade (HSC / +2),54,,,₹nan,,others,158
Chidambaram,IND,7,0,False,Diamond,Easan Natarajan. T,Male,92857,Master's Degree,42,,,₹nan,,independent,158
Chidambaram,IND,8,0,False,Pan,Thirugnanam. K,Male,92858,Bachelor's Degree,56,,,₹7.36 L,,independent,158
Chidambaram,IND,9,0,False,Kettle,Manimaran. D,Male,92859,12th Grade (HSC / +2),38,,,₹1.21 L,,independent,158
Chidambaram,IND,10,0,False,Flute,Venkatesan. D,Male,92860,9th Grade,54,,,"₹25,849",,independent,158
Chidambaram,IND,11,0,False,Electric pole,Er. Jayakkumar. R,Male,92861,Master's Degree,65,,,₹nan,,independent,158
Kattumannarkoil,BSP,1,0,False,Elephant,Satheeshkumar .M,Male,92862,Bachelor's Degree,38,,,₹3.85 L,,others,159
Kattumannarkoil,NTK,2,0,False,Farmer Carrying Plough,Sivajothi .M,Male,92863,Bachelor's Degree,41,,,₹35.48 L,,ntk,159
Kattumannarkoil,VCK,3,0,False,Pot,L.E.Jothimani,Male,92864,Bachelor's Degree,71,,,₹10.22 L,,spa,159
Kattumannarkoil,TAVK,4,0,False,Camera,Alavanthar .M,Male,92865,12th Grade (HSC / +2),55,,,₹7.90 L,,others,159
Kattumannarkoil,AIJMK,5,0,False,Mixee,G.Kalyana Sundaram,Male,92866,Master's Degree,54,,,"₹72,000",,others,159
Kattumannarkoil,TVK,6,0,False,Whistle,S.Seenuvasan,Male,92867,9th Grade,57,,,₹61.60 L,,tvk,159
Kattumannarkoil,PMK,7,0,False,Mango,A.Sozhan,Male,92868,Bachelor's Degree,42,,,₹82.01 L,,nda,159
Kattumannarkoil,RSD (R),8,0,False,Plastering trowel,Babu .B,Male,92869,9th Grade,31,,,₹5.04 L,,others,159
Kattumannarkoil,AJPK,9,0,False,Gas cylinder,S.Murali,Male,92870,Master's Degree,36,,,₹4.29 L,,ajpk,159
Kattumannarkoil,IND,10,0,False,Matchbox,M.A.T.Archunan,Male,92871,Bachelor's Degree,69,,,₹26.82 L,,independent,159
Kattumannarkoil,IND,11,0,False,Cauliflower,Sankarkumar .S,Male,92872,12th Grade (HSC / +2),47,,,"₹19,300",,independent,159
Sirkazhi,BSP,1,0,False,Elephant,Gajendran.Kanaga,Male,92873,Bachelor's Degree,48,,,₹nan,,others,160
Sirkazhi,AIADMK,2,0,False,Two leaves,Sakthi.M,Male,92874,Master's Degree,51,,,₹6.90 Cr,,nda,160
Sirkazhi,NTK,3,0,False,Farmer Carrying Plough,Subash.R,Male,92875,Bachelor's Degree,28,,,₹1.21 L,,ntk,160
Sirkazhi,DMK,4,0,False,Rising sun,Senthilselvan.R,Male,92876,Master's Degree,58,,,₹nan,,spa,160
Sirkazhi,TVK,5,0,False,Whistle,Gopinath.S,Male,92877,Bachelor's Degree,36,,,₹6.83 L,,tvk,160
Sirkazhi,IDMK,6,0,False,Gas cylinder,Pandiyan.C.R,Male,92878,10th Grade (SSLC),50,,,₹4.52 L,,others,160
Sirkazhi,OMNP,7,0,False,Football player,Babusankar.R,Male,92879,9th Grade,58,,,₹1.01 L,,others,160
Sirkazhi,TAVK,8,0,False,Camera,Pethaperumal.K,Male,92880,Not Specified,44,,,₹nan,,others,160
Sirkazhi,AIPTMMK,9,0,False,Coconut farm,Malathi.A,Female,92881,Not Specified,48,,,₹nan,,ajpk,160
Sirkazhi,IND,10,0,False,Scissors,Tamilventhan.R,Male,92882,Diploma / ITI,33,,,"₹7,500",,independent,160
Mayiladuthurai,NTK,1,0,False,Farmer Carrying Plough,Kasiraman. K,Male,92883,Bachelor's Degree,53,,,₹3.26 Cr,,ntk,161
Mayiladuthurai,BSP,2,0,False,Elephant,Venkatesan. K,Male,92884,Bachelor's Degree,50,,,₹nan,,others,161
Mayiladuthurai,INC,3,0,False,Hand,Jamal Mohamed Younoos. Y.N,Male,92885,10th Grade (SSLC),38,,,₹8.23 Cr,,spa,161
Mayiladuthurai,AIJMK,4,0,False,Mixee,Aravaazhi. K,Male,92886,Doctorate (Ph.D / MD),60,,,₹1.31 Cr,,others,161
Mayiladuthurai,SMNK,5,0,False,Walking stick,Karthick. A,Male,92887,9th Grade,43,,,"₹12,700",,others,161
Mayiladuthurai,TAVK,6,0,False,Camera,Saravanank. K,Male,92888,Bachelor's Degree,35,,,"₹85,700",,others,161
Mayiladuthurai,PMK,7,0,False,Mango,Palanisamy.A M.Com,Male,92889,Bachelor's Degree,50,,,₹26.00 L,,nda,161
Mayiladuthurai,VTVTK,8,0,False,Pestle and mortar,Manimaran,Male,92890,Diploma / ITI,64,,,₹nan,,others,161
Mayiladuthurai,TVK,9,0,False,Whistle,Haroon Rasheed. S.S,Male,92891,Master's Degree,54,,,₹nan,,tvk,161
Mayiladuthurai,IND,10,0,False,Diamond,Ananthakumar. R,Male,92892,10th Grade (SSLC),34,,,"₹99,000",,independent,161
Mayiladuthurai,IND,11,0,False,Ring,Gangadharan. R,Male,92893,12th Grade (HSC / +2),43,,,"₹7,000",,independent,161
Mayiladuthurai,IND,12,0,False,Road roller,Gobala Krishnan. S,Male,92894,7th Grade,41,,,₹3.10 L,,independent,161
Mayiladuthurai,IND,13,0,False,Pen nib with seven rays,Sampath. L,Male,92895,12th Grade (HSC / +2),64,,,₹15.00 L,,independent,161
Mayiladuthurai,IND,14,0,False,CCTV Camera,Thimothy. T,Male,92896,5th Grade,63,,,₹1.66 L,,independent,161
Mayiladuthurai,IND,15,0,False,Bench,Natarajan. R,Male,90062,11th Grade,63,,,₹9.31 L,,independent,161
Mayiladuthurai,IND,16,0,False,Gas cylinder,Navanitham. S,Female,92898,8th Grade,45,,,₹1.29 L,,independent,161
Mayiladuthurai,IND,17,0,False,Matchbox,Bharathiraja. B,Male,92899,10th Grade (SSLC),49,,,₹1.18 L,,independent,161
Mayiladuthurai,IND,18,0,False,Bat,Ramkumar. S,Male,92900,Bachelor's Degree,34,,,₹1.14 Cr,,independent,161
Mayiladuthurai,IND,19,0,False,Bangles,Veerasamy. T,Male,92901,9th Grade,58,,,₹10.56 L,,independent,161
Mayiladuthurai,IND,20,0,False,Refrigerator,Jamal Mohamed,Male,92902,9th Grade,62,,,"₹50,000",,independent,161
Poompuhar,NTK,1,0,False,Farmer Carrying Plough,Ilayanagulan. K,Male,92903,Master's Degree,41,,,₹1.90 L,,ntk,162
Poompuhar,DMK,2,0,True,Rising sun,Nivedha M Murugan,Male,92904,8th Grade,61,,,₹5.80 Cr,,spa,162
Poompuhar,AIADMK,3,0,False,Two leaves,Pavunraj. S,Male,92905,Not Specified,69,,,₹nan,,nda,162
Poompuhar,BSP,4,0,False,Elephant,Prabakaran. V,Male,92906,10th Grade (SSLC),33,,,₹4.75 L,,others,162
Poompuhar,AIADMSK,5,0,False,Telephone,Puratchidasan. T,Male,92907,10th Grade (SSLC),40,,,"₹1,000",,others,162
Poompuhar,TVK,6,0,False,Whistle,Vijayalaiyan. J,Male,92908,8th Grade,38,,,₹nan,,tvk,162
Poompuhar,IND,7,0,False,Electric pole,Anandaraj. D,Male,92909,Diploma / ITI,29,,,"₹50,700",,independent,162
Poompuhar,IND,8,0,False,Tyres,Inbaraj. T,Male,92910,8th Grade,46,,,₹8.80 L,,independent,162
Poompuhar,IND,9,0,False,Air conditioner,Noor Nisha. M,Female,92911,12th Grade (HSC / +2),53,,,₹37.68 L,,independent,162
Poompuhar,IND,10,0,False,Ring,Maya Venkatesan. M,Male,92912,9th Grade,53,,,₹10.45 Cr,,independent,162
Poompuhar,IND,11,0,False,Bat,Murugan. S,Male,92913,12th Grade (HSC / +2),48,,,"₹37,433",,independent,162
Poompuhar,IND,12,0,False,Television,Mujibur Rahman. E.M.M,Male,92914,10th Grade (SSLC),53,,,₹7.30 L,,independent,162
Poompuhar,IND,13,0,False,Diamond,Shangamiththiran. A,Male,92915,Master's Degree,51,,,₹27.15 L,,independent,162
Nagapattinam,AIADMK,1,0,False,Two leaves,Thanka.Kathiravan,Male,92916,Master's Degree,56,,,₹1.91 Cr,,nda,163
Nagapattinam,NTK,2,0,False,Farmer Carrying Plough,Fathima Farhana.S,Female,92917,Master's Degree,31,,,₹16.26 L,,ntk,163
Nagapattinam,DMK,3,0,False,Rising sun,M.H.Jawahirullah,Male,92918,Doctorate (Ph.D / MD),66,,,₹nan,,spa,163
Nagapattinam,TVK,4,0,False,Whistle,M.Sugumar,Male,92919,7th Grade,48,,,₹12.04 L,,tvk,163
Nagapattinam,AIYDP,5,0,False,Telephone,J.V.Durai,Male,92920,Not Specified,48,,,"₹79,000",,others,163
Nagapattinam,PT,6,0,False,Gas cylinder,K.Rajasekar,Male,92921,8th Grade,38,,,₹2.77 L,,others,163
Nagapattinam,TAVK,7,0,False,Camera,Vallabadas.E,Male,92922,Master's Degree,60,,,₹5.23 L,,others,163
Nagapattinam,IND,8,0,False,Rubber stamp,M.Iyyankalai,Male,92923,9th Grade,53,,,₹9.56 L,,independent,163
Nagapattinam,IND,9,0,False,Electric pole,T.Kathiravan,Male,92924,Not Specified,38,,,₹1.00 L,,independent,163
Nagapattinam,IND,10,0,False,CCTV Camera,Sakthivel,Male,92925,5th Grade,47,,,₹30.41 L,,independent,163
Nagapattinam,IND,11,0,False,Road roller,N P Bhashgaran,Male,92926,10th Grade (SSLC),56,,,₹nan,,independent,163
Nagapattinam,IND,12,0,False,Slate,S.Prem,Male,92927,10th Grade (SSLC),45,,,"₹58,751",,independent,163
Nagapattinam,IND,13,0,False,Ship,N.Vijayaragavan,Male,92928,Bachelor's Degree,40,,,₹12.30 L,,independent,163
Kilvelur,NTK,1,0,False,Farmer Carrying Plough,Karthika. M,Female,92929,Bachelor's Degree,36,,,₹88.01 L,,ntk,164
Kilvelur,CPI(M),2,0,False,Hammer Sickle and Star,Latha. T,Female,92930,10th Grade (SSLC),46,,,₹10.33 L,,spa,164
Kilvelur,PT,3,0,False,Bucket,Surenthar. K,Male,92931,Bachelor's Degree,32,,,"₹87,700",,others,164
Kilvelur,TVK,4,0,False,Whistle,Senthil Pandian. P,Male,92932,Bachelor's Degree,59,,,₹28.40 L,,tvk,164
Kilvelur,PMK,5,0,False,Mango,Vadivel Ravanan. S,Male,92933,10th Grade (SSLC),73,,,₹nan,,nda,164
Kilvelur,AJPK,6,0,False,Gas cylinder,Vedha Mukundhan,Female,92934,Master's Degree,51,,,₹43.90 L,,ajpk,164
Kilvelur,IND,7,0,False,Ship,Jaivishnudevi. M,Female,92935,Bachelor's Degree,46,,,₹5.08 L,,independent,164
Vedaranyam,NTK,1,0,False,Farmer Carrying Plough,Karthick. T,Male,92936,Bachelor's Degree,35,,,"₹51,237",,ntk,165
Vedaranyam,DMK,2,0,False,Rising sun,Pugazhendi. M,Male,92937,10th Grade (SSLC),57,,,₹1.25 Cr,,spa,165
Vedaranyam,AIADMK,3,0,False,Two leaves,Manian. O.S,Male,92938,Diploma / ITI,72,,,₹2.23 Cr,,nda,165
Vedaranyam,TVK,4,0,False,Whistle,Kingsly Gerald. A,Male,92939,Bachelor's Degree,49,,,₹4.37 Cr,,tvk,165
Vedaranyam,AIPTMMK,5,0,False,Coconut farm,Lingeswaran. M,Male,92940,Bachelor's Degree,44,,,₹28.44 L,,ajpk,165
Vedaranyam,IND,6,0,False,Gas cylinder,Rajasimman. D,Male,92941,Diploma / ITI,52,,,₹nan,,independent,165
Vedaranyam,IND,7,0,False,Capsicum,Gowthaman. M,Male,92942,Diploma / ITI,35,,,₹4.40 L,,independent,165
Vedaranyam,IND,8,0,False,Television,Sathiyaseelan. M,Male,92943,10th Grade (SSLC),35,,,₹3.87 L,,independent,165
Vedaranyam,IND,9,0,False,Electric pole,Selvakumar. S,Male,92944,7th Grade,40,,,₹1.91 L,,independent,165
Vedaranyam,IND,10,0,False,Matchbox,Thivaskar. B,Male,92945,Bachelor's Degree,35,,,₹32.92 L,,independent,165
Vedaranyam,IND,11,0,False,CCTV Camera,Veerakumar. V,Male,92946,6th Grade,37,,,₹6.73 L,,independent,165
Thiruthuraipoondi,AIADMK,1,0,False,Two leaves,Balathandayutham.U,Male,92947,12th Grade (HSC / +2),51,,,₹nan,,nda,166
Thiruthuraipoondi,CPI,2,0,True,Ears of corn and sickle,Marimuthu.K,Male,92948,Bachelor's Degree,56,,,"₹4,326",,spa,166
Thiruthuraipoondi,BSP,3,0,False,Elephant,Vimala.A,Female,92949,10th Grade (SSLC),41,,,₹2.71 L,,others,166
Thiruthuraipoondi,NTK,4,0,False,Farmer Carrying Plough,Vinothini.R,Female,92950,Master's Degree,34,,,₹14.85 L,,ntk,166
Thiruthuraipoondi,TAVK,5,0,False,Camera,Arumugam.N,Male,92951,10th Grade (SSLC),48,,,₹26.71 L,,others,166
Thiruthuraipoondi,TVK,6,0,False,Whistle,Pandiyan.S,Male,92952,10th Grade (SSLC),42,,,₹32.93 L,,tvk,166
Thiruthuraipoondi,IND,7,0,False,Water melon,Sivaprakasam.V,Male,92953,Bachelor's Degree,39,,,₹45.66 L,,independent,166
Thiruthuraipoondi,IND,8,0,False,Bangles,Muruganantham.V,Male,92954,12th Grade (HSC / +2),59,,,₹4.31 L,,independent,166
Thiruthuraipoondi,IND,9,0,False,Gas cylinder,Jayasangar.A,Male,92955,Bachelor's Degree,59,,,₹nan,,independent,166
Mannargudi,BSP,1,0,False,Elephant,Kamaraj.S,Male,92956,5th Grade,65,,,"₹2,000",,others,167
Mannargudi,NTK,2,0,False,Farmer Carrying Plough,Bharathiselvan.R,Male,92957,Not Specified,68,,,₹1.02 Cr,,ntk,167
Mannargudi,DMK,3,0,True,Rising sun,Rajaa.T.R.B,Male,92958,Doctorate (Ph.D / MD),49,,,₹9.10 Cr,,spa,167
Mannargudi,AMMK,4,0,False,Pressure cooker,Kamaraj. S,Male,92959,Master's Degree,59,,,₹8.57 Cr,,nda,167
Mannargudi,TAVK,5,0,False,Camera,Govindaraj.G,Male,92960,6th Grade,49,,,₹12.10 L,,others,167
Mannargudi,PT,6,0,False,Gas cylinder,Bharathi.B,Male,92961,Bachelor's Degree,32,,,₹2.97 L,,others,167
Mannargudi,TAMNK,7,0,False,Electric pole,Muthuvel.V,Male,92962,10th Grade (SSLC),59,,,₹15.92 L,,others,167
Mannargudi,AIPTMMK,8,0,False,Coconut farm,Rasupillai.S,Male,92963,5th Grade,62,,,₹33.53 L,,ajpk,167
Mannargudi,TVK,9,0,False,Whistle,Rajarajan.U,Male,92964,Diploma / ITI,41,,,₹nan,,tvk,167
Mannargudi,IND,10,0,False,Diamond,Arulprakash. P,Male,92965,10th Grade (SSLC),48,,,"₹12,337",,independent,167
Mannargudi,IND,11,0,False,Kettle,Kamaraj.A,Male,92966,10th Grade (SSLC),60,,,₹1.62 L,,independent,167
Mannargudi,IND,12,0,False,Table,Durai Arasan.K,Male,92967,10th Grade (SSLC),65,,,₹36.90 L,,independent,167
Mannargudi,IND,13,0,False,Ship,Namasivayam.N,Male,92968,10th Grade (SSLC),34,,,₹2.62 L,,independent,167
Mannargudi,IND,14,0,False,Iron,Prabhu. S,Male,92969,5th Grade,43,,,"₹30,450",,independent,167
Mannargudi,IND,15,0,False,Bucket,Marimuthu.A.V.M,Male,92970,5th Grade,67,,,₹19.61 L,,independent,167
Thiruvarur,NTK,1,0,False,Farmer Carrying Plough,Aswini B,Female,92971,Bachelor's Degree,29,,,₹18.16 L,,ntk,168
Thiruvarur,DMK,2,0,True,Rising sun,Kalaivanan Poondi K,Male,92972,12th Grade (HSC / +2),61,,,₹6.36 Cr,,spa,168
Thiruvarur,BJP,3,0,False,Lotus,Chandrasekaran Govi,Male,92973,10th Grade (SSLC),63,,,₹85.43 L,,nda,168
Thiruvarur,TAVK,4,0,False,Camera,Kanthan A,Male,92974,Master's Degree,49,,,₹5.82 L,,others,168
Thiruvarur,PT,5,0,False,Gas cylinder,Thiyagarajan .M,Male,92975,6th Grade,55,,,₹1.37 L,,others,168
Thiruvarur,TVK,6,0,False,Whistle,Veeramani V,Male,92976,Master's Degree,61,,,₹56.70 L,,tvk,168
Thiruvarur,IND,7,0,False,Box,Mutharasan S,Male,92977,7th Grade,41,,,₹2.34 L,,independent,168
Thiruvarur,IND,8,0,False,Matchbox,Sahul Hameed M,Male,92978,9th Grade,34,,,₹7.00 L,,independent,168
Nannilam,AIADMK,1,0,True,Two leaves,Kamaraj. R,Male,92979,Master's Degree,65,,,₹1.18 Cr,,nda,169
Nannilam,NTK,2,0,False,Farmer Carrying Plough,Thenmozhi Dilipkumar,Female,92980,Master's Degree,48,,,₹39.03 L,,ntk,169
Nannilam,DMK,3,0,False,Rising sun,Mohamed Mubarak,Male,92981,Master's Degree,47,,,₹19.04 L,,spa,169
Nannilam,TAVK,4,0,False,Camera,Sivaraman. T,Male,92982,12th Grade (HSC / +2),48,,,"₹17,000",,others,169
Nannilam,PT,5,0,False,Gas cylinder,Tamilselvan. M,Male,92983,5th Grade,58,,,₹23.39 L,,others,169
Nannilam,TVK,6,0,False,Whistle,Prabhakaran. S,Male,92984,Diploma / ITI,34,,,₹9.11 L,,tvk,169
Nannilam,AIPTMMK,7,0,False,Coconut farm,Raja. S,Male,92985,5th Grade,45,,,₹1.51 L,,ajpk,169
Nannilam,IND,8,0,False,Scissors,Sankar. R,Male,92986,6th Grade,53,,,₹4.22 L,,independent,169
Nannilam,IND,9,0,False,Bat,Shanmugaraja. D,Male,92987,Bachelor's Degree,25,,,₹12.20 L,,independent,169
Nannilam,IND,10,0,False,Wool and Needle,Suresh. V,Male,92988,10th Grade (SSLC),42,,,"₹12,482",,independent,169
Nannilam,IND,11,0,False,Gift pack,Bharathimohan. K.S,Male,92989,Diploma / ITI,48,,,₹3.81 L,,independent,169
Nannilam,IND,12,0,False,Tube light,Mohumed Riyas. K,Male,92990,10th Grade (SSLC),39,,,₹1.50 L,,independent,169
Nannilam,IND,13,0,False,Ring,Ravichandran. R,Male,92991,Bachelor's Degree,40,,,₹1.71 L,,independent,169
Nannilam,IND,14,0,False,Mike,Rajasekar. R,Male,92992,Master's Degree,40,,,"₹88,444",,independent,169
Thiruvidaimarudur,AIADMK,1,0,False,Two leaves,Elamathi Subramanian,Female,92993,10th Grade (SSLC),55,,,₹1.52 Cr,,nda,170
Thiruvidaimarudur,DMK,2,0,False,Rising sun,Govi.Chezhiaan,Male,92994,Doctorate (Ph.D / MD),59,,,₹51.98 L,,spa,170
Thiruvidaimarudur,NTK,3,0,False,Farmer Carrying Plough,M.Divya Bharathi,Female,92995,Bachelor's Degree,30,,,₹5.61 L,,ntk,170
Thiruvidaimarudur,BSP,4,0,False,Elephant,T.M.Puratchi Mani,Male,92996,Doctorate (Ph.D / MD),43,,,₹2.60 L,,others,170
Thiruvidaimarudur,CPI(ML),5,0,False,Flag with three stars,Kannaiyan. T,Male,92997,8th Grade,64,,,"₹75,000",,others,170
Thiruvidaimarudur,TVK,6,0,False,Whistle,S.Prabakaran,Male,92998,Diploma / ITI,42,,,₹1.86 Cr,,tvk,170
Thiruvidaimarudur,TAVK,7,0,False,Camera,A.Viswanathan,Male,92999,12th Grade (HSC / +2),38,,,₹1.16 L,,others,170
Thiruvidaimarudur,IND,8,0,False,Well,Aravindaraj. R,Male,93000,Bachelor's Degree,40,,,"₹1,000",,independent,170
Thiruvidaimarudur,IND,9,0,False,Biscuit,Keerthiga. K,Female,93001,Master's Degree,27,,,₹2.08 L,,independent,170
Thiruvidaimarudur,IND,10,0,False,Scissors,Selvarani. S,Female,93002,8th Grade,44,,,₹24.71 L,,independent,170
Thiruvidaimarudur,IND,11,0,False,Pen drive,M.Tamilmaran,Male,93003,Master's Degree,34,,,"₹50,000",,independent,170
Thiruvidaimarudur,IND,12,0,False,Peas,Dhanasekar,Male,93004,Bachelor's Degree,41,,,"₹75,000",,independent,170
Thiruvidaimarudur,IND,13,0,False,Frying pan,L.Prabakaran,Male,93005,Not Specified,30,,,"₹26,000",,independent,170
Thiruvidaimarudur,IND,14,0,False,Tea filter,P.Manikandan,Male,93006,Master's Degree,37,,,"₹25,000",,independent,170
Kumbakonam,BJP,1,0,False,Lotus,Ashokkumar R,Male,93007,10th Grade (SSLC),42,,,₹4.40 Cr,,nda,171
Kumbakonam,DMK,2,0,False,Rising sun,Anbalagan G,Male,93008,10th Grade (SSLC),77,,,₹41.19 Cr,,spa,171
Kumbakonam,NTK,3,0,False,Farmer Carrying Plough,Anandh M,Male,93009,Bachelor's Degree,39,,,₹34.29 L,,ntk,171
Kumbakonam,TAVK,4,0,False,Camera,Arokiyaraj V,Male,93010,Not Specified,41,,,"₹20,000",,others,171
Kumbakonam,TDMK,5,0,False,Matchbox,Sundar G,Male,93011,Bachelor's Degree,39,,,"₹81,000",,others,171
Kumbakonam,TVK,6,0,False,Whistle,Vinoth,Male,93012,Bachelor's Degree,32,,,₹nan,,tvk,171
Kumbakonam,IND,7,0,False,Balloon,Arivazhagan K,Male,93013,Bachelor's Degree,50,,,"₹34,000",,independent,171
Kumbakonam,IND,8,0,False,Almirah,Karthi G,Male,93014,Master's Degree,28,,,"₹2,705",,independent,171
Kumbakonam,IND,9,0,False,Binoculars,Srinivasan V,Male,93015,12th Grade (HSC / +2),58,,,₹18.35 L,,independent,171
Kumbakonam,IND,10,0,False,Kitchen sink,Senthamilselvi S,Female,93016,Bachelor's Degree,50,,,₹55.03 L,,independent,171
Kumbakonam,IND,11,0,False,Bench,Ramamoorthi R,Male,93017,Diploma / ITI,76,,,₹12.44 L,,independent,171
Kumbakonam,IND,12,0,False,Cauliflower,Vijayakumar C,Male,93018,10th Grade (SSLC),73,,,₹nan,,independent,171
Kumbakonam,IND,13,0,False,Gas cylinder,Stalin Ma Ka,Male,93019,Bachelor's Degree,55,,,₹6.19 L,,independent,171
Papanasam,NTK,1,0,False,Farmer Carrying Plough,Anis Fathima,Female,93020,Bachelor's Degree,25,,,₹3.62 L,,ntk,172
Papanasam,AIADMK,2,0,False,Two leaves,Dorai. Shanmuga Prabu,Male,93021,Bachelor's Degree,38,,,₹1.13 Cr,,nda,172
Papanasam,TVK,3,0,False,Whistle,Azarudeen Uduman Ali,Male,93022,10th Grade (SSLC),39,,,₹102.55 Cr,,tvk,172
Papanasam,TDMK,4,0,False,Matchbox,C.Chandrasekaran,Male,93023,Bachelor's Degree,45,,,₹15.11 L,,others,172
Papanasam,TAVK,5,0,False,Camera,B.Dhamodharan,Male,93024,12th Grade (HSC / +2),49,,,₹25.32 L,,others,172
Papanasam,CPI(ML),6,0,False,Flag with three stars,K.Masilamani,Male,93025,6th Grade,58,,,₹3.02 L,,others,172
Papanasam,IUML,7,0,False,Ladder,A.M.Shahjahan,Male,93026,Bachelor's Degree,57,,,₹51.45 L,,spa,172
Papanasam,IND,8,0,False,Bucket,A.Anis Fathima Abdul Rahim,Female,93027,12th Grade (HSC / +2),30,,,₹20.30 L,,independent,172
Papanasam,IND,9,0,False,Gas cylinder,V.Kulandhaivelu,Male,93028,9th Grade,62,,,₹1.53 L,,independent,172
Papanasam,IND,10,0,False,Bricks,A S Thangarasu,Male,93029,6th Grade,59,,,₹nan,,independent,172
Papanasam,IND,11,0,False,Diamond,V.Thiyagarajan,Male,93030,Bachelor's Degree,39,,,₹2.08 L,,independent,172
Papanasam,IND,12,0,False,Ring,S.Natarajan,Male,93031,12th Grade (HSC / +2),73,,,₹62.54 L,,independent,172
Papanasam,IND,13,0,False,Electric pole,K.Rajendran,Male,93032,9th Grade,47,,,"₹12,700",,independent,172
Thiruvaiyaru,DMK,1,0,True,Rising sun,Durai. Chandrasekaran,Male,93033,Bachelor's Degree,66,,,₹1.78 Cr,,spa,173
Thiruvaiyaru,NTK,2,0,False,Farmer Carrying Plough,Durai. Senthilnathan,Male,93034,Not Specified,44,,,₹36.20 L,,ntk,173
Thiruvaiyaru,AMMK,3,0,False,Pressure cooker,Velu. Karthikeyan,Male,93035,Master's Degree,51,,,₹nan,,nda,173
Thiruvaiyaru,TVK,4,0,False,Whistle,Mathi. Manikandan,Male,93036,Bachelor's Degree,28,,,₹52.75 L,,tvk,173
Thiruvaiyaru,APTADMK,5,0,False,Jackfruit,S.Vijayakumar,Male,93037,10th Grade (SSLC),48,,,₹1.80 L,,others,173
Thiruvaiyaru,TAVK,6,0,False,Camera,Vijaya Babu,Female,93038,12th Grade (HSC / +2),42,,,₹45.05 L,,others,173
Thiruvaiyaru,PT,7,0,False,Gas cylinder,V.Venu,Male,93039,10th Grade (SSLC),60,,,₹46.06 L,,others,173
Thiruvaiyaru,IND,8,0,False,Throwing a javelin,Abiman,Male,93040,Bachelor's Degree,27,,,₹23.42 L,,independent,173
Thiruvaiyaru,IND,9,0,False,Grapes,Er.S.Arjun,Male,93041,Bachelor's Degree,33,,,₹7.91 L,,independent,173
Thiruvaiyaru,IND,10,0,False,Safety pin,R.Sathiyanarayanan,Male,93042,10th Grade (SSLC),37,,,₹2.64 L,,independent,173
Thiruvaiyaru,IND,11,0,False,Bucket,Rajasekaran. S,Male,93043,Not Specified,44,,,₹nan,,independent,173
Thiruvaiyaru,IND,12,0,False,Ring,R.Rajkumar,Male,93044,Master's Degree,44,,,₹21.38 L,,independent,173
Thiruvaiyaru,IND,13,0,False,Scissors,Jayaindhraeswaran,Male,93045,Not Specified,31,,,₹2.07 L,,independent,173
Thanjavur,DMK,1,0,False,Rising sun,Shan. Ramanathan,Male,93046,12th Grade (HSC / +2),49,,,₹3.99 Cr,,spa,174
Thanjavur,NTK,2,0,False,Farmer Carrying Plough,N.Krishnakumar,Male,93047,Bachelor's Degree,52,,,"₹90,000",,ntk,174
Thanjavur,BJP,3,0,False,Lotus,Karuppu Muruganantham,Male,93048,9th Grade,52,,,₹1.54 Cr,,nda,174
Thanjavur,TAVK,4,0,False,Camera,H.Mohamed Abdul Khadir,Male,93049,10th Grade (SSLC),48,,,₹15.14 L,,others,174
Thanjavur,BDP,5,0,False,Pen nib with seven rays,S.Muthuvel,Male,93050,Master's Degree,56,,,₹5.48 L,,others,174
Thanjavur,TVK,6,0,False,Whistle,R.Vijaysaravanan,Male,93051,10th Grade (SSLC),50,,,₹1.04 L,,tvk,174
Thanjavur,IND,7,0,False,Pressure cooker,S.Karikala Cholan,Male,93052,Bachelor's Degree,42,,,₹7.17 L,,independent,174
Thanjavur,IND,8,0,False,Grapes,D.Kumaran,Male,93053,Not Specified,34,,,"₹30,787",,independent,174
Thanjavur,IND,9,0,False,Water melon,M.Santhosh,Male,93054,Master's Degree,47,,,₹21.56 L,,independent,174
Thanjavur,IND,10,0,False,Dish antenna,R.Sabthagiri,Male,93055,10th Grade (SSLC),35,,,₹4.94 L,,independent,174
Thanjavur,IND,11,0,False,Diamond,R.Muralidharan,Male,93056,Bachelor's Degree,51,,,₹88.00 L,,independent,174
Orathanadu,AIADMK,1,0,False,Two leaves,M.Sekar,Male,93057,Not Specified,63,,,₹66.41 L,,nda,175
Orathanadu,NTK,2,0,False,Farmer Carrying Plough,S.Thirumurugan,Male,93058,10th Grade (SSLC),46,,,₹1.26 Cr,,ntk,175
Orathanadu,DMK,3,0,False,Rising sun,R.Vaithilingam,Male,93059,Master's Degree,71,,,₹2.41 Cr,,spa,175
Orathanadu,TVK,4,0,False,Whistle,Dr. K.Arvind,Male,93060,Not Specified,31,,,₹35.74 L,,tvk,175
Orathanadu,TDMK,5,0,False,Matchbox,C.Gunasekaran,Male,93061,Master's Degree,48,,,"₹10,500",,others,175
Orathanadu,SFRBC,6,0,False,Laptop,M.Selvaraj,Male,93062,Diploma / ITI,62,,,₹1.57 Cr,,others,175
Orathanadu,IND,7,0,False,Bat,A.Ajeshkannan,Male,93063,10th Grade (SSLC),45,,,₹43.00 L,,independent,175
Orathanadu,IND,8,0,False,Battery Torch,M.Kanagaraj,Male,93064,8th Grade,53,,,₹2.00 L,,independent,175
Orathanadu,IND,9,0,False,Coconut farm,T.Vijayakumar,Male,93065,12th Grade (HSC / +2),45,,,₹2.18 L,,independent,175
Pattukkottai,DMK,1,0,False,Rising sun,Annadurai K,Male,93066,Bachelor's Degree,68,,,₹97.23 L,,spa,176
Pattukkottai,NTK,2,0,False,Farmer Carrying Plough,Kannan S,Male,93067,Diploma / ITI,53,,,₹33.54 L,,ntk,176
Pattukkottai,AIADMK,3,0,False,Two leaves,Sekar C V,Male,93068,Bachelor's Degree,63,,,₹1.77 Cr,,nda,176
Pattukkottai,PT,4,0,False,Gas cylinder,Gurumoorthy M,Male,93069,10th Grade (SSLC),59,,,₹3.85 L,,others,176
Pattukkottai,TVK,5,0,False,Whistle,Mathan C,Male,93070,10th Grade (SSLC),44,,,₹31.06 L,,tvk,176
Pattukkottai,IND,6,0,False,Diamond,Annadurai C N,Male,93071,Bachelor's Degree,56,,,₹6.07 L,,independent,176
Pattukkottai,IND,7,0,False,Television,Suresh M R,Male,93072,10th Grade (SSLC),41,,,₹13.15 L,,independent,176
Pattukkottai,IND,8,0,False,Camera,Suresh R,Male,93073,9th Grade,46,,,₹4.25 L,,independent,176
Pattukkottai,IND,9,0,False,Ring,Mohamed Sharif M,Male,93074,10th Grade (SSLC),46,,,₹64.49 L,,independent,176
Pattukkottai,IND,10,0,False,Jackfruit,Muthukumar D,Male,93075,Bachelor's Degree,38,,,₹15.84 L,,independent,176
Pattukkottai,IND,11,0,False,Scissors,Ziaudeen A J,Male,93076,9th Grade,47,,,₹5.52 L,,independent,176
Peravurani,DMK,1,0,False,Rising sun,Ashokkumar. N,Male,93077,10th Grade (SSLC),68,,,₹3.03 Cr,,spa,177
Peravurani,AIADMK,2,0,False,Two leaves,Govi.Elango,Male,93078,Bachelor's Degree,41,,,₹1.04 Cr,,nda,177
Peravurani,NTK,3,0,False,Farmer Carrying Plough,Bhuvana Maniyarasan,Female,93079,Bachelor's Degree,32,,,₹27.59 L,,ntk,177
Peravurani,TAVK,4,0,False,Camera,Neiveli Sasikumar,Male,93080,9th Grade,52,,,₹6.06 L,,others,177
Peravurani,TVK,5,0,False,Whistle,D.Chandrakandeeban,Male,93081,12th Grade (HSC / +2),42,,,₹12.81 Cr,,tvk,177
Peravurani,PT,6,0,False,Gas cylinder,G.Chithiravelu,Male,93082,Master's Degree,45,,,₹5.37 L,,others,177
Peravurani,AIPTMMK,7,0,False,Coconut farm,R.Ravi,Male,93083,9th Grade,45,,,₹44.80 L,,ajpk,177
Peravurani,IND,8,0,False,Clip,T.Arulmurugan,Male,93084,Bachelor's Degree,37,,,₹10.41 L,,independent,177
Peravurani,IND,9,0,False,Ring,U.Uthayakumar,Male,93085,Master's Degree,36,,,"₹31,000",,independent,177
Peravurani,IND,10,0,False,Water melon,Pasumaibhoomi Natarajan,Male,93086,Bachelor's Degree,55,,,₹2.34 Cr,,independent,177
Gandarvakkottai,BJP,1,0,False,Lotus,C.Uthayakumar,Male,93087,9th Grade,54,,,₹9.05 L,,nda,178
Gandarvakkottai,CPI(M),2,0,True,Hammer Sickle and Star,M.Chinnadurai,Male,93088,10th Grade (SSLC),59,,,₹23.36 L,,spa,178
Gandarvakkottai,NTK,3,0,False,Farmer Carrying Plough,Nathiya,Female,93089,Master's Degree,35,,,₹2.40 L,,ntk,178
Gandarvakkottai,TVK,4,0,False,Whistle,N.Subramanian,Male,93090,10th Grade (SSLC),72,,,₹70.18 L,,tvk,178
Gandarvakkottai,NAMK,5,0,False,Gas cylinder,Dhanarasu,Male,93645,5th Grade,59,,,"₹10,000",,others,178
Gandarvakkottai,IND,6,0,False,Matchbox,Arunkumar . S,Male,93092,Bachelor's Degree,30,,,"₹61,000",,independent,178
Gandarvakkottai,IND,7,0,False,Ring,Sasikumar P,Male,93093,Bachelor's Degree,45,,,₹5.50 L,,independent,178
Gandarvakkottai,IND,8,0,False,Mike,Senthilkumar N,Male,93094,Master's Degree,53,,,"₹10,000",,independent,178
Gandarvakkottai,IND,9,0,False,Cauliflower,T.Murugesan,Male,93095,10th Grade (SSLC),45,,,₹7.69 L,,independent,178
Gandarvakkottai,IND,10,0,False,Pen drive,M.Lakshmanan,Male,93096,10th Grade (SSLC),46,,,₹47.41 L,,independent,178
Viralimalai,NTK,1,0,False,Farmer Carrying Plough,Sathyalakshmi. K,Female,93097,Bachelor's Degree,38,,,₹40.50 L,,ntk,179
Viralimalai,DMK,2,0,False,Rising sun,Chellapandiyan. K.K,Male,93098,Bachelor's Degree,57,,,₹nan,,spa,179
Viralimalai,AIADMK,3,0,False,Two leaves,Vijayabaskar. C,Male,93099,Bachelor's Degree,52,,,₹8.44 Cr,,nda,179
Viralimalai,AIPTMMK,4,0,False,Coconut farm,Karthika Prakash,Female,93100,Master's Degree,36,,,₹11.50 L,,ajpk,179
Viralimalai,PT,5,0,False,Gas cylinder,Selvaraj. A,Male,93101,Not Specified,71,,,₹47.07 L,,others,179
Viralimalai,VTVTK,6,0,False,Pestle and mortar,Palanisamy. K,Male,93102,Not Specified,37,,,₹nan,,others,179
Viralimalai,TVK,7,0,False,Whistle,Murugesan. P,Male,93103,12th Grade (HSC / +2),43,,,₹45.31 L,,tvk,179
Viralimalai,IND,8,0,False,Ship,Adaikalaraj. S,Male,93104,Not Specified,37,,,₹4.30 L,,independent,179
Viralimalai,IND,9,0,False,Bucket,Alagar. P Advocate,Male,93105,Bachelor's Degree,40,,,"₹86,000",,independent,179
Viralimalai,IND,10,0,False,Almirah,Chandrajothi. M,Male,93106,Bachelor's Degree,37,,,₹9.74 L,,independent,179
Viralimalai,IND,11,0,False,Baby walker,Subbaiah. R,Male,93107,Bachelor's Degree,45,,,₹5.10 L,,independent,179
Viralimalai,IND,12,0,False,Balloon,Thirumurugan. A,Male,93108,Bachelor's Degree,39,,,₹40.76 L,,independent,179
Viralimalai,IND,13,0,False,Diamond,Thirumurugan. K,Male,93109,Not Specified,46,,,"₹45,500",,independent,179
Viralimalai,IND,14,0,False,Bangles,Thiruvendran. V,Male,93110,Bachelor's Degree,37,,,₹10.13 L,,independent,179
Viralimalai,IND,15,0,False,Batsman,Palanisamy. A,Male,93111,12th Grade (HSC / +2),55,,,"₹73,000",,independent,179
Viralimalai,IND,16,0,False,Bead necklace,Balasubramanian. K.K,Male,93112,10th Grade (SSLC),47,,,₹2.88 L,,independent,179
Viralimalai,IND,17,0,False,Belt,Balasubramanian. M,Male,93113,Bachelor's Degree,39,,,₹3.90 L,,independent,179
Viralimalai,IND,18,0,False,Bench,Balavel Murugesan. T,Male,93114,Master's Degree,47,,,₹89.24 L,,independent,179
Viralimalai,IND,19,0,False,Bicycle pump,Mahendiran. K,Male,93115,10th Grade (SSLC),44,,,₹55.65 L,,independent,179
Viralimalai,IND,20,0,False,Binoculars,Manikandan. M,Male,93116,8th Grade,37,,,₹61.24 L,,independent,179
Viralimalai,IND,21,0,False,Biscuit,Mathiyalagan. G,Male,93117,12th Grade (HSC / +2),37,,,"₹51,000",,independent,179
Viralimalai,IND,22,0,False,Black board,Raja. P,Male,93118,Bachelor's Degree,32,,,₹25.04 L,,independent,179
Viralimalai,IND,23,0,False,Boat with man and sail,Veeramani. M,Male,93119,Diploma / ITI,38,,,₹45.91 L,,independent,179
Viralimalai,IND,24,0,False,Box,Veeramani. M,Male,93120,10th Grade (SSLC),39,,,"₹15,000",,independent,179
Viralimalai,IND,25,0,False,Bread,Jayagandhi. R,Male,93121,Bachelor's Degree,41,,,₹19.61 L,,independent,179
Viralimalai,IND,26,0,False,Bread toaster,Jothivel. A,Male,93122,Diploma / ITI,53,,,₹2.84 L,,independent,179
Pudukkottai,NTK,1,0,False,Farmer Carrying Plough,Ezhilarasi Vijayendran,Female,93123,Master's Degree,35,,,₹1.35 Cr,,ntk,180
Pudukkottai,DMK,2,0,True,Rising sun,V.Muthuraja,Male,93124,Bachelor's Degree,49,,,₹nan,,spa,180
Pudukkottai,BJP,3,0,False,Lotus,N.Ramachandran,Male,93125,Not Specified,39,,,₹13.45 Cr,,nda,180
Pudukkottai,SFRBC,4,0,False,Laptop,E.Ramalingam,Male,93126,Bachelor's Degree,46,,,₹37.30 L,,others,180
Pudukkottai,TVK,5,0,False,Whistle,K.M.Shariff,Male,93127,10th Grade (SSLC),61,,,₹69.95 L,,tvk,180
Pudukkottai,TAVK,6,0,False,Camera,S.Niyaz Ahamed,Male,93128,8th Grade,42,,,"₹55,000",,others,180
Pudukkottai,CPI(ML),7,0,False,Flag with three stars,G.Manimegalai,Female,93129,10th Grade (SSLC),48,,,₹5.71 L,,others,180
Pudukkottai,VTVTK,8,0,False,Pestle and mortar,A.Rajasekar,Male,93130,12th Grade (HSC / +2),42,,,₹2.02 L,,others,180
Pudukkottai,PT,9,0,False,Gas cylinder,K.Rengan,Male,93131,Diploma / ITI,61,,,₹60.60 L,,others,180
Pudukkottai,IND,10,0,False,Harmonium,G.Arivazhagan,Male,93132,Bachelor's Degree,35,,,₹6.12 L,,independent,180
Pudukkottai,IND,11,0,False,Television,Kangatharan .P,Male,93133,Master's Degree,35,,,₹1.26 L,,independent,180
Pudukkottai,IND,12,0,False,Saw,C.Karuppaiah,Male,93134,Bachelor's Degree,43,,,₹nan,,independent,180
Pudukkottai,IND,13,0,False,Peanuts,C.Karuppaiah,Male,93135,Bachelor's Degree,46,,,₹6.76 L,,independent,180
Pudukkottai,IND,14,0,False,Diamond,K.Kailasakumar,Male,93136,Not Specified,34,,,₹4.16 L,,independent,180
Pudukkottai,IND,15,0,False,Tube light,C.Govindasamy,Male,93137,Master's Degree,64,,,₹76.40 L,,independent,180
Pudukkottai,IND,16,0,False,Matchbox,R.Sivakumar,Male,93138,Bachelor's Degree,52,,,₹14.24 L,,independent,180
Pudukkottai,IND,17,0,False,Road roller,A.Subaresh Raja,Male,93139,Not Specified,32,,,"₹45,500",,independent,180
Pudukkottai,IND,18,0,False,Cauliflower,Senthilnathan .B,Male,93140,Bachelor's Degree,29,,,₹6.00 L,,independent,180
Pudukkottai,IND,19,0,False,Electric pole,S.Selvaraj,Male,93141,8th Grade,58,,,₹50.51 L,,independent,180
Pudukkottai,IND,20,0,False,Robot,K.Dhanagopal,Male,93142,10th Grade (SSLC),47,,,₹nan,,independent,180
Pudukkottai,IND,21,0,False,Balloon,G.Duraisaravanan,Male,93143,Bachelor's Degree,35,,,₹45.26 L,,independent,180
Pudukkottai,IND,22,0,False,Flute,M.A.Muthukumar,Male,93144,Bachelor's Degree,41,,,₹45.06 L,,independent,180
Pudukkottai,IND,23,0,False,Almirah,G.Muthuraj,Male,93145,10th Grade (SSLC),36,,,₹5.93 L,,independent,180
Pudukkottai,IND,24,0,False,Well,K.Murugesan,Male,93146,10th Grade (SSLC),55,,,₹1.30 L,,independent,180
Pudukkottai,IND,25,0,False,Peas,D.Ramesh,Male,93147,Bachelor's Degree,53,,,₹nan,,independent,180
Pudukkottai,IND,26,0,False,Bucket,A.Radhakrishnan,Male,93148,12th Grade (HSC / +2),72,,,"₹20,000",,independent,180
Pudukkottai,IND,27,0,False,Baby walker,Ramachandran .C,Male,93149,12th Grade (HSC / +2),45,,,"₹40,000",,independent,180
Pudukkottai,IND,28,0,False,Box,C.Ramachandran,Male,93150,12th Grade (HSC / +2),45,,,"₹40,000",,independent,180
Pudukkottai,IND,29,0,False,Gramophone,R.Ramachandran,Male,93151,Master's Degree,63,,,"₹10,106",,independent,180
Pudukkottai,IND,30,0,False,Ship,V.R.Jayakumar,Male,93152,12th Grade (HSC / +2),54,,,"₹50,000",,independent,180
Thirumayam,DMK,1,0,False,Rising sun,Regupathy.S,Male,93153,Bachelor's Degree,75,,,₹4.22 Cr,,spa,181
Thirumayam,NTK,2,0,False,Farmer Carrying Plough,Lakshmi Srinivasan,Female,93154,Not Specified,43,,,₹nan,,ntk,181
Thirumayam,AIADMK,3,0,False,Two leaves,Vairamuthu.Pk,Male,93155,10th Grade (SSLC),71,,,₹1.65 Cr,,nda,181
Thirumayam,TVK,4,0,False,Whistle,Chinthamani.C,Female,93156,Master's Degree,37,,,₹nan,,tvk,181
Thirumayam,PT,5,0,False,Gas cylinder,Subbiah.A,Male,93157,12th Grade (HSC / +2),55,,,₹nan,,others,181
Thirumayam,SFRBC,6,0,False,Laptop,Muthukaruppan.Cn,Male,93158,Master's Degree,61,,,₹38.34 L,,others,181
Thirumayam,TAVK,7,0,False,Camera,Ramsingh.Sk,Male,93159,Master's Degree,42,,,₹nan,,others,181
Thirumayam,AIPTMMK,8,0,False,Coconut farm,Raja.K,Male,93160,Bachelor's Degree,54,,,"₹16,179",,ajpk,181
Thirumayam,IND,9,0,False,Pen nib with seven rays,Eswar.S,Male,93161,12th Grade (HSC / +2),27,,,₹1.30 L,,independent,181
Thirumayam,IND,10,0,False,Jackfruit,Sathishkumar.M,Male,93162,Diploma / ITI,32,,,₹15.30 L,,independent,181
Thirumayam,IND,11,0,False,Mike,Chinnathambi.P,Male,93163,8th Grade,46,,,₹7.05 L,,independent,181
Thirumayam,IND,12,0,False,Ring,Subramanian.P,Male,93164,Not Specified,58,,,₹14.20 L,,independent,181
Thirumayam,IND,13,0,False,Bat,Durairajan.M,Male,93165,8th Grade,57,,,"₹50,000",,independent,181
Thirumayam,IND,14,0,False,Trumpet,Ramnath.T,Male,93166,Bachelor's Degree,32,,,"₹40,668",,independent,181
Alangudi,DMK,1,0,True,Rising sun,Siva.V.Meyyanathan,Male,93167,Master's Degree,57,,,₹27.19 L,,spa,182
Alangudi,NTK,2,0,False,Farmer Carrying Plough,R.Rajaram,Male,93168,Bachelor's Degree,46,,,"₹40,000",,ntk,182
Alangudi,AIADMK,3,0,False,Two leaves,Dhana Vimal,Male,93169,Bachelor's Degree,44,,,₹1.61 Cr,,nda,182
Alangudi,TVK,4,0,False,Whistle,Kandasamy,Male,93170,Not Specified,44,,,₹6.88 L,,tvk,182
Alangudi,SFRBC,5,0,False,Laptop,R.Suresh,Male,93171,12th Grade (HSC / +2),28,,,"₹50,000",,others,182
Alangudi,AIPTMMK,6,0,False,Coconut farm,D.Pushparaj,Male,93172,10th Grade (SSLC),48,,,₹17.31 L,,ajpk,182
Alangudi,AIMMK,7,0,False,Balloon,S Malaiyandi,Male,93173,10th Grade (SSLC),33,,,"₹10,000",,others,182
Alangudi,IND,8,0,False,Gas Stove,V.Kannadassan,Male,93174,Not Specified,35,,,₹1.28 L,,independent,182
Alangudi,IND,9,0,False,Ring,Sasikumar.P,Male,93175,Bachelor's Degree,45,,,₹5.50 L,,independent,182
Alangudi,IND,10,0,False,Batsman,B.Selvam,Male,93176,Bachelor's Degree,32,,,"₹12,000",,independent,182
Alangudi,IND,11,0,False,Box,T.Thirumaran,Male,93177,Master's Degree,42,,,"₹10,000",,independent,182
Alangudi,IND,12,0,False,Pen stand,M.Nagarajan,Male,93178,Not Specified,73,,,₹2.41 L,,independent,182
Alangudi,IND,13,0,False,Bangles,K.Murugesan,Male,93179,Not Specified,45,,,"₹11,000",,independent,182
Alangudi,IND,14,0,False,Electric pole,S.Vanmeganadhan,Male,93180,12th Grade (HSC / +2),37,,,"₹16,500",,independent,182
Aranthangi,BJP,1,0,False,Lotus,Kavitha Srikanth,Female,93181,Master's Degree,48,,,₹97.26 L,,nda,183
Aranthangi,NTK,2,0,False,Farmer Carrying Plough,Muthulakshmi. S,Female,93182,Bachelor's Degree,34,,,₹27.61 L,,ntk,183
Aranthangi,INC,3,0,True,Hand,Ramachandran . T,Male,93183,Bachelor's Degree,45,,,₹73.08 L,,spa,183
Aranthangi,TAVK,4,0,False,Camera,Nazim Khan. M,Male,93184,Bachelor's Degree,25,,,₹23.22 L,,others,183
Aranthangi,TVK,5,0,False,Whistle,Mohamed Farvas. J,Male,93185,Bachelor's Degree,31,,,₹nan,,tvk,183
Aranthangi,IND,6,0,False,Ring,Abdul Jaffar. S,Male,93186,10th Grade (SSLC),37,,,₹32.45 L,,independent,183
Aranthangi,IND,7,0,False,Bat,Aiyappan,Male,93187,12th Grade (HSC / +2),46,,,₹9.12 L,,independent,183
Aranthangi,IND,8,0,False,Battery Torch,Arunagiri . M,Male,93188,10th Grade (SSLC),58,,,"₹15,700",,independent,183
Aranthangi,IND,9,0,False,Mike,Udaiyappan. M,Male,93189,8th Grade,36,,,"₹5,062",,independent,183
Aranthangi,IND,10,0,False,Coconut farm,Karthikeyan. N,Male,93190,Master's Degree,36,,,"₹80,138",,independent,183
Aranthangi,IND,11,0,False,Jackfruit,Kalimuthu. P,Male,93191,Bachelor's Degree,45,,,₹12.96 L,,independent,183
Aranthangi,IND,12,0,False,CCTV Camera,Shahul Hameed . N,Male,93192,12th Grade (HSC / +2),58,,,₹16.70 L,,independent,183
Aranthangi,IND,13,0,False,Water melon,Sundar . A,Male,93193,Bachelor's Degree,47,,,₹29.12 L,,independent,183
Aranthangi,IND,14,0,False,Bucket,Dhetchna Moorthy. Doctor. S,Male,93194,Not Specified,46,,,₹nan,,independent,183
Aranthangi,IND,15,0,False,Matchbox,Murugarethinam. T,Male,93195,Diploma / ITI,26,,,₹1.30 L,,independent,183
Karaikudi,BSP,1,0,False,Elephant,Ranjithkumar Balusamy,Male,93196,Bachelor's Degree,30,,,"₹23,000",,others,184
Karaikudi,NTK,2,0,False,Farmer Carrying Plough,Seeman,Male,93197,Bachelor's Degree,60,,,₹nan,,ntk,184
Karaikudi,INC,3,0,False,Hand,Mangudi. S,Male,93198,Bachelor's Degree,62,,,₹2.61 Cr,,spa,184
Karaikudi,SMNK,4,0,False,Walking stick,Aziz Abdul Rahman. J,Male,93199,Bachelor's Degree,38,,,₹8.52 L,,others,184
Karaikudi,RPI (A),5,0,False,Ganna kisan,Karuppiah. K,Male,93200,Master's Degree,70,,,₹82.96 L,,others,184
Karaikudi,AIPTMMK,6,0,False,Coconut farm,Kalimuthu. A,Male,93201,Bachelor's Degree,41,,,₹52.71 L,,ajpk,184
Karaikudi,AMMK,7,0,False,Pressure cooker,Dherpoki V.Pandi,Male,93202,Diploma / ITI,50,,,₹8.45 Cr,,nda,184
Karaikudi,PT,8,0,False,Gas cylinder,Newton Babu. C,Male,93203,12th Grade (HSC / +2),42,,,"₹71,227",,others,184
Karaikudi,TVK,9,0,False,Whistle,Dr.Prabhu. Tk,Male,93204,Not Specified,41,,,₹7.42 Cr,,tvk,184
Karaikudi,IND,10,0,False,Bucket,Ramu. M,Male,93205,10th Grade (SSLC),45,,,₹40.43 L,,independent,184
Karaikudi,IND,11,0,False,Tooth brush,Udhuman Ali. M.S,Male,93206,12th Grade (HSC / +2),60,,,"₹25,000",,independent,184
Karaikudi,IND,12,0,False,Tea filter,Kalidass. R,Male,93207,5th Grade,49,,,"₹66,000",,independent,184
Karaikudi,IND,13,0,False,Binoculars,Shanthi. B,Female,93208,12th Grade (HSC / +2),46,,,"₹15,000",,independent,184
Karaikudi,IND,14,0,False,Frying pan,Suresh. V,Male,93209,10th Grade (SSLC),32,,,"₹21,000",,independent,184
Karaikudi,IND,15,0,False,Box,Selvi. K,Female,93210,9th Grade,37,,,₹3.12 L,,independent,184
Karaikudi,IND,16,0,False,Batsman,Dinesh. K,Male,93211,Bachelor's Degree,31,,,₹1.50 L,,independent,184
Karaikudi,IND,17,0,False,Bread toaster,Pandi. S,Male,93212,Not Specified,41,,,"₹15,000",,independent,184
Karaikudi,IND,18,0,False,Mike,Prabu. G,Male,93213,Master's Degree,38,,,"₹30,000",,independent,184
Karaikudi,IND,19,0,False,Matchbox,Manimaran. R,Male,93214,8th Grade,37,,,₹1.72 L,,independent,184
Karaikudi,IND,20,0,False,Bat,Muthukumar. K,Male,93215,Bachelor's Degree,32,,,₹nan,,independent,184
Karaikudi,IND,21,0,False,Ship,Ramanathan. S.V,Male,93216,Not Specified,34,,,"₹1,000",,independent,184
Karaikudi,IND,22,0,False,Battery Torch,Lakshmanan. R,Male,93217,Bachelor's Degree,35,,,₹10.01 L,,independent,184
Karaikudi,IND,23,0,False,Ring,Veeramanikandan. V,Male,93218,9th Grade,25,,,"₹25,000",,independent,184
Karaikudi,IND,24,0,False,Kettle,Velu. K,Male,93219,9th Grade,45,,,"₹56,500",,independent,184
Karaikudi,IND,25,0,False,Balloon,Jeevitha. A,Female,93220,Not Specified,40,,,₹6.12 L,,independent,184
Tiruppattur,BJP,1,0,False,Lotus,Thirumaran. K.C,Male,93221,Bachelor's Degree,52,,,₹32.18 L,,nda,185
Tiruppattur,DMK,2,0,False,Rising sun,Periakaruppan. Kr,Male,93222,Bachelor's Degree,66,,,₹8.63 Cr,,spa,185
Tiruppattur,NTK,3,0,False,Farmer Carrying Plough,Ramya Mohan,Female,93223,Not Specified,32,,,₹nan,,ntk,185
Tiruppattur,AIPTMMK,4,0,False,Coconut farm,Umadevi. S,Female,93224,Bachelor's Degree,42,,,₹82.70 L,,ajpk,185
Tiruppattur,TVK,5,0,False,Whistle,Seenivasa Sethupathy. R,Male,93225,Master's Degree,38,,,₹56.82 L,,tvk,185
Tiruppattur,IND,6,0,False,Baby walker,Shanmugam. M,Male,93226,8th Grade,67,,,"₹1,000",,independent,185
Tiruppattur,IND,7,0,False,Electric pole,Sethu. P,Male,93227,6th Grade,71,,,"₹1,000",,independent,185
Tiruppattur,IND,8,0,False,Balloon,Panchavarnam. M,Female,93228,8th Grade,42,,,"₹1,000",,independent,185
Tiruppattur,IND,9,0,False,Computer,Bakiyalakshmi. M,Female,93229,8th Grade,39,,,"₹1,000",,independent,185
Tiruppattur,IND,10,0,False,Tiller,Piraman. P,Male,93230,6th Grade,56,,,"₹33,000",,independent,185
Tiruppattur,IND,11,0,False,Bucket,Mallika. A,Female,93231,5th Grade,64,,,"₹1,000",,independent,185
Tiruppattur,IND,12,0,False,Gift pack,Marimuthu. S,Male,93232,7th Grade,43,,,₹5.71 L,,independent,185
Tiruppattur,IND,13,0,False,Pen nib with seven rays,Raja. K.P.M,Male,93233,10th Grade (SSLC),49,,,₹1.75 Cr,,independent,185
Tiruppattur,IND,14,0,False,Bat,Dr.Vinayaga Meyyarasu. T,Male,93234,Bachelor's Degree,41,,,₹1.85 Cr,,independent,185
Tiruppattur,IND,15,0,False,Ship,Vishwanathan. S,Male,93235,9th Grade,49,,,₹nan,,independent,185
Sivaganga,NTK,1,0,False,Farmer Carrying Plough,Indhuja R,Female,93236,Diploma / ITI,35,,,₹31.00 L,,ntk,186
Sivaganga,DMK,2,0,False,Rising sun,Karunaas S,Male,93237,12th Grade (HSC / +2),56,,,₹1.24 Cr,,spa,186
Sivaganga,AIADMK,3,0,False,Two leaves,Senthilnathan Pr,Male,93238,Bachelor's Degree,58,,,₹6.17 Cr,,nda,186
Sivaganga,BSP,4,0,False,Elephant,Marimuthu K,Male,93239,12th Grade (HSC / +2),55,,,₹3.20 L,,others,186
Sivaganga,DMSK,5,0,False,Balloon,Rajamanickam M,Male,93240,Not Specified,68,,,₹55.80 L,,others,186
Sivaganga,TVK,6,0,False,Whistle,Kulanthai Rani A,Female,93241,Bachelor's Degree,55,,,₹22.07 L,,tvk,186
Sivaganga,AIPTMMK,7,0,False,Coconut farm,Muruganantham Guru,Male,93242,Bachelor's Degree,44,,,₹86.66 L,,ajpk,186
Sivaganga,TAVK,8,0,False,Camera,Rajesh X,Male,93243,Diploma / ITI,31,,,₹15.73 L,,others,186
Sivaganga,SFRBC,9,0,False,Laptop,Rajkumar C,Male,93244,Diploma / ITI,46,,,₹1.09 L,,others,186
Sivaganga,IND,10,0,False,Bead necklace,Irudayaraj V,Male,93245,Master's Degree,63,,,₹74.77 L,,independent,186
Sivaganga,IND,11,0,False,Pen nib with seven rays,Karthik M,Male,93246,Diploma / ITI,42,,,₹16.60 L,,independent,186
Sivaganga,IND,12,0,False,Bricks,Kaleeswaran M,Male,93247,10th Grade (SSLC),45,,,₹6.52 L,,independent,186
Sivaganga,IND,13,0,False,Gas cylinder,Santhanam,Male,93248,8th Grade,59,,,"₹5,379",,independent,186
Sivaganga,IND,14,0,False,Box,Nagaprabu,Male,93249,10th Grade (SSLC),40,,,"₹27,000",,independent,186
Sivaganga,IND,15,0,False,Bat,Paulsamy,Male,93250,5th Grade,64,,,₹4.07 L,,independent,186
Sivaganga,IND,16,0,False,Matchbox,Prabakaran S.T,Male,93251,10th Grade (SSLC),63,,,₹13.41 L,,independent,186
Sivaganga,IND,17,0,False,Bucket,Ramesh K,Male,93252,10th Grade (SSLC),53,,,₹12.28 L,,independent,186
Manamadurai,NTK,1,0,False,Farmer Carrying Plough,Shanmugapriya.M,Female,93253,Not Specified,33,,,₹11.25 L,,ntk,187
Manamadurai,DMK,2,0,True,Rising sun,Tamilarasi.A,Female,93254,Bachelor's Degree,50,,,₹2.67 Cr,,spa,187
Manamadurai,BJP,3,0,False,Lotus,Balaganapathy.V,Male,93255,Bachelor's Degree,48,,,₹2.96 Cr,,nda,187
Manamadurai,TAVK,4,0,False,Camera,Arunpandian.A,Male,93256,Bachelor's Degree,32,,,₹3.61 L,,others,187
Manamadurai,RPI,5,0,False,Ganna kisan,Arumugam.V,Male,93257,Bachelor's Degree,58,,,₹6.50 L,,others,187
Manamadurai,TVK,6,0,False,Whistle,Elangovan.D,Male,93258,Bachelor's Degree,44,,,₹15.68 L,,tvk,187
Manamadurai,AIPTMMK,7,0,False,Coconut farm,Thilagaraj.K,Male,93259,Master's Degree,33,,,₹20.63 L,,ajpk,187
Manamadurai,PT,8,0,False,Gas cylinder,Rajamanikkam.A,Male,93260,Bachelor's Degree,28,,,₹2.00 L,,others,187
Manamadurai,IND,9,0,False,Television,Karuppusami.V,Male,93261,Bachelor's Degree,52,,,₹2.80 L,,independent,187
Manamadurai,IND,10,0,False,Ship,Shankarganesan.S,Male,93262,Not Specified,48,,,₹19.56 L,,independent,187
Manamadurai,IND,11,0,False,Telephone,Sathish.T,Male,93263,Bachelor's Degree,27,,,₹nan,,independent,187
Manamadurai,IND,12,0,False,Peas,Bharathidasan.S,Male,93264,Bachelor's Degree,35,,,₹18.77 L,,independent,187
Manamadurai,IND,13,0,False,Calculator,Raju.J.M,Male,93265,Master's Degree,61,,,₹6.14 L,,independent,187
Manamadurai,IND,14,0,False,Flute,Veerapandi.V,Male,93266,9th Grade,40,,,"₹5,100",,independent,187
Melur,NTK,1,0,False,Farmer Carrying Plough,Kottaikumar,Male,93267,Bachelor's Degree,58,,,₹2.05 Cr,,ntk,188
Melur,AIADMK,2,0,False,Two leaves,P.Periyapullan (A) Selvam,Male,93268,12th Grade (HSC / +2),54,,,₹19.90 L,,nda,188
Melur,INC,3,0,False,Hand,P.Viswanathan,Male,93269,Bachelor's Degree,61,,,₹17.65 L,,spa,188
Melur,AIPTMMK,4,0,False,Coconut farm,Soniagandhi,Female,93270,Diploma / ITI,37,,,₹1.94 Cr,,ajpk,188
Melur,PT,5,0,False,Gas cylinder,M.Panneerselvam,Male,93271,Diploma / ITI,50,,,"₹86,150",,others,188
Melur,TVK,6,0,False,Whistle,A.Maduraiveeran,Male,93272,10th Grade (SSLC),50,,,₹54.64 L,,tvk,188
Melur,CPI(ML),7,0,False,Flag with three stars,K.Meyyar,Male,93273,10th Grade (SSLC),49,,,"₹43,000",,others,188
Melur,IND,8,0,False,Water tank,K.Sethuraman,Male,93274,Not Specified,51,,,₹1.04 L,,independent,188
Melur,IND,9,0,False,Well,S.Boopathi,Male,93275,Bachelor's Degree,45,,,₹30.95 L,,independent,188
Melur,IND,10,0,False,Truck,K.Manikandaprabu,Male,93276,9th Grade,40,,,₹11.09 L,,independent,188
Melur,IND,11,0,False,Computer,M.Murugan,Male,93277,Bachelor's Degree,65,,,₹4.67 Cr,,independent,188
Melur,IND,12,0,False,Carrom board,C.Mohanram,Male,93278,12th Grade (HSC / +2),59,,,₹1.77 L,,independent,188
Melur,IND,13,0,False,CCTV Camera,C.Ramesh,Male,93279,Bachelor's Degree,35,,,"₹44,000",,independent,188
Madurai East,NTK,1,0,False,Farmer Carrying Plough,Selvam K,Male,93280,Bachelor's Degree,42,,,₹38.01 L,,ntk,189
Madurai East,AIADMK,2,0,False,Two leaves,Mahendran K,Male,93281,Bachelor's Degree,68,,,₹2.00 Cr,,nda,189
Madurai East,DMK,3,0,True,Rising sun,Moorthy P,Male,93282,12th Grade (HSC / +2),67,,,₹11.97 Cr,,spa,189
Madurai East,TVK,4,0,False,Whistle,Karthikeyan S,Male,93283,Bachelor's Degree,57,,,₹2.94 Cr,,tvk,189
Madurai East,PT,5,0,False,Gas cylinder,Bharathiraja A,Male,93284,9th Grade,39,,,₹2.71 L,,others,189
Madurai East,RPI (A),6,0,False,Ganna kisan,Prince S,Male,93285,Bachelor's Degree,45,,,"₹50,000",,others,189
Madurai East,TAVK,7,0,False,Camera,Boomirajan K,Male,93286,5th Grade,41,,,₹2.25 L,,others,189
Madurai East,IND,8,0,False,CCTV Camera,Arasu S,Male,93287,10th Grade (SSLC),50,,,₹1.89 L,,independent,189
Madurai East,IND,9,0,False,Television,Arun Pandian A J,Male,93288,7th Grade,34,,,"₹24,250",,independent,189
Madurai East,IND,10,0,False,Frying pan,Ajay Kannan A,Male,93289,Diploma / ITI,27,,,₹1.52 L,,independent,189
Madurai East,IND,11,0,False,Tea filter,Karthikeyan G,Male,93290,10th Grade (SSLC),51,,,₹1.55 L,,independent,189
Madurai East,IND,12,0,False,Dumbbells,Chandra Mouliswaran A,Male,93291,Bachelor's Degree,49,,,₹4.28 Cr,,independent,189
Madurai East,IND,13,0,False,Electric pole,Pitchai V,Male,93292,10th Grade (SSLC),59,,,₹1.52 L,,independent,189
Madurai East,IND,14,0,False,Diamond,Mugeshkumar M,Male,93293,Bachelor's Degree,29,,,₹2.24 L,,independent,189
Madurai East,IND,15,0,False,Jackfruit,Velladurai A,Male,93294,9th Grade,60,,,₹22.00 L,,independent,189
Sholavandan,NTK,1,0,False,Farmer Carrying Plough,Nagalakshmi Thirumaran.T,Female,93295,Bachelor's Degree,38,,,₹13.25 L,,ntk,190
Sholavandan,AIADMK,2,0,False,Two leaves,Manickam.K,Male,93296,Not Specified,60,,,₹24.02 Cr,,nda,190
Sholavandan,DMK,3,0,True,Rising sun,Venkatesan.A,Male,93297,Bachelor's Degree,50,,,₹nan,,spa,190
Sholavandan,TVK,4,0,False,Whistle,Karuppaiah.M.V,Male,93298,Master's Degree,61,,,₹29.00 L,,tvk,190
Sholavandan,TAVK,5,0,False,Camera,Thangapandi.P,Male,93299,7th Grade,55,,,₹7.71 L,,others,190
Sholavandan,AIPTMMK,6,0,False,Coconut farm,Balamurugan.K,Male,93300,Bachelor's Degree,52,,,₹9.49 Cr,,ajpk,190
Sholavandan,PT,7,0,False,Gas cylinder,Raghu.K,Male,93301,Master's Degree,37,,,₹25.27 L,,others,190
Sholavandan,IDMK,8,0,False,Well,Ramadoss.C,Male,93302,10th Grade (SSLC),49,,,₹2.30 L,,others,190
Sholavandan,IND,9,0,False,Air conditioner,Ajay Subash.B,Male,93303,Master's Degree,26,,,"₹25,813",,independent,190
Sholavandan,IND,10,0,False,Almirah,Krishnasamy.P,Male,93304,8th Grade,59,,,₹5.27 L,,independent,190
Sholavandan,IND,11,0,False,Bat,Gunasekaran.P,Male,93305,Bachelor's Degree,66,,,₹1.79 Cr,,independent,190
Sholavandan,IND,12,0,False,Baby walker,Balamurugan.C,Male,93306,9th Grade,34,,,₹4.38 L,,independent,190
Sholavandan,IND,13,0,False,Balloon,Balamurugan.R,Male,93307,12th Grade (HSC / +2),41,,,₹13.18 L,,independent,190
Sholavandan,IND,14,0,False,Television,Ranjith Kumar.S,Male,93308,Master's Degree,35,,,₹12.42 L,,independent,190
Madurai North,AIADMK,1,0,False,Two leaves,P.Saravanan,Male,93309,Not Specified,56,,,₹13.28 Cr,,nda,191
Madurai North,DMK,2,0,False,Rising sun,G.Thalapathi,Male,93310,10th Grade (SSLC),70,,,₹2.72 Cr,,spa,191
Madurai North,NTK,3,0,False,Farmer Carrying Plough,V Thirunavukkarasu,Male,93311,Master's Degree,44,,,₹25.29 L,,ntk,191
Madurai North,TVK,4,0,False,Whistle,A.Kallanai,Male,93312,Bachelor's Degree,41,,,₹1.13 Cr,,tvk,191
Madurai North,NIP,5,0,False,Spanner,R Rajkumar,Male,93313,Not Specified,48,,,₹28.24 L,,others,191
Madurai North,SUCI(C),6,0,False,Gas cylinder,M J Voltaire,Male,93314,Master's Degree,58,,,₹3.05 L,,others,191
Madurai North,IND,7,0,False,Electric pole,N.Kuppusamy,Male,93315,10th Grade (SSLC),44,,,₹31.37 L,,independent,191
Madurai North,IND,8,0,False,Tooth brush,J.Kesavarajah,Male,93316,Bachelor's Degree,35,,,₹3.06 L,,independent,191
Madurai North,IND,9,0,False,Matchbox,M.P.Sankarapandi,Male,93317,7th Grade,40,,,"₹99,000",,independent,191
Madurai North,IND,10,0,False,Stethoscope,C.Sathishkumar,Male,93318,10th Grade (SSLC),37,,,₹45.53 L,,independent,191
Madurai North,IND,11,0,False,Pen drive,D.Mohamed Ismail,Male,93319,6th Grade,43,,,"₹44,913",,independent,191
Madurai North,IND,12,0,False,Mike,P Muthusamy,Male,93320,10th Grade (SSLC),56,,,"₹91,944",,independent,191
Madurai North,IND,13,0,False,Baby walker,A.Rajangam,Male,93321,Bachelor's Degree,78,,,₹49.60 L,,independent,191
Madurai South,BJP,1,0,False,Lotus,Raama Sreenivasan,Male,93322,Doctorate (Ph.D / MD),61,,,₹1.26 Cr,,nda,192
Madurai South,NTK,2,0,False,Farmer Carrying Plough,B.M.Sumathy,Female,93323,Master's Degree,46,,,₹nan,,ntk,192
Madurai South,DMK,3,0,False,Rising sun,M.Boominathan,Male,93324,Primary (Up to 4th),66,,,₹6.13 Cr,,spa,192
Madurai South,TAVK,4,0,False,Camera,S.Iruthyaraj,Male,93325,8th Grade,45,,,₹29.28 L,,others,192
Madurai South,TVK,5,0,False,Whistle,M.M.Gopison,Male,93326,Master's Degree,40,,,₹31.83 L,,tvk,192
Madurai South,IND,6,0,False,Electric pole,K.Jeya,Female,93327,8th Grade,49,,,"₹16,000",,independent,192
Madurai Central,NTK,1,0,False,Farmer Carrying Plough,Abdul Hakeem K,Male,93328,Master's Degree,39,,,₹72.56 L,,ntk,193
Madurai Central,AIADMK,2,0,False,Two leaves,Sundar C,Male,93329,Not Specified,58,,,₹23.79 Cr,,nda,193
Madurai Central,DMK,3,0,True,Rising sun,Palanivel Thiaga Rajan,Male,93330,Doctorate (Ph.D / MD),60,,,₹nan,,spa,193
Madurai Central,BSP,4,0,False,Elephant,Ramar Pandi T,Male,91217,4th Grade,41,,,₹3.00 L,,others,193
Madurai Central,AIPTMMK,5,0,False,Coconut farm,Sakkaravarthy P,Male,93332,Bachelor's Degree,65,,,₹6.00 L,,ajpk,193
Madurai Central,TVK,6,0,False,Whistle,Madhar Badhurudeen,Male,93333,10th Grade (SSLC),42,,,₹2.22 Cr,,tvk,193
Madurai Central,IND,7,0,False,Balloon,Avadainathan V,Male,93334,Doctorate (Ph.D / MD),73,,,₹55.41 L,,independent,193
Madurai Central,IND,8,0,False,Flute,Guru Karthick T,Male,93335,10th Grade (SSLC),29,,,"₹46,500",,independent,193
Madurai Central,IND,9,0,False,Ring,Saleem,Male,93336,Not Specified,53,,,₹nan,,independent,193
Madurai Central,IND,10,0,False,Mike,Sivaperumal V,Male,93337,Master's Degree,43,,,₹2.32 L,,independent,193
Madurai Central,IND,11,0,False,Gas cylinder,Manivannan,Male,93338,Bachelor's Degree,50,,,₹11.62 L,,independent,193
Madurai Central,IND,12,0,False,Battery Torch,Rajendran R,Male,93339,Bachelor's Degree,42,,,₹nan,,independent,193
Madurai West,AIADMK,1,0,False,Two leaves,Sellur K Raju,Male,93340,Bachelor's Degree,73,,,₹10.29 Cr,,nda,194
Madurai West,DMK,2,0,False,Rising sun,Balaji R,Male,93341,Bachelor's Degree,44,,,₹1.33 Cr,,spa,194
Madurai West,NTK,3,0,False,Farmer Carrying Plough,Vigneshkumar S,Male,93342,Bachelor's Degree,29,,,₹45.84 L,,ntk,194
Madurai West,TVK,4,0,False,Whistle,Thangapandi Sr,Male,93343,8th Grade,46,,,₹1.00 Cr,,tvk,194
Madurai West,TAVK,5,0,False,Camera,Madurai Veeran S,Male,93344,12th Grade (HSC / +2),44,,,₹4.80 L,,others,194
Madurai West,VTK,6,0,False,Ring,Muthupandi R,Male,93345,6th Grade,49,,,₹29.20 L,,others,194
Madurai West,IND,7,0,False,Flute,Anandh K,Male,93346,Bachelor's Degree,35,,,₹1.45 L,,independent,194
Madurai West,IND,8,0,False,Diamond,Tharma Prabu V S,Male,93347,Bachelor's Degree,43,,,₹32.35 L,,independent,194
Madurai West,IND,9,0,False,Diesel pump,Manoj Kumar R,Male,93348,Bachelor's Degree,35,,,₹2.65 L,,independent,194
Madurai West,IND,10,0,False,Binoculars,Muthukumar S,Male,93349,10th Grade (SSLC),42,,,₹11.93 L,,independent,194
Madurai West,IND,11,0,False,Clip,Muthukumar D,Male,93350,Bachelor's Degree,45,,,₹nan,,independent,194
Madurai West,IND,12,0,False,Green chilli,Rahamadullah S,Male,93351,Bachelor's Degree,53,,,"₹82,000",,independent,194
Madurai West,IND,13,0,False,Coconut farm,Rajkumar S,Male,93352,Master's Degree,30,,,₹6.33 L,,independent,194
Madurai West,IND,14,0,False,Balloon,Venkatesan M,Male,93353,Bachelor's Degree,58,,,₹20.99 L,,independent,194
Thiruparankundram,DMK,1,0,False,Rising sun,Kiruthiga Thangapandi,Female,93354,Bachelor's Degree,35,,,₹4.16 Cr,,spa,195
Thiruparankundram,NTK,2,0,False,Farmer Carrying Plough,Sathyadevi. T,Female,93355,Doctorate (Ph.D / MD),38,,,₹68.12 L,,ntk,195
Thiruparankundram,AIADMK,3,0,False,Two leaves,Rajanchellappa. V.V,Male,93356,Master's Degree,75,,,₹78.00 L,,nda,195
Thiruparankundram,NIP,4,0,False,Spanner,Chelladurai. R,Male,93357,7th Grade,45,,,₹10.25 L,,others,195
Thiruparankundram,PT,5,0,False,Gas cylinder,Sethuraman. A,Male,93358,Diploma / ITI,55,,,₹30.68 L,,others,195
Thiruparankundram,TAVK,6,0,False,Camera,Syed Ibrahim. M,Male,93359,Diploma / ITI,49,,,"₹39,000",,others,195
Thiruparankundram,AIPTMMK,7,0,False,Coconut farm,Thanapandian. T,Male,93360,5th Grade,55,,,₹12.96 L,,ajpk,195
Thiruparankundram,TVK,8,0,False,Whistle,Nirmalkumar. R,Male,93361,Master's Degree,44,,,₹7.97 Cr,,tvk,195
Thiruparankundram,ETMK,9,0,False,Jackfruit,Mookkayee. C,Female,93362,Bachelor's Degree,47,,,₹19.04 L,,others,195
Thiruparankundram,RSD (R),10,0,False,Ring,Renganathan Doraisamy,Male,93363,12th Grade (HSC / +2),66,,,₹32.84 L,,others,195
Thiruparankundram,IND,11,0,False,Bat,Arumugam. G,Male,93364,Primary (Up to 4th),62,,,₹1.01 L,,independent,195
Thiruparankundram,IND,12,0,False,Matchbox,Ukkra Pandian. S,Male,93365,Master's Degree,33,,,"₹10,000",,independent,195
Thiruparankundram,IND,13,0,False,Calculator,Pounraj. N,Male,93366,10th Grade (SSLC),31,,,"₹51,000",,independent,195
Thiruparankundram,IND,14,0,False,Tooth brush,Raj. P,Male,93367,Bachelor's Degree,26,,,₹22.56 L,,independent,195
Thiruparankundram,IND,15,0,False,Air conditioner,Vallarasan. K,Male,93368,Bachelor's Degree,33,,,"₹82,000",,independent,195
Thirumangalam,AIADMK,1,0,True,Two leaves,Udhayakumar.R.B,Male,93369,Bachelor's Degree,52,,,₹27.78 L,,nda,196
Thirumangalam,DMK,2,0,False,Rising sun,Manimaran.M,Male,93370,7th Grade,51,,,₹11.18 L,,spa,196
Thirumangalam,NTK,3,0,False,Farmer Carrying Plough,Munish.N,Male,93371,Doctorate (Ph.D / MD),35,,,₹nan,,ntk,196
Thirumangalam,ETMK,4,0,False,Jackfruit,Alagar.A,Male,93372,9th Grade,45,,,₹25.81 L,,others,196
Thirumangalam,AIDMMK,5,0,False,Ring,Kalaiselvi.R,Female,93373,9th Grade,38,,,₹10.01 L,,others,196
Thirumangalam,TVK,6,0,False,Whistle,Sathishkumar.N,Male,93374,12th Grade (HSC / +2),37,,,₹51.50 L,,tvk,196
Thirumangalam,AIPTMMK,7,0,False,Coconut farm,Jeevitha Nachiyar.B,Female,93375,Bachelor's Degree,29,,,₹25.50 L,,ajpk,196
Thirumangalam,IND,8,0,False,Matchbox,Ayyanan.P,Male,93376,8th Grade,52,,,"₹20,000",,independent,196
Thirumangalam,IND,9,0,False,Almirah,Girishkumar.A,Male,93377,Not Specified,50,,,"₹54,500",,independent,196
Thirumangalam,IND,10,0,False,Water melon,Sakkaravarthy.P,Male,93378,Not Specified,45,,,₹28.99 L,,independent,196
Thirumangalam,IND,11,0,False,Pencil box,Nagoor.M,Male,93379,Not Specified,62,,,₹4.34 L,,independent,196
Thirumangalam,IND,12,0,False,Mike,Bharath.M,Male,93380,Bachelor's Degree,42,,,₹95.58 L,,independent,196
Thirumangalam,IND,13,0,False,Calculator,Muthuraja.M,Male,93381,Bachelor's Degree,46,,,₹12.01 L,,independent,196
Thirumangalam,IND,14,0,False,Gas cylinder,Murugan.S,Male,93382,Primary (Up to 4th),49,,,₹14.85 L,,independent,196
Thirumangalam,IND,15,0,False,Cot,Vengateswaran.B,Male,93383,Bachelor's Degree,43,,,₹13.10 L,,independent,196
Usilampatti,NTK,1,0,False,Farmer Carrying Plough,Abirami. D,Female,93384,Bachelor's Degree,25,,,₹8.73 L,,ntk,197
Usilampatti,INC,2,0,False,Hand,Saravanakumar. T,Male,93385,Bachelor's Degree,48,,,₹3.73 Cr,,spa,197
Usilampatti,AIADMK,3,0,False,Two leaves,Mahendran. I,Male,93386,Bachelor's Degree,61,,,₹7.97 Cr,,nda,197
Usilampatti,BSP,4,0,False,Elephant,Vellaipandi. V,Male,93387,Master's Degree,62,,,₹37.00 L,,others,197
Usilampatti,AIPTMMK,5,0,True,Coconut farm,Ayyappan. P,Male,93388,Bachelor's Degree,60,,,₹nan,,ajpk,197
Usilampatti,TVK,6,0,False,Whistle,Vijay. M,Male,93389,Not Specified,40,,,₹nan,,tvk,197
Usilampatti,IND,7,0,False,Ship,Kiranya. S,Female,93390,12th Grade (HSC / +2),25,,,₹20.00 L,,independent,197
Usilampatti,IND,8,0,False,Throwing a javelin,Dhanasekaran. T,Male,93391,12th Grade (HSC / +2),44,,,₹1.50 L,,independent,197
Usilampatti,IND,9,0,False,Mike,Thiagarajan. O.V,Male,93392,Bachelor's Degree,48,,,₹1.20 L,,independent,197
Usilampatti,IND,10,0,False,Lady finger,Thirumoorthy. A,Male,93393,Bachelor's Degree,52,,,₹9.70 L,,independent,197
Usilampatti,IND,11,0,False,Diamond,Praveena. S,Female,93394,Bachelor's Degree,46,,,₹96.52 L,,independent,197
Usilampatti,IND,12,0,False,Water melon,Muthu. N,Male,93395,7th Grade,39,,,"₹14,995",,independent,197
Andipatti,BSP,1,0,False,Elephant,Esakkiammal.M,Female,93396,10th Grade (SSLC),49,,,₹10.00 L,,others,198
Andipatti,NTK,2,0,False,Farmer Carrying Plough,Gomathi .M,Female,93397,Bachelor's Degree,35,,,₹24.30 L,,ntk,198
Andipatti,DMK,3,0,False,Rising sun,Maharajan.A,Male,93398,8th Grade,72,,,₹16.44 Cr,,spa,198
Andipatti,AIADMK,4,0,False,Two leaves,Logirajan.A,Male,93399,6th Grade,66,,,₹53.02 Cr,,nda,198
Andipatti,CPIML Red Star,5,0,False,Truck,Irumborai.G,Male,93400,12th Grade (HSC / +2),46,,,₹36.81 L,,others,198
Andipatti,PT,6,0,False,Gas cylinder,Elayaraja.M,Male,93401,10th Grade (SSLC),42,,,"₹89,400",,others,198
Andipatti,AIPTMMK,7,0,False,Coconut farm,Chellapandiyan.S,Male,93402,Master's Degree,59,,,₹49.62 L,,ajpk,198
Andipatti,TVK,8,0,False,Whistle,Pandi.V,Male,93403,9th Grade,46,,,₹29.66 L,,tvk,198
Andipatti,TAVK,9,0,False,Camera,Mohammed Rukman.M,Male,93404,Diploma / ITI,29,,,"₹10,000",,others,198
Andipatti,VTVTK,10,0,False,Pestle and mortar,Jeyamurugan.M.P,Male,93405,Diploma / ITI,53,,,₹4.57 L,,others,198
Andipatti,IND,11,0,False,Dumbbells,Karuppaiya,Male,93406,9th Grade,54,,,₹1.31 L,,independent,198
Andipatti,IND,12,0,False,Diamond,Gopal.S,Male,93407,5th Grade,70,,,₹14.61 L,,independent,198
Andipatti,IND,13,0,False,Baby walker,Gopinath.P,Male,93408,Diploma / ITI,25,,,"₹35,010",,independent,198
Andipatti,IND,14,0,False,Ship,Neelakannan.T,Male,93409,10th Grade (SSLC),35,,,"₹35,700",,independent,198
Andipatti,IND,15,0,False,Matchbox,Packiaraj.S,Male,93410,Bachelor's Degree,37,,,₹52.85 L,,independent,198
Andipatti,IND,16,0,False,Cauliflower,Pandidurai.P,Male,93411,Diploma / ITI,35,,,"₹95,000",,independent,198
Andipatti,IND,17,0,False,Brief case,Vijayaraj.R,Male,93412,Bachelor's Degree,45,,,₹5.85 L,,independent,198
Andipatti,IND,18,0,False,Binoculars,Jagadeesan.P,Male,93413,Diploma / ITI,50,,,"₹47,000",,independent,198
Periyakulam,VCK,1,0,False,Pot,Sakthivel P,Male,93414,Bachelor's Degree,63,,,₹1.21 L,,spa,199
Periyakulam,NTK,2,0,False,Farmer Carrying Plough,Vimala R,Female,93415,Bachelor's Degree,43,,,₹20.77 L,,ntk,199
Periyakulam,AMMK,3,0,False,Pressure cooker,Dr Kathirkamu K,Male,93416,Not Specified,68,,,₹16.32 L,,nda,199
Periyakulam,TVK,4,0,False,Whistle,Sabari Iyngaran G,Male,93417,Master's Degree,28,,,₹17.75 L,,tvk,199
Periyakulam,PT,5,0,False,Gas cylinder,Marisamy V,Male,93418,9th Grade,39,,,₹10.80 L,,others,199
Periyakulam,SUCI(C),6,0,False,Scissors,Ranjeeth Kumar J,Male,93419,9th Grade,39,,,₹1.10 L,,others,199
Periyakulam,IND,7,0,False,Kettle,Abitha M,Female,93420,12th Grade (HSC / +2),25,,,₹5.31 L,,independent,199
Periyakulam,IND,8,0,False,Frying pan,Kumar S,Male,93421,10th Grade (SSLC),28,,,₹5.45 L,,independent,199
Periyakulam,IND,9,0,False,Pan,Sanmugavel K,Male,91804,5th Grade,60,,,₹1.75 L,,independent,199
Periyakulam,IND,10,0,False,Funnel,Selvaraj R,Male,93423,5th Grade,44,,,"₹12,500",,independent,199
Periyakulam,IND,11,0,False,Tea filter,Palanichamy T,Male,93424,Bachelor's Degree,31,,,"₹42,806",,independent,199
Periyakulam,IND,12,0,False,Batsman,Dr. Mohanraj A.C. (P.T),Male,93425,Not Specified,50,,,₹2.95 L,,independent,199
Periyakulam,IND,13,0,False,Mixee,Vairamuthu D,Male,93426,Diploma / ITI,30,,,"₹25,000",,independent,199
Bodinayakanur,NTK,1,0,False,Farmer Carrying Plough,Kalaiarasu.S,Male,93427,Doctorate (Ph.D / MD),61,,,₹1.04 Cr,,ntk,200
Bodinayakanur,AIADMK,2,0,False,Two leaves,Narayanasamy V.T,Male,93428,Diploma / ITI,65,,,₹63.81 Cr,,nda,200
Bodinayakanur,DMK,3,0,False,Rising sun,Panneerselvam.O,Male,93429,Bachelor's Degree,75,,,₹11.97 Cr,,spa,200
Bodinayakanur,AIPTMMK,4,0,False,Coconut farm,Padmanabhan.N,Male,93430,Master's Degree,71,,,₹16.89 L,,ajpk,200
Bodinayakanur,CPI(ML),5,0,False,Flag with three stars,Dr.Pandikumar.S,Male,93431,Doctorate (Ph.D / MD),39,,,₹1.12 L,,others,200
Bodinayakanur,TVK,6,0,False,Whistle,Prakash.S,Male,93432,Diploma / ITI,38,,,₹64.84 L,,tvk,200
Bodinayakanur,VTK,7,0,False,Ring,Raja.M,Male,93433,10th Grade (SSLC),55,,,₹nan,,others,200
Bodinayakanur,IND,8,0,False,Gas cylinder,Karuppaiah.G,Male,93434,8th Grade,47,,,₹32.35 L,,independent,200
Bodinayakanur,IND,9,0,False,Jackfruit,Gowtham.R,Male,93435,Diploma / ITI,37,,,"₹50,149",,independent,200
Bodinayakanur,IND,10,0,False,Ship,Chandrasekaran.S,Male,93436,12th Grade (HSC / +2),62,,,₹nan,,independent,200
Bodinayakanur,IND,11,0,False,Mike,Saravanakumar.V,Male,93437,10th Grade (SSLC),41,,,"₹33,225",,independent,200
Bodinayakanur,IND,12,0,False,Tea filter,Selvamurugan.P,Male,93438,10th Grade (SSLC),33,,,₹1.56 L,,independent,200
Bodinayakanur,IND,13,0,False,Diamond,Nagananthini.V,Female,93439,Master's Degree,35,,,₹67.87 L,,independent,200
Bodinayakanur,IND,14,0,False,Bat,Balasubramani.R,Male,93440,10th Grade (SSLC),61,,,₹1.10 Cr,,independent,200
Bodinayakanur,IND,15,0,False,Nail cutter,Velraj.K,Male,93441,Bachelor's Degree,46,,,₹5.94 L,,independent,200
Cumbum,NTK,1,0,False,Farmer Carrying Plough,Anbuselvi A,Female,93442,Master's Degree,57,,,₹41.42 L,,ntk,201
Cumbum,DMK,2,0,False,Rising sun,Eramakrishnan N,Male,93443,Master's Degree,77,,,₹158.52 Cr,,spa,201
Cumbum,AIADMK,3,0,False,Two leaves,Jakkaiyan S.T.K,Male,93444,Bachelor's Degree,75,,,₹34.41 L,,nda,201
Cumbum,NGPP,4,0,False,Gas cylinder,Kathiravan S,Male,93445,Diploma / ITI,35,,,₹5.59 L,,others,201
Cumbum,TAVK,5,0,False,Camera,Muthu Bagavathi M,Male,93446,10th Grade (SSLC),39,,,"₹5,000",,others,201
Cumbum,TVK,6,0,False,Whistle,Jeganathmishra Pla,Male,93447,Bachelor's Degree,50,,,₹nan,,tvk,201
Cumbum,IND,7,0,False,Bucket,Ashok Kumar A,Male,93448,12th Grade (HSC / +2),33,,,₹4.26 L,,independent,201
Cumbum,IND,8,0,False,Clip,Arunkumar A,Male,93449,Bachelor's Degree,41,,,₹3.26 L,,independent,201
Cumbum,IND,9,0,False,Lady finger,Saravanan S.R,Male,93450,12th Grade (HSC / +2),47,,,₹5.41 L,,independent,201
Cumbum,IND,10,0,False,Electric pole,Subramaniyam L R,Male,93451,Not Specified,47,,,₹nan,,independent,201
Cumbum,IND,11,0,False,Coconut farm,Thasthakeer I,Male,93452,10th Grade (SSLC),51,,,₹8.22 L,,independent,201
Cumbum,IND,12,0,False,Football player,Nanthakumar A,Male,93453,Not Specified,50,,,₹1.60 Cr,,independent,201
Cumbum,IND,13,0,False,Ship,Balan R,Male,93454,Bachelor's Degree,35,,,₹2.39 L,,independent,201
Cumbum,IND,14,0,False,Diamond,Prakash P,Male,93455,Bachelor's Degree,42,,,₹4.23 L,,independent,201
Cumbum,IND,15,0,False,Bat,Prakash P,Male,93456,Diploma / ITI,43,,,₹1.18 L,,independent,201
Cumbum,IND,16,0,False,Frying pan,Muthuselvam G,Male,93457,12th Grade (HSC / +2),39,,,₹2.44 L,,independent,201
Cumbum,IND,17,0,False,Box,Rajadurai S,Male,93458,10th Grade (SSLC),31,,,"₹86,000",,independent,201
Cumbum,IND,18,0,False,Hand cart,Rajamohammed T,Male,93459,10th Grade (SSLC),55,,,₹73.05 L,,independent,201
Cumbum,IND,19,0,False,Almirah,Vinoth Kumar R,Male,93460,9th Grade,35,,,₹6.84 L,,independent,201
Rajapalayam,NTK,1,0,False,Farmer Carrying Plough,Dr. Karthikeyan. T.E,Male,93461,Bachelor's Degree,33,,,₹nan,,ntk,202
Rajapalayam,DMK,2,0,True,Rising sun,Thangapandian. S,Male,93462,6th Grade,57,,,₹11.47 Cr,,spa,202
Rajapalayam,BJP,3,0,False,Lotus,Priscilla Pandian. J,Female,93463,Doctorate (Ph.D / MD),56,,,₹14.38 Cr,,nda,202
Rajapalayam,RPI (A),4,0,False,Ganna kisan,Nasrin Banu. T,Female,93464,12th Grade (HSC / +2),41,,,"₹78,000",,others,202
Rajapalayam,PT,5,0,False,Gas cylinder,Ramadevi. T,Female,93465,Bachelor's Degree,38,,,₹10.20 L,,others,202
Rajapalayam,TVK,6,0,False,Whistle,Jegadeshwari. K,Female,93466,Bachelor's Degree,40,,,₹nan,,tvk,202
Rajapalayam,AIPTMMK,7,0,False,Coconut farm,Harish. A,Male,93467,Bachelor's Degree,28,,,₹15.74 Cr,,ajpk,202
Rajapalayam,IND,8,0,False,Bricks,Alagupandian. A,Male,93468,9th Grade,62,,,₹30.72 Cr,,independent,202
Rajapalayam,IND,9,0,False,Diamond,Alagumurugan. S,Male,93469,8th Grade,32,,,₹1.48 L,,independent,202
Rajapalayam,IND,10,0,False,Electric pole,Ganesan. K,Male,93470,Bachelor's Degree,43,,,₹7.27 L,,independent,202
Rajapalayam,IND,11,0,False,Razor,Shanmugachandra Velavan. C.C,Male,93471,10th Grade (SSLC),59,,,"₹50,000",,independent,202
Rajapalayam,IND,12,0,False,Tiller,Saravanan. G,Male,93472,Doctorate (Ph.D / MD),50,,,"₹84,000",,independent,202
Rajapalayam,IND,13,0,False,Television,Samuel Raj,Male,93473,12th Grade (HSC / +2),34,,,₹5.18 L,,independent,202
Rajapalayam,IND,14,0,False,Jackfruit,Selvakumar. A,Male,93474,Bachelor's Degree,30,,,"₹70,000",,independent,202
Rajapalayam,IND,15,0,False,Matchbox,Selvi. K,Female,93475,Master's Degree,35,,,₹19.39 L,,independent,202
Rajapalayam,IND,16,0,False,Helmet,Thangapandi. B,Male,93476,Bachelor's Degree,33,,,₹1.02 L,,independent,202
Rajapalayam,IND,17,0,False,Balloon,Balamurugan. V,Male,93477,Master's Degree,50,,,₹4.03 L,,independent,202
Rajapalayam,IND,18,0,False,Batsman,Manmathan. M,Male,93478,10th Grade (SSLC),71,,,₹nan,,independent,202
Rajapalayam,IND,19,0,False,Tube light,Muthulakshmi. R,Female,93479,Master's Degree,45,,,₹nan,,independent,202
Rajapalayam,IND,20,0,False,Lunch box,Murugan. D,Male,93480,5th Grade,56,,,₹nan,,independent,202
Rajapalayam,IND,21,0,False,Ring,Vijendran. G,Male,93481,Doctorate (Ph.D / MD),67,,,₹1.10 Cr,,independent,202
Rajapalayam,IND,22,0,False,Pressure cooker,Jegathishwari. N,Female,93482,5th Grade,47,,,₹15.00 L,,independent,202
Srivilliputhur,NTK,1,0,False,Farmer Carrying Plough,Karikalapandiyan.A,Male,93483,Bachelor's Degree,46,,,₹13.50 L,,ntk,203
Srivilliputhur,AIADMK,2,0,False,Two leaves,Chandraprabha.M,Female,93484,Master's Degree,44,,,₹1.59 Cr,,nda,203
Srivilliputhur,CPI,3,0,False,Ears of corn and sickle,Mahalingam.P,Male,93485,Bachelor's Degree,53,,,₹7.56 L,,spa,203
Srivilliputhur,TVK,4,0,False,Whistle,Karthik.A,Male,93486,Master's Degree,37,,,₹nan,,tvk,203
Srivilliputhur,AIPTMMK,5,0,False,Coconut farm,Chandra.M,Male,93487,Not Specified,51,,,₹82.50 L,,ajpk,203
Srivilliputhur,NIP,6,0,False,Spanner,Varatharajan.A,Male,93488,Bachelor's Degree,54,,,₹3.03 L,,others,203
Srivilliputhur,PT,7,0,False,Gas cylinder,Dr. Shyam Krishnasamy,Male,93489,Not Specified,33,,,₹14.17 Cr,,others,203
Srivilliputhur,IND,8,0,False,Boat with man and sail,Alaguraja T,Male,93490,Bachelor's Degree,31,,,"₹59,000",,independent,203
Srivilliputhur,IND,9,0,False,Air conditioner,Sudandiradoss.M,Male,93491,Not Specified,25,,,₹12.20 L,,independent,203
Srivilliputhur,IND,10,0,False,Television,Suryaprakash.R,Male,93492,Bachelor's Degree,30,,,₹9.05 L,,independent,203
Srivilliputhur,IND,11,0,False,Peas,Devialakshmi Saranya.K,Female,93493,Not Specified,38,,,₹nan,,independent,203
Srivilliputhur,IND,12,0,False,Ring,Pandiyammal.M,Female,93494,Not Specified,37,,,"₹15,184",,independent,203
Srivilliputhur,IND,13,0,False,Stethoscope,Muthuraj.U,Male,93495,6th Grade,44,,,₹64.50 L,,independent,203
Srivilliputhur,IND,14,0,False,Mike,Murugesan.S,Male,93496,10th Grade (SSLC),47,,,"₹42,000",,independent,203
Sattur,NTK,1,0,False,Farmer Carrying Plough,Anandharaja. D,Male,93497,Bachelor's Degree,49,,,₹2.13 Cr,,ntk,204
Sattur,DMK,2,0,False,Rising sun,Kadarkarairaj. A,Male,93498,10th Grade (SSLC),67,,,₹1.91 Cr,,spa,204
Sattur,BSP,3,0,False,Elephant,Kamala Vel Selvan. P,Male,93499,Bachelor's Degree,53,,,₹1.15 Cr,,others,204
Sattur,BJP,4,0,False,Lotus,Nainar Nagenthran,Male,93500,Not Specified,65,,,₹nan,,nda,204
Sattur,TVK,5,0,False,Whistle,Ajith. M,Male,93501,Master's Degree,32,,,₹nan,,tvk,204
Sattur,AIPTMMK,6,0,False,Coconut farm,Esakkiraja. K,Male,93502,Not Specified,39,,,₹10.27 L,,ajpk,204
Sattur,PMTDK,7,0,False,Baby walker,Thanga Durai. P,Male,93503,10th Grade (SSLC),33,,,₹9.92 L,,others,204
Sattur,TAMNK,8,0,False,Electric pole,Muthukannu. C,Male,93504,Bachelor's Degree,59,,,₹12.13 L,,others,204
Sattur,PT,9,0,False,Gas cylinder,Velmurugan. S,Male,93505,10th Grade (SSLC),50,,,"₹73,000",,others,204
Sattur,IND,10,0,False,Ring,Ajithkumar. S,Male,93506,Bachelor's Degree,28,,,₹6.84 L,,independent,204
Sattur,IND,11,0,False,Bat,Kaliraj. M,Male,93507,Not Specified,34,,,₹7.25 L,,independent,204
Sattur,IND,12,0,False,Ship,Saravanan. P,Male,93508,Bachelor's Degree,52,,,"₹58,000",,independent,204
Sattur,IND,13,0,False,Mike,Thanga Mariappan. J,Male,93509,Bachelor's Degree,53,,,"₹49,000",,independent,204
Sattur,IND,14,0,False,Belt,Narmada Nandhakumar,Female,93510,Master's Degree,48,,,"₹50,000",,independent,204
Sattur,IND,15,0,False,Spanner,Mahendran. M,Male,93511,Master's Degree,32,,,₹5.43 L,,independent,204
Sattur,IND,16,0,False,Matchbox,Maheshkumar. M,Male,93512,Bachelor's Degree,36,,,₹1.56 L,,independent,204
Sattur,IND,17,0,False,Diamond,Manivasagam.S,Male,93513,Bachelor's Degree,47,,,₹1.00 L,,independent,204
Sattur,IND,18,0,False,Gas Stove,Mayakkannan. V,Male,93514,Bachelor's Degree,35,,,₹nan,,independent,204
Sattur,IND,19,0,False,Battery Torch,Mutharasan. M,Male,93515,Master's Degree,37,,,₹21.40 L,,independent,204
Sattur,IND,20,0,False,Jackfruit,Ramesh Kumar. B,Male,93516,Diploma / ITI,45,,,₹1.12 L,,independent,204
Sattur,IND,21,0,False,Sewing machine,Vijendran. G,Male,93517,Doctorate (Ph.D / MD),67,,,₹74.05 L,,independent,204
Sattur,IND,22,0,False,Telephone,Venkatesan. M,Male,93518,Not Specified,31,,,₹7.32 L,,independent,204
Sivakasi,INC,1,0,True,Hand,Ashokan G,Male,93519,Bachelor's Degree,67,,,₹57.94 Cr,,spa,205
Sivakasi,NTK,2,0,False,Farmer Carrying Plough,Esther Mary Diana A,Female,93520,12th Grade (HSC / +2),45,,,₹30.49 L,,ntk,205
Sivakasi,BSP,3,0,False,Elephant,Suresh K,Male,93521,Bachelor's Degree,32,,,"₹26,450",,others,205
Sivakasi,AIADMK,4,0,False,Two leaves,Rajenthrabhalaji K T,Male,93522,10th Grade (SSLC),62,,,₹3.29 Cr,,nda,205
Sivakasi,AIPTMMK,5,0,False,Coconut farm,Ganesan M,Male,93523,9th Grade,70,,,₹4.99 Cr,,ajpk,205
Sivakasi,PT,6,0,False,Gas cylinder,Kanipandi M,Male,93524,7th Grade,29,,,₹48.50 L,,others,205
Sivakasi,TVK,7,0,False,Whistle,Keerthana S,Female,93525,Master's Degree,30,,,₹22.58 L,,tvk,205
Sivakasi,CPI(ML),8,0,False,Flag with three stars,Chinnadurai Alias Dimitro S,Male,93526,Not Specified,38,,,₹6.20 L,,others,205
Sivakasi,IND,9,0,False,Matchbox,Ganesan S,Male,93527,8th Grade,57,,,₹6.42 L,,independent,205
Sivakasi,IND,10,0,False,Gift pack,Ganesan V,Male,93528,Not Specified,70,,,₹3.30 L,,independent,205
Sivakasi,IND,11,0,False,Pen drive,Nagalakshmi V,Female,93529,Diploma / ITI,59,,,₹12.08 L,,independent,205
Sivakasi,IND,12,0,False,Bucket,Murugan M,Male,93530,9th Grade,43,,,₹1.57 L,,independent,205
Sivakasi,IND,13,0,False,Pressure cooker,Ramesh P,Male,93531,Bachelor's Degree,39,,,₹11.29 L,,independent,205
Sivakasi,IND,14,0,False,Camera,Venkatesh V,Male,93532,Bachelor's Degree,33,,,₹33.56 L,,independent,205
Virudhunagar,AIADMK,1,0,False,Two leaves,Ganesan V.G,Male,93533,10th Grade (SSLC),51,,,₹52.55 Cr,,nda,206
Virudhunagar,NTK,2,0,False,Farmer Carrying Plough,Lakshmanan,Male,93534,Bachelor's Degree,27,,,₹9.84 L,,ntk,206
Virudhunagar,DMDK,3,0,False,Nagara,Vijayaprabhakar,Male,93535,Not Specified,35,,,₹21.74 Cr,,spa,206
Virudhunagar,TVK,4,0,False,Whistle,Selvam P,Male,93536,Not Specified,31,,,₹nan,,tvk,206
Virudhunagar,PT,5,0,False,Gas cylinder,Balasubramaniam M,Male,90831,3rd Grade,57,,,₹3.30 L,,others,206
Virudhunagar,NMEK,6,0,False,Battery Torch,Rathinaraja S,Male,93538,Master's Degree,54,,,₹2.21 Cr,,others,206
Virudhunagar,DMMK,7,0,False,Mike,Vikraman N,Male,93539,Doctorate (Ph.D / MD),41,,,"₹17,000",,others,206
Virudhunagar,IND,8,0,False,Throwing a javelin,Amirtha Pandi M.V,Male,93540,12th Grade (HSC / +2),30,,,"₹12,500",,independent,206
Virudhunagar,IND,9,0,False,Noodles bowl,Ajay I,Male,93541,12th Grade (HSC / +2),27,,,₹3.39 L,,independent,206
Virudhunagar,IND,10,0,False,Ring,Gunasundaram R,Male,93542,Doctorate (Ph.D / MD),71,,,"₹8,500",,independent,206
Virudhunagar,IND,11,0,False,Diamond,Gurusamy S,Male,93543,10th Grade (SSLC),68,,,"₹83,744",,independent,206
Virudhunagar,IND,12,0,False,Ship,Santhosh Kumar R,Male,93544,Master's Degree,29,,,"₹21,000",,independent,206
Virudhunagar,IND,13,0,False,Bat,Subburaj K,Male,93545,8th Grade,48,,,₹2.31 L,,independent,206
Virudhunagar,IND,14,0,False,Pressure cooker,Muthuvel S,Male,93546,Bachelor's Degree,58,,,₹8.92 L,,independent,206
Virudhunagar,IND,15,0,False,Electric pole,Ranjith S,Male,93547,Bachelor's Degree,30,,,₹1.42 L,,independent,206
Aruppukkottai,DMK,1,0,False,Rising sun,Ramachandran. K.K.S.S.R,Male,93548,10th Grade (SSLC),76,,,₹1.65 Cr,,spa,207
Aruppukkottai,AIADMK,2,0,False,Two leaves,Sethupathy. S,Male,93549,Not Specified,53,,,₹nan,,nda,207
Aruppukkottai,NTK,3,0,False,Farmer Carrying Plough,Manimaran. G,Male,93550,Diploma / ITI,41,,,₹45.62 L,,ntk,207
Aruppukkottai,ETMK,4,0,False,Jackfruit,Elango. G,Male,93551,Diploma / ITI,45,,,₹16.78 L,,others,207
Aruppukkottai,PMTDK,5,0,False,Baby walker,Ganesan. V,Male,93552,10th Grade (SSLC),41,,,₹41.71 L,,others,207
Aruppukkottai,TVK,6,0,False,Whistle,Karthik Kumar. K,Male,93553,Diploma / ITI,31,,,₹20.72 L,,tvk,207
Aruppukkottai,DMMK,7,0,False,Mike,Sanjay Gandhi. V,Male,93554,10th Grade (SSLC),34,,,"₹11,866",,others,207
Aruppukkottai,AIPTMMK,8,0,False,Coconut farm,Dharmaraj. P,Male,93555,Not Specified,47,,,₹13.05 L,,ajpk,207
Aruppukkottai,PT,9,0,False,Gas cylinder,Ragupathi. K,Male,93556,Bachelor's Degree,51,,,₹2.41 L,,others,207
Aruppukkottai,IND,10,0,False,Gift pack,Arumugam. V,Male,93557,Diploma / ITI,29,,,₹nan,,independent,207
Aruppukkottai,IND,11,0,False,Pressure cooker,Anandhan. A,Male,93558,8th Grade,58,,,₹11.31 L,,independent,207
Aruppukkottai,IND,12,0,False,Well,Karthik. M,Male,93559,5th Grade,31,,,"₹20,000",,independent,207
Aruppukkottai,IND,13,0,False,Helmet,Advocate Sadhuragiri. M,Male,93560,Bachelor's Degree,27,,,₹1.04 L,,independent,207
Aruppukkottai,IND,14,0,False,Batsman,Chinnasamy. G,Male,93561,6th Grade,48,,,₹7.27 L,,independent,207
Aruppukkottai,IND,15,0,False,Bucket,Sundaramahalingam. A,Male,93562,12th Grade (HSC / +2),39,,,"₹51,000",,independent,207
Aruppukkottai,IND,16,0,False,Balloon,Sundaramoorthi. S,Male,93563,Not Specified,41,,,₹16.20 L,,independent,207
Aruppukkottai,IND,17,0,False,Electric pole,Sureshkumar. K,Male,93564,10th Grade (SSLC),30,,,"₹20,000",,independent,207
Aruppukkottai,IND,18,0,False,Computer,Senthilkumar. S,Male,93565,Bachelor's Degree,48,,,₹60.00 L,,independent,207
Aruppukkottai,IND,19,0,False,Biscuit,Palanikumar. M,Male,93566,10th Grade (SSLC),46,,,₹62.03 L,,independent,207
Aruppukkottai,IND,20,0,False,Bat,Marivel. K,Male,93567,12th Grade (HSC / +2),35,,,₹28.65 L,,independent,207
Aruppukkottai,IND,21,0,False,Iron,Muniyandi. M,Male,93568,5th Grade,46,,,"₹50,000",,independent,207
Aruppukkottai,IND,22,0,False,Laptop,Ramakrishnan. S,Male,93569,9th Grade,32,,,₹1.17 L,,independent,207
Aruppukkottai,IND,23,0,False,Matchbox,Ramamoorthy. G,Male,93570,Master's Degree,48,,,"₹36,500",,independent,207
Aruppukkottai,IND,24,0,False,Ring,Veeraraj. R,Male,93571,5th Grade,28,,,"₹50,000",,independent,207
Aruppukkottai,IND,25,0,False,Calculator,Venkatesan. P.S,Male,93572,12th Grade (HSC / +2),59,,,₹15.50 L,,independent,207
Tiruchuli,NTK,1,0,False,Farmer Carrying Plough,Avarangadu Karthik Raja,Male,93573,Master's Degree,34,,,₹nan,,ntk,208
Tiruchuli,DMK,2,0,True,Rising sun,Thangam Thenarasu,Male,93574,Bachelor's Degree,59,,,₹1.55 Cr,,spa,208
Tiruchuli,AIADMK,3,0,False,Two leaves,Rajavarman.M.S.R,Male,93575,10th Grade (SSLC),53,,,₹10.54 Cr,,nda,208
Tiruchuli,ETMK,4,0,False,Jackfruit,Kannan.G,Male,93576,Diploma / ITI,39,,,₹19.10 L,,others,208
Tiruchuli,PT,5,0,False,Gas cylinder,Gunasekaran.G,Male,93577,8th Grade,53,,,₹1.12 L,,others,208
Tiruchuli,TVK,6,0,False,Whistle,Samayan.S,Male,93578,6th Grade,35,,,₹21.37 L,,tvk,208
Tiruchuli,AIPTMMK,7,0,False,Coconut farm,Murugesapandian.T,Male,93579,12th Grade (HSC / +2),63,,,₹22.74 L,,ajpk,208
Tiruchuli,TAVK,8,0,False,Camera,Rajkumar.D,Male,93580,9th Grade,49,,,₹58.05 L,,others,208
Tiruchuli,ASP,9,0,False,Bricks,Vellaisamy.P,Male,93581,5th Grade,63,,,₹24.30 L,,others,208
Tiruchuli,IND,10,0,False,Electric pole,Aravinthasamy.J,Male,93582,Diploma / ITI,28,,,₹2.02 L,,independent,208
Tiruchuli,IND,11,0,False,Swing,Kalimuthu.S,Male,93583,10th Grade (SSLC),55,,,₹nan,,independent,208
Tiruchuli,IND,12,0,False,Tennis racket & ball,Gurusamy.T,Male,93584,6th Grade,63,,,₹88.82 L,,independent,208
Tiruchuli,IND,13,0,False,Refrigerator,Chenna Kesavan.P,Male,93585,7th Grade,45,,,₹nan,,independent,208
Tiruchuli,IND,14,0,False,CCTV Camera,Sethuramalingam.S,Male,93586,10th Grade (SSLC),81,,,"₹39,908",,independent,208
Tiruchuli,IND,15,0,False,Helmet,Advocate Thangapandian,Male,93587,Bachelor's Degree,42,,,₹17.55 L,,independent,208
Tiruchuli,IND,16,0,False,Balloon,Nallamaruthu.K,Male,93588,10th Grade (SSLC),45,,,₹5.51 L,,independent,208
Tiruchuli,IND,17,0,False,Door bell,Palaniyandi.M,Male,93589,12th Grade (HSC / +2),52,,,"₹57,000",,independent,208
Tiruchuli,IND,18,0,False,Telephone,Malai Alagu.M,Male,93590,Bachelor's Degree,43,,,₹2.20 L,,independent,208
Tiruchuli,IND,19,0,False,Capsicum,Marimuthu.M,Male,93591,5th Grade,49,,,₹1.53 L,,independent,208
Tiruchuli,IND,20,0,False,Flute,Marnadu.M,Male,93592,8th Grade,51,,,₹14.28 L,,independent,208
Tiruchuli,IND,21,0,False,Coat,Muniyasamy.R,Male,93593,8th Grade,49,,,₹1.20 L,,independent,208
Tiruchuli,IND,22,0,False,Chain,Rajangam.C,Male,93594,10th Grade (SSLC),64,,,₹6.02 L,,independent,208
Tiruchuli,IND,23,0,False,Lighter,Jeyachitra,Female,93595,10th Grade (SSLC),39,,,"₹15,000",,independent,208
Paramakudi,NTK,1,0,False,Farmer Carrying Plough,Ezhil Elavarasi. R,Female,93596,Bachelor's Degree,38,,,₹56.60 L,,ntk,209
Paramakudi,DMK,2,0,False,Rising sun,Advocate. Kathiravan. K.K,Male,93597,Bachelor's Degree,40,,,₹79.42 L,,spa,209
Paramakudi,AIADMK,3,0,False,Two leaves,Dr. Muthiah. S,Male,93598,Not Specified,69,,,₹5.58 Cr,,nda,209
Paramakudi,AIPTMMK,4,0,False,Coconut farm,Amirtha. M,Female,93599,Bachelor's Degree,42,,,₹11.72 L,,ajpk,209
Paramakudi,PT,5,0,False,Gas cylinder,Rathina Prakash. K,Male,93600,Bachelor's Degree,46,,,₹21.20 L,,others,209
Paramakudi,TVK,6,0,False,Whistle,Gopirajan. G,Male,93601,Master's Degree,48,,,₹45.12 L,,tvk,209
Paramakudi,IND,7,0,False,Diamond,Kathiravan. R,Male,93602,Bachelor's Degree,32,,,"₹50,000",,independent,209
Paramakudi,IND,8,0,False,Gramophone,Karthik Vani. B,Male,93603,12th Grade (HSC / +2),35,,,"₹86,000",,independent,209
Paramakudi,IND,9,0,False,Pen drive,Muththiah. M,Male,93604,Primary (Up to 4th),69,,,"₹13,000",,independent,209
Paramakudi,IND,10,0,False,Dish antenna,Radha Krishnan. G,Male,93605,Bachelor's Degree,29,,,"₹50,000",,independent,209
Paramakudi,IND,11,0,False,Kettle,Raja. M,Male,93606,Master's Degree,45,,,"₹50,000",,independent,209
Paramakudi,IND,12,0,False,Ship,Raju. A,Male,93607,Diploma / ITI,37,,,"₹1,040",,independent,209
Tiruvadanai,INC,1,0,True,Hand,Rm. Karumanickam,Male,93608,Bachelor's Degree,40,,,₹3.21 Cr,,spa,210
Tiruvadanai,AIADMK,2,0,False,Two leaves,M.Keerthika,Female,93609,Master's Degree,49,,,₹6.20 Cr,,nda,210
Tiruvadanai,NTK,3,0,False,Farmer Carrying Plough,N Premnath,Male,93610,Bachelor's Degree,32,,,₹4.83 L,,ntk,210
Tiruvadanai,BSP,4,0,False,Elephant,A Muthusamy,Male,93611,Bachelor's Degree,61,,,₹nan,,others,210
Tiruvadanai,IDMK,5,0,False,Television,R Ilaiyaraja,Male,93612,Primary (Up to 4th),37,,,₹1.08 L,,others,210
Tiruvadanai,TAVK,6,0,False,Camera,K Kaleeswaran,Male,93613,8th Grade,40,,,₹13.22 L,,others,210
Tiruvadanai,AIFB,7,0,False,Lion,S Suresh Kasini Venthan,Male,93614,10th Grade (SSLC),49,,,₹31.32 L,,others,210
Tiruvadanai,PT,8,0,False,Gas cylinder,S.Balusamy,Male,93615,10th Grade (SSLC),66,,,₹21.44 L,,others,210
Tiruvadanai,TVK,9,0,False,Whistle,Rajeev,Male,93616,Bachelor's Degree,33,,,₹nan,,tvk,210
Tiruvadanai,IND,10,0,False,Matchbox,Ms Abdul Bakki,Male,93617,7th Grade,42,,,₹14.35 L,,independent,210
Tiruvadanai,IND,11,0,False,Almirah,Alla Pichai,Male,93618,Bachelor's Degree,81,,,₹12.66 L,,independent,210
Tiruvadanai,IND,12,0,False,Ship,Alagarsamy Pandian,Male,93619,10th Grade (SSLC),47,,,₹3.03 L,,independent,210
Tiruvadanai,IND,13,0,False,Balloon,N Anbu Bagurudeen,Male,93620,7th Grade,70,,,₹7.43 L,,independent,210
Tiruvadanai,IND,14,0,False,Black board,Sakthik Kumar,Male,93621,12th Grade (HSC / +2),45,,,₹1.00 L,,independent,210
Tiruvadanai,IND,15,0,False,Bucket,B Sikkandar,Male,93622,Bachelor's Degree,39,,,"₹41,500",,independent,210
Tiruvadanai,IND,16,0,False,Refrigerator,A Segu Ali Uduman,Male,93623,9th Grade,59,,,"₹50,000",,independent,210
Tiruvadanai,IND,17,0,False,Flute,R Thilageswaran,Male,93624,Bachelor's Degree,32,,,₹nan,,independent,210
Tiruvadanai,IND,18,0,False,Mike,A Dinesh Kumar,Male,93625,Bachelor's Degree,32,,,₹13.85 L,,independent,210
Tiruvadanai,IND,19,0,False,Bat,Devasitham,Male,93626,Bachelor's Degree,39,,,"₹91,015",,independent,210
Tiruvadanai,IND,20,0,False,Ring,A Mani,Male,93627,6th Grade,81,,,"₹15,000",,independent,210
Tiruvadanai,IND,21,0,False,Coconut farm,M.Vijay,Male,93628,Bachelor's Degree,30,,,₹12.49 L,,independent,210
Ramanathapuram,DMK,1,0,True,Rising sun,Katharbatcha Muthuramalingam,Male,93629,12th Grade (HSC / +2),54,,,₹76.44 L,,spa,211
Ramanathapuram,BJP,2,0,False,Lotus,Gbs K.Nagendran,Male,93630,Bachelor's Degree,57,,,₹41.47 Cr,,nda,211
Ramanathapuram,NTK,3,0,False,Farmer Carrying Plough,S.M.Muthu Kesavan,Male,93631,Bachelor's Degree,32,,,₹1.47 Cr,,ntk,211
Ramanathapuram,APTADMK,4,0,False,Jackfruit,Dr.J.Abubakkar Sithick,Male,93632,Bachelor's Degree,51,,,₹23.62 L,,others,211
Ramanathapuram,TVK,5,0,False,Whistle,Shahul Hameed,Male,93633,Doctorate (Ph.D / MD),57,,,₹30.82 Cr,,tvk,211
Ramanathapuram,VTVTK,6,0,False,Pestle and mortar,C.Parirajan,Male,93634,5th Grade,36,,,₹5.46 L,,others,211
Ramanathapuram,CPI(ML),7,0,False,Flag with three stars,S.Murugaboopathy,Male,93635,Bachelor's Degree,56,,,₹60.21 L,,others,211
Ramanathapuram,IND,8,0,False,Ship,Kan Ilango,Male,93636,Bachelor's Degree,55,,,₹1.09 Cr,,independent,211
Ramanathapuram,IND,9,0,False,Cauliflower,Karthigai Pandi,Male,93637,10th Grade (SSLC),41,,,"₹60,000",,independent,211
Ramanathapuram,IND,10,0,False,Gas cylinder,A.Chinna Raja,Male,93638,9th Grade,38,,,₹39.18 L,,independent,211
Ramanathapuram,IND,11,0,False,Water melon,Balakrishnan,Male,93639,8th Grade,65,,,₹1.28 L,,independent,211
Ramanathapuram,IND,12,0,False,Balloon,Pullani,Male,92687,6th Grade,43,,,₹3.31 L,,independent,211
Ramanathapuram,IND,13,0,False,Flute,K.Maleswaran,Male,93641,12th Grade (HSC / +2),40,,,₹22.73 L,,independent,211
Mudhukulathur,NTK,1,0,False,Farmer Carrying Plough,Chandra Prabha Jeyapal,Female,93642,Doctorate (Ph.D / MD),56,,,₹51.63 L,,ntk,212
Mudhukulathur,AIADMK,2,0,False,Two leaves,S.Pandi,Male,93643,8th Grade,79,,,₹18.21 Cr,,nda,212
Mudhukulathur,DMK,3,0,True,Rising sun,R.S.Rajakannappan,Male,93644,Bachelor's Degree,77,,,₹23.34 L,,spa,212
Mudhukulathur,NAMK,4,0,False,Pen nib with seven rays,M.Irulandi,Male,93958,5th Grade,39,,,"₹91,000",,others,212
Mudhukulathur,NIP,5,0,False,Spanner,A.Saravanakumar,Male,93646,8th Grade,45,,,₹nan,,others,212
Mudhukulathur,TAVK,6,0,False,Camera,K.Senthil Mallar,Male,93647,Master's Degree,48,,,₹7.12 L,,others,212
Mudhukulathur,PMTDK,7,0,False,Baby walker,G.Selvaraj,Male,93648,12th Grade (HSC / +2),40,,,₹68.02 L,,others,212
Mudhukulathur,TVK,8,0,False,Whistle,Malarvizhi. B,Female,93649,9th Grade,48,,,₹94.71 L,,tvk,212
Mudhukulathur,PT,9,0,False,Gas cylinder,C.Malaiselvam,Male,93650,10th Grade (SSLC),47,,,₹nan,,others,212
Mudhukulathur,AIPTMMK,10,0,False,Coconut farm,Dr.R.Ramkumar,Male,93651,Bachelor's Degree,35,,,₹64.05 L,,ajpk,212
Mudhukulathur,IND,11,0,False,Football player,K.Gangai Amaran,Male,93652,Bachelor's Degree,34,,,₹2.11 L,,independent,212
Mudhukulathur,IND,12,0,False,Boat with man and sail,M.Karuppa Samy,Male,93653,8th Grade,25,,,"₹20,500",,independent,212
Mudhukulathur,IND,13,0,False,Bricks,C.Kengusamy,Male,93654,12th Grade (HSC / +2),26,,,₹8.90 L,,independent,212
Mudhukulathur,IND,14,0,False,Jackfruit,Sathiyam C.Saravanan,Male,93655,Master's Degree,40,,,₹27.80 L,,independent,212
Mudhukulathur,IND,15,0,False,Electric pole,V.Pandi,Male,93656,8th Grade,61,,,₹55.98 L,,independent,212
Mudhukulathur,IND,16,0,False,Matchbox,M.Boominathan (A) M.K.Vaiyavan,Male,93657,Bachelor's Degree,43,,,₹2.32 L,,independent,212
Mudhukulathur,IND,17,0,False,Road roller,K.Murugan,Male,93658,10th Grade (SSLC),44,,,₹7.66 L,,independent,212
Mudhukulathur,IND,18,0,False,Battery Torch,R.Moovendran,Male,93659,Master's Degree,37,,,"₹88,309",,independent,212
Mudhukulathur,IND,19,0,False,Cauliflower,Ravi Govinthan,Male,93660,Not Specified,55,,,₹26.33 L,,independent,212
Mudhukulathur,IND,20,0,False,Ship,K.Rajakumar,Male,93661,Bachelor's Degree,43,,,₹7.03 L,,independent,212
Vilathikulam,AIADMK,1,0,False,Two leaves,R.Sathya,Female,93662,Bachelor's Degree,48,,,₹1.62 Cr,,nda,213
Vilathikulam,NTK,2,0,False,Farmer Carrying Plough,Balaji Ramachandran,Male,93663,Master's Degree,36,,,₹14.34 L,,ntk,213
Vilathikulam,DMK,3,0,False,Rising sun,Markandayan G V,Male,93664,Bachelor's Degree,49,,,₹32.13 L,,spa,213
Vilathikulam,TVK,4,0,False,Whistle,P.Kasiram,Male,93665,7th Grade,44,,,₹56.26 L,,tvk,213
Vilathikulam,NIP,5,0,False,Spanner,R.Perumal,Male,92099,6th Grade,53,,,₹1.02 Cr,,others,213
Vilathikulam,AIPTMMK,6,0,False,Coconut farm,C.Ponpandi,Male,93667,10th Grade (SSLC),39,,,₹7.05 L,,ajpk,213
Vilathikulam,PT,7,0,False,Gas cylinder,P.Madasamy,Male,93668,Not Specified,50,,,₹12.55 L,,others,213
Vilathikulam,IND,8,0,False,Diamond,K.Ajay Kumar,Male,93669,Diploma / ITI,26,,,"₹54,781",,independent,213
Vilathikulam,IND,9,0,False,Bat,V.Ganesan,Male,93670,10th Grade (SSLC),50,,,₹nan,,independent,213
Vilathikulam,IND,10,0,False,T.V.Remote,A.Patturaj,Male,93671,10th Grade (SSLC),43,,,₹5.97 L,,independent,213
Vilathikulam,IND,11,0,False,Air conditioner,A.Prabahar,Male,93672,Bachelor's Degree,33,,,₹14.43 L,,independent,213
Vilathikulam,IND,12,0,False,Television,M.Ponnusamy,Male,93673,10th Grade (SSLC),59,,,₹8.43 L,,independent,213
Vilathikulam,IND,13,0,False,Calculator,G.Muniyasamy,Male,93674,9th Grade,53,,,₹8.29 L,,independent,213
Vilathikulam,IND,14,0,False,Matchbox,P.Rajasekaran,Male,93675,Master's Degree,59,,,₹15.32 L,,independent,213
Vilathikulam,IND,15,0,False,Balloon,P.Jeyakumar,Male,93676,Bachelor's Degree,50,,,"₹10,000",,independent,213
Thoothukkudi,DMK,1,0,True,Rising sun,P.Geetha Jeevan,Female,93677,Master's Degree,55,,,₹1.81 Cr,True,spa,214
Thoothukkudi,AIADMK,2,0,False,Two leaves,Chellapandian S.T,Male,93678,Master's Degree,70,,,₹15.26 Cr,,nda,214
Thoothukkudi,NTK,3,0,False,Farmer Carrying Plough,Jacob Devadoss Abisheak R,Male,93679,Bachelor's Degree,25,,,₹1.34 Cr,,ntk,214
Thoothukkudi,AIPTMMK,4,0,False,Coconut farm,Yesadurai S,Male,91274,5th Grade,64,,,₹2.38 L,,ajpk,214
Thoothukkudi,TAVK,5,0,False,Camera,Kidar Samsdeen N.A,Male,93681,8th Grade,56,,,₹36.39 L,,others,214
Thoothukkudi,CPI(ML),6,0,False,Flag with three stars,Sahayam T,Male,93682,10th Grade (SSLC),58,,,₹23.11 L,,others,214
Thoothukkudi,MANK,7,0,False,Ship,Prasanna Kumar M,Male,93683,10th Grade (SSLC),34,,,₹1.58 L,,others,214
Thoothukkudi,NMEK,8,0,False,Mike,Ponkumaran P.P.M.T,Male,93684,Master's Degree,66,,,₹10.08 Cr,,others,214
Thoothukkudi,NIP,9,0,False,Spanner,Srikanth M.V,Male,93685,Bachelor's Degree,56,,,₹4.31 L,,others,214
Thoothukkudi,TVK,10,0,False,Whistle,Srinath,Male,93686,12th Grade (HSC / +2),52,,,₹2.49 Cr,,tvk,214
Thoothukkudi,IND,11,0,False,Tea filter,Samuel J,Male,93687,Not Specified,51,,,"₹50,000",,independent,214
Thoothukkudi,IND,12,0,False,Pressure cooker,Dhinakaran S.T.R.M,Male,93688,10th Grade (SSLC),46,,,₹35.75 L,,independent,214
Thoothukkudi,IND,13,0,False,Pen nib with seven rays,Babu P,Male,93689,10th Grade (SSLC),56,,,"₹20,000",,independent,214
Thoothukkudi,IND,14,0,False,Jackfruit,Maruthu Pandian P,Male,93690,Bachelor's Degree,36,,,₹7.60 L,,independent,214
Thoothukkudi,IND,15,0,False,Diamond,Muneeswara Moorthy S,Male,93691,Bachelor's Degree,46,,,₹12.61 L,,independent,214
Tiruchendur,DMK,1,0,True,Rising sun,Anitha R.Radhakrishnan,Male,93692,10th Grade (SSLC),73,,,₹5.29 Cr,,spa,215
Tiruchendur,NTK,2,0,False,Farmer Carrying Plough,Ophiliya,Female,93693,Master's Degree,33,,,₹91.00 L,,ntk,215
Tiruchendur,BJP,3,0,False,Lotus,K.R.M Radhakrishnan,Male,93694,Bachelor's Degree,44,,,₹1.27 Cr,,nda,215
Tiruchendur,AIPTMMK,4,0,False,Coconut farm,Gopalakrishnan,Male,93695,10th Grade (SSLC),35,,,"₹21,526",,ajpk,215
Tiruchendur,NIP,5,0,False,Spanner,Packia Sam. T,Male,93696,Master's Degree,47,,,₹6.32 L,,others,215
Tiruchendur,PMTDK,6,0,False,Baby walker,Maharajan. M,Male,93697,10th Grade (SSLC),37,,,₹45.35 L,,others,215
Tiruchendur,TVK,7,0,False,Whistle,J.Murugan,Male,93698,Bachelor's Degree,54,,,₹47.97 Cr,,tvk,215
Tiruchendur,TAVK,8,0,False,Camera,Rasik Mussammil. K,Male,93699,10th Grade (SSLC),49,,,₹nan,,others,215
Tiruchendur,IND,9,0,False,Diamond,Shaik Abdul Kader. P.S.J,Male,93700,Bachelor's Degree,56,,,"₹57,500",,independent,215
Tiruchendur,IND,10,0,False,Black board,Meera Sahib,Male,93701,Master's Degree,42,,,₹2.83 L,,independent,215
Tiruchendur,IND,11,0,False,Belt,Rajalingam. M,Male,93702,7th Grade,50,,,₹1.09 L,,independent,215
Tiruchendur,IND,12,0,False,Bench,Veerappa. T,Male,93703,6th Grade,67,,,"₹10,000",,independent,215
Tiruchendur,IND,13,0,False,Ship,Venkatesh Perumal. S,Male,93704,Master's Degree,50,,,₹nan,,independent,215
Srivaikuntam,INC,1,0,True,Hand,Oorvasi Amirtharaj. S,Male,93705,Master's Degree,42,,,₹54.33 Cr,,spa,216
Srivaikuntam,NTK,2,0,False,Farmer Carrying Plough,Shunmugasundaram. S,Male,93706,Diploma / ITI,29,,,"₹8,500",,ntk,216
Srivaikuntam,AIADMK,3,0,False,Two leaves,Shanmuganathan. S.P,Male,93707,10th Grade (SSLC),71,,,₹26.62 L,,nda,216
Srivaikuntam,TVK,4,0,False,Whistle,Saravanan. G,Male,93708,8th Grade,35,,,₹78.97 L,,tvk,216
Srivaikuntam,NMEK,5,0,False,Balloon,Sudalaimani. A,Male,93709,Bachelor's Degree,37,,,₹nan,,others,216
Srivaikuntam,PMTDK,6,0,False,Baby walker,Subramanian. M,Male,93331,7th Grade,42,,,₹11.43 L,,others,216
Srivaikuntam,NIP,7,0,False,Spanner,Bharath. M,Male,93711,7th Grade,37,,,₹5.11 L,,others,216
Srivaikuntam,VTK,8,0,False,Ring,Mundasamy. K,Male,93712,Bachelor's Degree,63,,,₹15.54 L,,others,216
Srivaikuntam,AIFB,9,0,False,Lion,Muthuramalingam. S,Male,93713,8th Grade,49,,,₹15.60 L,,others,216
Srivaikuntam,PT,10,0,False,Gas cylinder,Rajasuthan. N,Male,93714,12th Grade (HSC / +2),48,,,₹47.61 L,,others,216
Srivaikuntam,TAVK,11,0,False,Camera,Viyanarasu. A,Male,93715,5th Grade,66,,,₹4.22 L,,others,216
Srivaikuntam,IND,12,0,False,Ship,Arunachalam. C,Male,93716,Bachelor's Degree,31,,,₹13.72 L,,independent,216
Srivaikuntam,IND,13,0,False,Tube light,Bishop Dr Godfrey Noble,Male,93717,Not Specified,52,,,₹1.86 Cr,,independent,216
Srivaikuntam,IND,14,0,False,Bangles,Murugan. S,Male,93718,Master's Degree,54,,,₹800,,independent,216
Srivaikuntam,IND,15,0,False,Road roller,Vasanth Fernando. T,Male,93719,9th Grade,38,,,"₹62,625",,independent,216
Ottapidaram,NTK,1,0,False,Farmer Carrying Plough,M.Anusiya,Female,93720,Bachelor's Degree,31,,,₹49.61 L,,ntk,217
Ottapidaram,DMK,2,0,False,Rising sun,P.M.Ramajeyam,Male,93721,Bachelor's Degree,43,,,₹6.82 Cr,,spa,217
Ottapidaram,NMEK,3,0,False,Mike,C.Aruna Devi,Female,93722,Bachelor's Degree,40,,,₹27.84 L,,others,217
Ottapidaram,PT,4,0,False,Gas cylinder,Dr.K.Krishnasamy,Male,93723,Not Specified,74,,,₹14.41 Cr,,others,217
Ottapidaram,AMMK,5,0,False,Pressure cooker,R Sundararaj,Male,93724,Bachelor's Degree,59,,,₹4.78 Cr,,nda,217
Ottapidaram,NIP,6,0,False,Spanner,Subbulakshmi. S,Female,93725,12th Grade (HSC / +2),46,,,₹1.55 L,,others,217
Ottapidaram,TAVK,7,0,False,Camera,C .Selvakumar,Male,93726,9th Grade,39,,,₹14.92 L,,others,217
Ottapidaram,TVK,8,0,False,Whistle,P .Mathanraja,Male,93727,Not Specified,41,,,₹nan,,tvk,217
Ottapidaram,IND,9,0,False,Balloon,M.Ananth,Male,93728,Diploma / ITI,35,,,₹21.38 L,,independent,217
Ottapidaram,IND,10,0,False,Black board,S .Muthuselvam,Male,93729,8th Grade,42,,,"₹22,000",,independent,217
Ottapidaram,IND,11,0,False,Bangles,G .Murugan,Male,93730,12th Grade (HSC / +2),59,,,₹28.57 L,,independent,217
Ottapidaram,IND,12,0,False,Bat,M .Lakshmanan,Male,93731,Master's Degree,41,,,₹7.60 L,,independent,217
Ottapidaram,IND,13,0,False,Diamond,Vedaprakash. A,Male,93732,Bachelor's Degree,67,,,₹1.34 Cr,,independent,217
Kovilpatti,AIADMK,1,0,True,Two leaves,Kadambur Raju.C,Male,93733,Not Specified,66,,,₹3.01 Cr,,nda,218
Kovilpatti,DMK,2,0,False,Rising sun,Karunanithi.K,Male,93734,8th Grade,51,,,₹1.34 Cr,,spa,218
Kovilpatti,NTK,3,0,False,Farmer Carrying Plough,Pandi.P,Male,93735,Bachelor's Degree,35,,,₹35.91 L,,ntk,218
Kovilpatti,BSP,4,0,False,Elephant,Ramachandran.R,Male,93736,8th Grade,65,,,₹44.17 L,,others,218
Kovilpatti,NIP,5,0,False,Spanner,Arumugavel.T,Male,93737,5th Grade,38,,,₹29.03 L,,others,218
Kovilpatti,AIPTMMK,6,0,False,Coconut farm,Kannan.S,Male,93738,10th Grade (SSLC),48,,,₹4.35 Cr,,ajpk,218
Kovilpatti,TPK,7,0,False,Matchbox,Saravanan.S,Male,93739,Bachelor's Degree,38,,,₹26.20 L,,others,218
Kovilpatti,TVK,8,0,False,Whistle,Balasubramanian.S,Male,93740,Diploma / ITI,41,,,₹2.97 Cr,,tvk,218
Kovilpatti,PMTDK,9,0,False,Baby walker,Hari Balakrishnan.G,Male,93741,9th Grade,28,,,₹5.20 L,,others,218
Kovilpatti,IND,10,0,False,Gas cylinder,Athikumar Kudumbar.B,Male,93742,10th Grade (SSLC),49,,,₹22.48 L,,independent,218
Kovilpatti,IND,11,0,False,Flute,Gunasekaran.P,Male,93743,Not Specified,64,,,₹nan,,independent,218
Kovilpatti,IND,12,0,False,Road roller,Gurusamy.K,Male,93744,Bachelor's Degree,50,,,"₹26,788",,independent,218
Kovilpatti,IND,13,0,False,Chappals,Chinna Maharaja.K,Male,93745,9th Grade,40,,,₹59.22 L,,independent,218
Kovilpatti,IND,14,0,False,Television,Sekar.C,Male,93746,10th Grade (SSLC),53,,,₹7.50 L,,independent,218
Kovilpatti,IND,15,0,False,Scissors,Paramasivan.S,Male,93747,Master's Degree,64,,,₹43.58 L,,independent,218
Kovilpatti,IND,16,0,False,Bat,Poundurai.K,Male,93748,Bachelor's Degree,31,,,₹28.07 L,,independent,218
Kovilpatti,IND,17,0,False,Diamond,Pandimuneeswari.K,Female,93749,12th Grade (HSC / +2),38,,,₹5.91 L,,independent,218
Kovilpatti,IND,18,0,False,Green chilli,Premkumar.K,Male,93750,Master's Degree,55,,,₹20.32 L,,independent,218
Kovilpatti,IND,19,0,False,Bucket,Ponnusamy.M,Male,93751,10th Grade (SSLC),59,,,₹8.95 L,,independent,218
Kovilpatti,IND,20,0,False,Electric pole,Muneeswaran.R,Male,93752,10th Grade (SSLC),27,,,"₹21,500",,independent,218
Kovilpatti,IND,21,0,False,Tiller,Renganayagalu.S,Male,93753,Bachelor's Degree,47,,,₹2.82 L,,independent,218
Sankarankovil,INC,1,0,False,Hand,Sangai. Ganesan,Male,93754,Bachelor's Degree,57,,,₹1.17 Cr,,spa,219
Sankarankovil,NTK,2,0,False,Farmer Carrying Plough,M.Kavitha,Female,93755,Bachelor's Degree,41,,,₹32.07 L,,ntk,219
Sankarankovil,AIADMK,3,0,False,Two leaves,Dr. Dhilipan Jaishankar,Male,93756,Bachelor's Degree,29,,,₹2.15 Cr,,nda,219
Sankarankovil,BSP,4,0,False,Elephant,S.Mariappan,Male,93757,8th Grade,31,,,"₹90,000",,others,219
Sankarankovil,NIP,5,0,False,Spanner,N.Selvam,Male,93758,Bachelor's Degree,60,,,₹55.05 L,,others,219
Sankarankovil,PMTDK,6,0,False,Baby walker,K.Thangavel,Male,93759,5th Grade,65,,,₹4.44 L,,others,219
Sankarankovil,BMK,7,0,False,Balloon,J.Pandi,Male,93760,9th Grade,41,,,"₹4,352",,others,219
Sankarankovil,PT,8,0,False,Gas cylinder,Prabakaran,Male,93761,Master's Degree,39,,,₹1.12 L,,others,219
Sankarankovil,TAMNK,9,0,False,Electric pole,C.Ravi,Male,93762,10th Grade (SSLC),51,,,₹1.39 Cr,,others,219
Sankarankovil,TVK,10,0,False,Whistle,C.Ramarajan,Male,93763,Master's Degree,41,,,₹47.71 L,,tvk,219
Sankarankovil,AIPTMMK,11,0,False,Coconut farm,Vasanthi Murugesan,Female,93764,Master's Degree,63,,,₹1.63 Cr,,ajpk,219
Sankarankovil,TAVK,12,0,False,Camera,Velraj .S,Male,93765,Bachelor's Degree,42,,,₹5.60 L,,others,219
Sankarankovil,IND,13,0,False,Binoculars,S.Arulraj,Male,93766,10th Grade (SSLC),45,,,"₹20,000",,independent,219
Sankarankovil,IND,14,0,False,Peas,Anand,Male,93767,Bachelor's Degree,35,,,₹3.50 L,,independent,219
Sankarankovil,IND,15,0,False,Nail cutter,K.Subburaj,Male,93768,Not Specified,42,,,₹4.25 L,,independent,219
Sankarankovil,IND,16,0,False,Diamond,K.Suresh,Male,93769,Diploma / ITI,43,,,₹5.00 L,,independent,219
Sankarankovil,IND,17,0,False,Refrigerator,V.Paulpandian,Male,93770,Bachelor's Degree,54,,,₹9.60 L,,independent,219
Sankarankovil,IND,18,0,False,Lady finger,S.Muthuselvan,Male,93771,Bachelor's Degree,49,,,"₹31,000",,independent,219
Sankarankovil,IND,19,0,False,Tooth brush,K.Ravikumar,Male,93772,10th Grade (SSLC),36,,,₹10.02 L,,independent,219
Sankarankovil,IND,20,0,False,Bat,M.Raj,Male,93773,9th Grade,41,,,₹1.77 L,,independent,219
Vasudevanallur,BJP,1,0,False,Lotus,Ananthan Ayyasamy,Male,93774,Master's Degree,50,,,₹24.74 Cr,,nda,220
Vasudevanallur,NTK,2,0,False,Farmer Carrying Plough,Esai Mathivanan,Male,93775,12th Grade (HSC / +2),39,,,₹3.10 L,,ntk,220
Vasudevanallur,BSP,3,0,False,Elephant,R.Rameshkumar,Male,93776,10th Grade (SSLC),47,,,"₹41,500",,others,220
Vasudevanallur,DMK,4,0,False,Rising sun,E.Raja,Male,93777,Master's Degree,40,,,₹7.53 Cr,,spa,220
Vasudevanallur,TVK,5,0,False,Whistle,R.Amutharani,Female,93778,12th Grade (HSC / +2),50,,,₹nan,,tvk,220
Vasudevanallur,PT,6,0,False,Gas cylinder,K.Paulraj,Male,93779,8th Grade,64,,,₹53.53 L,,others,220
Vasudevanallur,AIPTMMK,7,0,False,Coconut farm,A.Ponnuthai,Female,93780,Master's Degree,38,,,₹1.82 Cr,,ajpk,220
Vasudevanallur,PMTDK,8,0,False,Baby walker,K.Rajendran,Male,93781,10th Grade (SSLC),42,,,₹8.11 L,,others,220
Vasudevanallur,TAMNK,9,0,False,Electric pole,B.Veeralakshmi,Female,93782,10th Grade (SSLC),39,,,₹22.05 L,,others,220
Vasudevanallur,IND,10,0,False,Matchbox,M.Arumugasamy,Male,93783,Bachelor's Degree,67,,,₹50.00 L,,independent,220
Vasudevanallur,IND,11,0,False,Diamond,P.Karpagavalli,Female,93784,10th Grade (SSLC),38,,,₹5.56 L,,independent,220
Vasudevanallur,IND,12,0,False,Bat,I.Saravanan,Male,93785,Bachelor's Degree,28,,,₹3.25 L,,independent,220
Vasudevanallur,IND,13,0,False,Laptop,Senthilkumar,Male,93786,10th Grade (SSLC),51,,,"₹67,363",,independent,220
Vasudevanallur,IND,14,0,False,Air conditioner,Selvaraj .C,Male,93787,5th Grade,66,,,₹10.70 L,,independent,220
Vasudevanallur,IND,15,0,False,Battery Torch,K.Nagarajan,Male,93666,8th Grade,38,,,"₹93,275",,independent,220
Vasudevanallur,IND,16,0,False,Camera,A.Palanikumar,Male,93789,Bachelor's Degree,52,,,₹15.52 L,,independent,220
Vasudevanallur,IND,17,0,False,Pressure cooker,Prabakaran .R,Male,93790,Diploma / ITI,25,,,"₹18,424",,independent,220
Vasudevanallur,IND,18,0,False,Lady finger,K.Ramachandran,Male,93791,9th Grade,37,,,₹15.80 L,,independent,220
Kadayanallur,NTK,1,0,False,Farmer Carrying Plough,Abubacker Siddheeq,Male,93792,Bachelor's Degree,29,,,₹1.51 L,,ntk,221
Kadayanallur,DMK,2,0,False,Rising sun,Rajendran. T.M,Male,93793,Master's Degree,61,,,₹nan,,spa,221
Kadayanallur,AIADMK,3,0,True,Two leaves,C.Krishnamurali,Male,93794,Not Specified,44,,,₹nan,,nda,221
Kadayanallur,BSP,4,0,False,Elephant,T.Maheshkumar,Male,93795,Bachelor's Degree,35,,,₹6.51 L,,others,221
Kadayanallur,TVK,5,0,False,Whistle,Abdul Jaleel. R.K,Male,93796,9th Grade,45,,,₹53.01 L,,tvk,221
Kadayanallur,PT,6,0,False,Bucket,Kavitha. R,Female,93797,10th Grade (SSLC),39,,,₹37.10 L,,others,221
Kadayanallur,TAVK,7,0,False,Camera,Shahin Fathima. A,Female,93798,Bachelor's Degree,31,,,₹10.95 L,,others,221
Kadayanallur,NIP,8,0,False,Spanner,Sureshkumar. S,Male,93799,Diploma / ITI,47,,,₹93.40 L,,others,221
Kadayanallur,AJPK,9,0,False,Gas cylinder,Rajan. B.S,Male,93680,8th Grade,55,,,₹4.29 L,,ajpk,221
Kadayanallur,SP,10,0,False,Diamond,Lakshmi. A,Female,93801,Primary (Up to 4th),35,,,₹nan,,others,221
Kadayanallur,IND,11,0,False,Matchbox,M.Arumugasamy,Male,93802,Bachelor's Degree,67,,,₹50.00 L,,independent,221
Kadayanallur,IND,12,0,False,Ship,Esakki. K,Male,93803,Bachelor's Degree,35,,,₹15.32 L,,independent,221
Kadayanallur,IND,13,0,False,Peas,Esakki Pandi. K,Male,93804,Master's Degree,42,,,"₹25,000",,independent,221
Kadayanallur,IND,14,0,False,Electric pole,Ganesan. M,Male,93805,10th Grade (SSLC),33,,,₹5.50 L,,independent,221
Kadayanallur,IND,15,0,False,Television,Seenivasan. S,Male,93806,12th Grade (HSC / +2),38,,,₹21.93 L,,independent,221
Kadayanallur,IND,16,0,False,Well,Nagarajan. L,Male,93807,Bachelor's Degree,29,,,₹77.12 L,,independent,221
Kadayanallur,IND,17,0,False,Telephone,Parthipan. V,Male,93808,Bachelor's Degree,35,,,₹7.32 L,,independent,221
Kadayanallur,IND,18,0,False,Coat,Barisha Banu. M,Female,93809,Bachelor's Degree,29,,,₹6.97 L,,independent,221
Kadayanallur,IND,19,0,False,CCTV Camera,Murugan. P,Male,93810,Bachelor's Degree,46,,,₹25.20 L,,independent,221
Kadayanallur,IND,20,0,False,Truck,S.Muruganantham,Male,93811,12th Grade (HSC / +2),68,,,₹84.80 L,,independent,221
Kadayanallur,IND,21,0,False,Gas Stove,Rajamaravan. S,Male,93812,Not Specified,42,,,₹nan,,independent,221
Kadayanallur,IND,22,0,False,Binoculars,Venkatesh. P,Male,93813,Bachelor's Degree,33,,,"₹50,000",,independent,221
Tenkasi,BSP,1,0,False,Elephant,Isaki Pandian,Male,93814,Not Specified,51,,,₹1.10 L,,others,222
Tenkasi,DMK,2,0,False,Rising sun,Dr.Kalai Kathiravan,Male,93815,Bachelor's Degree,38,,,₹48.76 L,,spa,222
Tenkasi,AIADMK,3,0,False,Two leaves,S.Selva Mohandas Pandian,Male,93816,Diploma / ITI,56,,,₹6.72 Cr,,nda,222
Tenkasi,NTK,4,0,False,Farmer Carrying Plough,P.Pushpalatha,Female,93817,Bachelor's Degree,41,,,₹50.27 L,,ntk,222
Tenkasi,TAVK,5,0,False,Camera,Gomathi Sankar,Male,93818,Not Specified,26,,,"₹25,000",,others,222
Tenkasi,NIP,6,0,False,Spanner,R.Selvakumar,Male,93819,10th Grade (SSLC),45,,,₹3.02 L,,others,222
Tenkasi,PT,7,0,False,Gas cylinder,S.Thirumalai Kumar,Male,93820,12th Grade (HSC / +2),33,,,"₹43,000",,others,222
Tenkasi,AIPTMMK,8,0,False,Coconut farm,M.Poosa Durai,Male,93821,Bachelor's Degree,38,,,₹76.01 L,,ajpk,222
Tenkasi,KDC,9,0,False,Matchbox,S.Manogaran,Male,93822,Not Specified,69,,,₹17.40 L,,others,222
Tenkasi,TVK,10,0,False,Whistle,A.Rajaprakash,Male,93823,Not Specified,38,,,₹nan,,tvk,222
Tenkasi,IND,11,0,False,Bicycle pump,Ganeshan. S,Male,93824,10th Grade (SSLC),64,,,₹nan,,independent,222
Tenkasi,IND,12,0,False,Battery Torch,K.M.Kaliappan,Male,93825,5th Grade,52,,,₹61.40 L,,independent,222
Tenkasi,IND,13,0,False,Bricks,R.Krishnan,Male,93826,Bachelor's Degree,31,,,₹48.97 L,,independent,222
Tenkasi,IND,14,0,False,Truck,Shahul Hameed,Male,93827,10th Grade (SSLC),25,,,"₹56,200",,independent,222
Tenkasi,IND,15,0,False,Pressure cooker,S.Thangapalam,Male,93828,Master's Degree,58,,,"₹65,000",,independent,222
Tenkasi,IND,16,0,False,Lady finger,Durairaj,Male,93829,Not Specified,55,,,₹nan,,independent,222
Tenkasi,IND,17,0,False,Electric pole,P.Noble Krishna,Male,93830,12th Grade (HSC / +2),28,,,"₹25,000",,independent,222
Tenkasi,IND,18,0,False,Helmet,G.Poorana Selvan,Male,93831,Diploma / ITI,30,,,₹9.55 L,,independent,222
Tenkasi,IND,19,0,False,Scissors,M.Ponnudurai,Male,93832,Bachelor's Degree,46,,,₹10.13 L,,independent,222
Tenkasi,IND,20,0,False,Brush,A.Mariappan,Male,93833,Bachelor's Degree,41,,,₹10.75 L,,independent,222
Tenkasi,IND,21,0,False,Road roller,K.Muthu,Male,93834,9th Grade,28,,,"₹25,140",,independent,222
Tenkasi,IND,22,0,False,Water melon,R.Ramkumar,Male,93835,10th Grade (SSLC),28,,,"₹18,000",,independent,222
Alangulam,DMK,1,0,True,Rising sun,Paul Manoj Pandian,Male,93836,Not Specified,54,,,₹nan,,spa,223
Alangulam,NTK,2,0,False,Farmer Carrying Plough,R Paulraj,Male,93837,Not Specified,38,,,₹1.63 Cr,,ntk,223
Alangulam,AIADMK,3,0,False,Two leaves,K R P Prabakaran,Male,93838,Bachelor's Degree,45,,,₹nan,,nda,223
Alangulam,PT,4,0,False,Gas cylinder,A Udhayakumar,Male,93839,Master's Degree,33,,,₹17.49 L,,others,223
Alangulam,TK,5,0,False,Matchbox,A Subash Chandra Bose,Male,93840,Diploma / ITI,27,,,"₹62,000",,others,223
Alangulam,AIPTMMK,6,0,False,Coconut farm,Madasamy,Male,93841,10th Grade (SSLC),47,,,₹29.52 L,,ajpk,223
Alangulam,TVK,7,0,False,Whistle,Vibin Chakkaravarthy,Male,93842,Bachelor's Degree,28,,,₹6.80 Cr,,tvk,223
Alangulam,IND,8,0,False,Electric pole,U Aravind,Male,93843,Bachelor's Degree,41,,,₹8.24 L,,independent,223
Alangulam,IND,9,0,False,Robot,K Arunkumar,Male,93844,Bachelor's Degree,35,,,₹30.95 L,,independent,223
Alangulam,IND,10,0,False,Ship,R Kotherimohideen,Male,93845,Bachelor's Degree,34,,,₹24.55 L,,independent,223
Alangulam,IND,11,0,False,Bench,T Marikumar,Male,93846,8th Grade,30,,,₹2.86 L,,independent,223
Alangulam,IND,12,0,False,Diamond,Jeyanthi,Female,93847,Master's Degree,35,,,₹21.52 L,,independent,223
Alangulam,IND,13,0,False,Laptop,W Jayson,Male,93848,Bachelor's Degree,30,,,₹46.35 L,,independent,223
Tirunelveli,AIADMK,1,0,False,Two leaves,Thachai Ganesaraja,Male,93849,10th Grade (SSLC),64,,,₹11.41 Cr,,nda,224
Tirunelveli,NTK,2,0,False,Farmer Carrying Plough,Sathya. B,Female,93850,Bachelor's Degree,48,,,₹1.45 Cr,,ntk,224
Tirunelveli,DMK,3,0,False,Rising sun,Subramanian.S,Male,93851,Master's Degree,50,,,₹2.39 Cr,,spa,224
Tirunelveli,TAVK,4,0,False,Camera,Arumugaraj. S,Male,93852,Bachelor's Degree,48,,,₹1.70 Cr,,others,224
Tirunelveli,NIP,5,0,False,Spanner,Eswara Vadivu. S,Female,93853,Bachelor's Degree,46,,,₹2.73 L,,others,224
Tirunelveli,AJPK,6,0,False,Bat,Kannan. G,Male,93854,Diploma / ITI,53,,,₹1.64 L,,ajpk,224
Tirunelveli,BDP,7,0,False,Black board,Selvakumar Singh,Male,93855,Bachelor's Degree,29,,,₹1.56 L,,others,224
Tirunelveli,PMTDK,8,0,False,Baby walker,Chendur Maharajan,Male,93856,10th Grade (SSLC),37,,,₹nan,,others,224
Tirunelveli,TVK,9,0,False,Whistle,Murughan.R.S,Male,93857,8th Grade,58,,,₹18.52 Cr,,tvk,224
Tirunelveli,TPMK,10,0,False,Drill machine,Murugan. P,Male,93858,9th Grade,44,,,₹11.68 L,,others,224
Tirunelveli,PT,11,0,False,Gas cylinder,Dr.Shyam Krishnasamy,Male,93859,Not Specified,33,,,₹14.17 Cr,,others,224
Tirunelveli,IND,12,0,False,Television,Athisaya Pndiyan. V,Male,93860,Not Specified,52,,,"₹10,500",,independent,224
Tirunelveli,IND,13,0,False,Door bell,Esakkiraja. V,Male,93861,Bachelor's Degree,34,,,₹1.08 Cr,,independent,224
Tirunelveli,IND,14,0,False,Bread,Subramanian. E,Male,93862,7th Grade,29,,,"₹21,000",,independent,224
Tirunelveli,IND,15,0,False,Pressure cooker,Thalabathi Murugan. M,Male,93863,Not Specified,40,,,₹3.45 L,,independent,224
Tirunelveli,IND,16,0,False,Flute,Mugesh Subramanian,Male,93864,Diploma / ITI,32,,,₹1.98 L,,independent,224
Tirunelveli,IND,17,0,False,Coconut farm,Murugan.S,Male,93865,9th Grade,41,,,"₹21,000",,independent,224
Tirunelveli,IND,18,0,False,Cube,Murugalakshmanan,Male,93866,Bachelor's Degree,40,,,₹28.30 Cr,,independent,224
Tirunelveli,IND,19,0,False,Road roller,Veerabaghu. M,Male,93867,12th Grade (HSC / +2),44,,,₹4.38 L,,independent,224
Tirunelveli,IND,20,0,False,Sitar,Velayutham. P,Male,93868,12th Grade (HSC / +2),48,,,₹6.39 L,,independent,224
Ambasamudram,AIADMK,1,0,False,Two leaves,Dr.Esakki Subaya,Male,93869,Bachelor's Degree,61,,,₹nan,,nda,225
Ambasamudram,BSP,2,0,False,Elephant,R.Esaikannan,Male,93870,Bachelor's Degree,32,,,₹2.45 L,,others,225
Ambasamudram,NTK,3,0,False,Farmer Carrying Plough,Dr.V.Sivasankaran,Male,93871,Bachelor's Degree,38,,,₹56.57 L,,ntk,225
Ambasamudram,INC,4,0,False,Hand,V.P.Durai,Male,93872,Bachelor's Degree,43,,,₹52.30 L,,spa,225
Ambasamudram,TVK,5,0,False,Whistle,S.Rajagopal,Male,93873,Diploma / ITI,37,,,₹2.42 Cr,,tvk,225
Palayamkottai,DMK,1,0,False,Rising sun,M.Abdul Wahab,Male,93874,Bachelor's Degree,59,,,₹39.56 L,,spa,226
Palayamkottai,NTK,2,0,False,Farmer Carrying Plough,Sankara Narayanan Alias Saran,Male,93875,Bachelor's Degree,28,,,₹1.09 Cr,,ntk,226
Palayamkottai,AIADMK,3,0,False,Two leaves,Syed Sulthan Samsudeen,Male,93876,Bachelor's Degree,34,,,₹48.61 L,,nda,226
Palayamkottai,PMTDK,4,0,False,Baby walker,Esakkimuthu,Male,93877,8th Grade,36,,,₹5.52 L,,others,226
Palayamkottai,TAVK,5,0,False,Camera,T.A.Umar,Male,93878,Not Specified,52,,,₹40.00 L,,others,226
Palayamkottai,NIP,6,0,False,Spanner,S.Thangadurai,Male,93879,6th Grade,55,,,₹3.90 L,,others,226
Palayamkottai,TVK,7,0,False,Whistle,Maria John,Male,93880,8th Grade,69,,,₹82.04 Cr,,tvk,226
Palayamkottai,IND,8,0,False,Gas cylinder,Abdul Koya,Male,93881,8th Grade,42,,,₹7.18 L,,independent,226
Palayamkottai,IND,9,0,False,Hand cart,Karthick Narayanan S,Male,93882,Bachelor's Degree,50,,,₹1.35 Cr,,independent,226
Palayamkottai,IND,10,0,False,Football player,D.Santhiyagappar Antony,Male,93883,10th Grade (SSLC),28,,,"₹53,000",,independent,226
Palayamkottai,IND,11,0,False,Pen drive,A.Sudhahar,Male,93884,Bachelor's Degree,47,,,₹2.09 L,,independent,226
Palayamkottai,IND,12,0,False,Bricks,R.Sesu,Male,93885,Diploma / ITI,33,,,₹26.46 L,,independent,226
Palayamkottai,IND,13,0,False,Diamond,Nallakkannu Alias Karthic.K,Male,93886,Bachelor's Degree,39,,,₹1.00 L,,independent,226
Palayamkottai,IND,14,0,False,Matchbox,Paulraj.V,Male,93887,Bachelor's Degree,37,,,₹1.69 Cr,,independent,226
Palayamkottai,IND,15,0,False,Television,M.Manikandan,Male,93888,5th Grade,32,,,"₹30,000",,independent,226
Palayamkottai,IND,16,0,False,Electric pole,V.George,Male,93889,Bachelor's Degree,60,,,₹29.61 L,,independent,226
Palayamkottai,IND,17,0,False,Slate,Srinivash,Male,93890,10th Grade (SSLC),36,,,₹2.73 L,,independent,226
Nanguneri,NTK,1,0,False,Farmer Carrying Plough,S.Selvam,Male,93891,Bachelor's Degree,44,,,₹10.05 L,,ntk,227
Nanguneri,INC,2,0,True,Hand,Ruby.R.Manoharan,Male,93892,10th Grade (SSLC),66,,,₹nan,,spa,227
Nanguneri,BSP,3,0,False,Elephant,R.Janarthanan,Male,93893,Diploma / ITI,31,,,₹7.59 L,,others,227
Nanguneri,AMMK,4,0,False,Pressure cooker,R.Esakkimuthu,Male,93894,Bachelor's Degree,39,,,₹55.23 Cr,,nda,227
Nanguneri,NIP,5,0,False,Spanner,S.Shunmuga Sundaram,Male,93895,12th Grade (HSC / +2),39,,,"₹56,000",,others,227
Nanguneri,TAVK,6,0,False,Camera,Chithirai Selvan,Male,93896,Bachelor's Degree,44,,,₹11.93 L,,others,227
Nanguneri,PT,7,0,False,Gas cylinder,Tamilselvi,Female,93897,Not Specified,48,,,₹1.21 L,,others,227
Nanguneri,PMTDK,8,0,False,Baby walker,Thulasi Sudalai,Male,93898,8th Grade,32,,,₹15.12 L,,others,227
Nanguneri,TVK,9,0,False,Whistle,Reddiarpatti V.Narayanan,Male,93899,10th Grade (SSLC),37,,,₹2.05 L,,tvk,227
Nanguneri,TPMK,10,0,False,Drill machine,Krish.Mariappan,Male,93900,9th Grade,46,,,₹nan,,others,227
Nanguneri,AIPTMMK,11,0,False,Coconut farm,Dr.S.Vellai Durai,Male,93901,Doctorate (Ph.D / MD),61,,,₹34.72 L,,ajpk,227
Nanguneri,IND,12,0,False,Pen drive,M.Aruna,Female,93902,8th Grade,37,,,₹34.82 L,,independent,227
Nanguneri,IND,13,0,False,Flute,R.Ananthi,Female,93903,Bachelor's Degree,30,,,₹7.16 L,,independent,227
Nanguneri,IND,14,0,False,Diamond,N.Kalaberumal,Male,93904,Master's Degree,49,,,₹86.92 L,,independent,227
Nanguneri,IND,15,0,False,Mixee,M.Kumar,Male,93905,6th Grade,35,,,₹nan,,independent,227
Nanguneri,IND,16,0,False,Gas Stove,T.Sankar,Male,93906,Not Specified,40,,,₹74.01 L,,independent,227
Nanguneri,IND,17,0,False,Bench,Shanmugam,Male,93907,Diploma / ITI,32,,,"₹11,000",,independent,227
Nanguneri,IND,18,0,False,Matchbox,Thanithangam,Female,93908,Master's Degree,45,,,₹3.31 Cr,,independent,227
Nanguneri,IND,19,0,False,Bucket,Nallakkannu Alias Karthic.K,Male,93909,Bachelor's Degree,39,,,₹1.00 L,,independent,227
Nanguneri,IND,20,0,False,Helmet,A.Rani Nadar Alias Pushparani,Female,93910,Bachelor's Degree,46,,,₹11.20 L,,independent,227
Nanguneri,IND,21,0,False,Telephone,S.Mariyappan,Male,93911,Bachelor's Degree,42,,,₹1.31 L,,independent,227
Nanguneri,IND,22,0,False,Ring,Sudaroli S.Murugan Yadhav,Male,93912,Bachelor's Degree,48,,,₹89.52 L,,independent,227
Nanguneri,IND,23,0,False,Biscuit,T.Rajkumar,Male,93913,10th Grade (SSLC),38,,,₹5.73 L,,independent,227
Nanguneri,IND,24,0,False,Chappals,T.Lingadurai,Male,93914,Master's Degree,41,,,₹13.85 L,,independent,227
Nanguneri,IND,25,0,False,Lady finger,Dev.P.Jegadeesan,Male,93915,Bachelor's Degree,60,,,₹5.79 Cr,,independent,227
Radhapuram,DMK,1,0,False,Rising sun,Appavu.M,Male,93916,Diploma / ITI,74,,,₹88.85 L,,spa,228
Radhapuram,BSP,2,0,False,Elephant,Essakkiammal.E,Female,93917,Master's Degree,46,,,₹64.43 L,,others,228
Radhapuram,NTK,3,0,False,Farmer Carrying Plough,Girija Thamaraipandian.D,Female,93918,Doctorate (Ph.D / MD),42,,,₹38.77 L,,ntk,228
Radhapuram,BJP,4,0,False,Lotus,Balakrishnan.S.P,Male,93919,9th Grade,58,,,₹24.48 Cr,,nda,228
Radhapuram,TVK,5,0,False,Whistle,Dr.Sathish Christopher,Male,93920,Not Specified,41,,,₹nan,,tvk,228
Radhapuram,NIP,6,0,False,Spanner,Jesurajendran.J,Male,93921,6th Grade,52,,,₹10.32 L,,others,228
Radhapuram,PMTDK,7,0,False,Baby walker,Mahalakshmi,Female,93922,10th Grade (SSLC),36,,,₹14.44 L,,others,228
Radhapuram,TPMK,8,0,False,Drill machine,Murugan.P,Male,93923,9th Grade,44,,,₹12.64 L,,others,228
Radhapuram,IND,9,0,False,Black board,Arunraj,Male,93924,Bachelor's Degree,35,,,₹nan,,independent,228
Radhapuram,IND,10,0,False,Laptop,Oliver Anton Navamoni. S,Male,93925,Master's Degree,47,,,₹nan,,independent,228
Radhapuram,IND,11,0,False,Flute,Ananthi.R,Female,93926,Bachelor's Degree,30,,,₹7.16 L,,independent,228
Radhapuram,IND,12,0,False,Bricks,Anand Prasad,Male,93927,12th Grade (HSC / +2),32,,,"₹22,000",,independent,228
Radhapuram,IND,13,0,False,Clip,Karthick.V,Male,93928,Not Specified,29,,,₹9.35 L,,independent,228
Radhapuram,IND,14,0,False,Ring,Kingsly Isacc Jebaraj.S,Male,93929,10th Grade (SSLC),45,,,₹21.29 L,,independent,228
Radhapuram,IND,15,0,False,Tennis racket & ball,Sundarajan.S,Male,93930,8th Grade,51,,,₹14.52 L,,independent,228
Radhapuram,IND,16,0,False,Bat,Selvan.T,Male,93931,10th Grade (SSLC),44,,,₹nan,,independent,228
Radhapuram,IND,17,0,False,Bicycle pump,Daniel.A,Male,93932,9th Grade,61,,,₹13.02 L,,independent,228
Radhapuram,IND,18,0,False,Pen nib with seven rays,Pon Santhana Kumaran.R,Male,93933,Diploma / ITI,37,,,₹15.74 L,,independent,228
Radhapuram,IND,19,0,False,Batsman,Manikandan.A.I,Male,93934,9th Grade,44,,,₹29.53 L,,independent,228
Radhapuram,IND,20,0,False,Brief case,Manikandan.S,Male,93935,Diploma / ITI,33,,,"₹90,000",,independent,228
Radhapuram,IND,21,0,False,Cutting pliers,Manikandan.L,Male,93936,Diploma / ITI,37,,,₹5.59 L,,independent,228
Radhapuram,IND,22,0,False,T.V.Remote,Rajan.P,Male,93937,Bachelor's Degree,43,,,"₹45,000",,independent,228
Radhapuram,IND,23,0,False,Coconut farm,Jeyaraj.P V S,Male,93938,Bachelor's Degree,78,,,"₹11,500",,independent,228
Kanniyakumari,AIADMK,1,0,True,Two leaves,Thalavai Sundaram. N,Male,93939,Bachelor's Degree,67,,,₹2.08 Cr,,nda,229
Kanniyakumari,DMK,2,0,False,Rising sun,Mahesh.R,Male,93940,Bachelor's Degree,60,,,₹1.48 Cr,,spa,229
Kanniyakumari,NTK,3,0,False,Farmer Carrying Plough,Maria Jennifer,Female,93941,Master's Degree,44,,,₹6.41 Cr,,ntk,229
Kanniyakumari,CPIML Red Star,4,0,False,Gas cylinder,Manavai Kannan. M,Male,93942,10th Grade (SSLC),39,,,₹20.86 L,,others,229
Kanniyakumari,NIP,5,0,False,Spanner,Sivalingam.C,Male,93943,12th Grade (HSC / +2),32,,,₹42.71 L,,others,229
Kanniyakumari,TVK,6,0,False,Whistle,Madhavan.S.R,Male,93944,Diploma / ITI,47,,,₹1.47 Cr,,tvk,229
Kanniyakumari,TAVK,7,0,False,Camera,Reagon Anto.J,Male,93945,Bachelor's Degree,35,,,₹65.83 L,,others,229
Kanniyakumari,TPMK,8,0,False,Drill machine,Srikrishnakumar.K,Male,93946,Bachelor's Degree,31,,,₹1.42 L,,others,229
Kanniyakumari,IND,9,0,False,Air conditioner,Kanagaraj.T,Male,93947,Bachelor's Degree,67,,,"₹40,000",,independent,229
Kanniyakumari,IND,10,0,False,Almirah,Sudhagar.R,Male,93948,8th Grade,43,,,₹1.20 Cr,,independent,229
Kanniyakumari,IND,11,0,False,Grapes,David Sahaya Bascar,Male,93949,10th Grade (SSLC),56,,,₹6.91 L,,independent,229
Kanniyakumari,IND,12,0,False,Bat,Thanuneelan . S,Male,93950,12th Grade (HSC / +2),31,,,₹1.24 L,,independent,229
Kanniyakumari,IND,13,0,False,Balloon,Ramakrishnan.C,Male,93951,12th Grade (HSC / +2),53,,,₹8.56 L,,independent,229
Kanniyakumari,IND,14,0,False,Baby walker,Rajan. S,Male,93952,Bachelor's Degree,39,,,₹3.00 L,,independent,229
Nagercoil,DMK,1,0,False,Rising sun,Austin,Male,93953,Master's Degree,67,,,₹2.38 Cr,,spa,230
Nagercoil,BJP,2,0,True,Lotus,Gandhi M R,Male,93954,Not Specified,81,,,₹5.26 L,,nda,230
Nagercoil,NTK,3,0,False,Farmer Carrying Plough,Muthukumar M,Male,93955,Diploma / ITI,38,,,₹34.02 L,,ntk,230
Nagercoil,VKVIP,4,0,False,Cake,Antony Michael J,Male,93956,Bachelor's Degree,64,,,₹1.59 Cr,,others,230
Nagercoil,NIP,5,0,False,Spanner,Salate Kanagaraj A,Male,93957,7th Grade,51,,,₹5.00 L,,others,230
Nagercoil,NMK,6,0,False,Pen nib with seven rays,Dino T,Male,92745,Master's Degree,41,,,₹1.00 L,,others,230
Nagercoil,TPMK,7,0,False,Drill machine,Nagarajan L,Male,91030,4th Grade,42,,,"₹6,000",,others,230
Nagercoil,TVK,8,0,False,Whistle,Bervin Kings G,Male,93960,Master's Degree,39,,,₹1.94 Cr,,tvk,230
Nagercoil,CPIML Red Star,9,0,False,Gas cylinder,Vallimayil P,Female,93961,12th Grade (HSC / +2),29,,,₹22.74 L,,others,230
Nagercoil,IND,10,0,False,Ship,Ajith Kumar A,Male,93962,10th Grade (SSLC),33,,,₹15.00 L,,independent,230
Nagercoil,IND,11,0,False,Television,Gunasekaran S,Male,93963,12th Grade (HSC / +2),50,,,₹80.81 L,,independent,230
Nagercoil,IND,12,0,False,Ring,Sivakumar A,Male,93964,12th Grade (HSC / +2),53,,,"₹60,000",,independent,230
Nagercoil,IND,13,0,False,CCTV Camera,Suyambulingam A,Male,93965,8th Grade,36,,,₹24.75 L,,independent,230
Nagercoil,IND,14,0,False,Cot,Suyambulingam P,Male,93966,Master's Degree,34,,,₹37.90 L,,independent,230
Nagercoil,IND,15,0,False,Computer,Dinesh,Male,93967,Bachelor's Degree,32,,,₹16.05 L,,independent,230
Nagercoil,IND,16,0,False,Camera,Nagoor Meeran Peer Mohamed U,Male,93968,6th Grade,66,,,"₹49,500",,independent,230
Nagercoil,IND,17,0,False,Diamond,Mohideen Faigee Alias Soorankudy Faigee,Male,93969,Master's Degree,60,,,₹19.35 L,,independent,230
Nagercoil,IND,18,0,False,Scissors,Retna Mony S,Male,93970,Diploma / ITI,72,,,₹6.00 L,,independent,230
Nagercoil,IND,19,0,False,Bat,Vairam Pillai S,Male,93971,5th Grade,66,,,₹1.25 L,,independent,230
Nagercoil,TAVK,20,0,False,Helmet,Jebarson S,Male,93972,12th Grade (HSC / +2),30,,,₹10.01 L,,others,230
Colachal,NTK,1,0,False,Farmer Carrying Plough,Ancy Shoba Rani. L,Female,93973,Master's Degree,38,,,₹1.82 Cr,,ntk,231
Colachal,BJP,2,0,False,Lotus,Sivakumar. T,Male,93974,Bachelor's Degree,51,,,₹52.85 L,,nda,231
Colachal,INC,3,0,False,Hand,Tharahai Cuthbert,Female,93975,Doctorate (Ph.D / MD),51,,,₹nan,,spa,231
Colachal,BSP,4,0,False,Elephant,Rajasingh. C,Male,93976,Bachelor's Degree,56,,,₹1.26 L,,others,231
Colachal,CPI(ML),5,0,False,Flag with three stars,Anthony Muthu. S.M,Male,93977,Master's Degree,61,,,₹1.01 L,,others,231
Colachal,TPMK,6,0,False,Drill machine,Ganesh. N,Male,93978,Master's Degree,41,,,₹7.36 L,,others,231
Colachal,AIPTMMK,7,0,False,Coconut farm,Christ Miller. S,Male,93979,Master's Degree,61,,,₹24.98 L,,ajpk,231
Colachal,NIP,8,0,False,Spanner,Koil Raj. R,Male,93980,10th Grade (SSLC),34,,,₹20.00 L,,others,231
Colachal,TVK,9,0,False,Whistle,Prem Alex Lawrence,Male,93981,Doctorate (Ph.D / MD),42,,,₹13.51 Cr,,tvk,231
Colachal,TAVK,10,0,False,Camera,Murali. M,Male,93982,Bachelor's Degree,55,,,₹50.13 L,,others,231
Colachal,IND,11,0,False,Boat with man and sail,Antony Alankaram. K,Male,93983,5th Grade,65,,,"₹70,831",,independent,231
Colachal,IND,12,0,False,Flute,Saravanan. M,Male,93984,10th Grade (SSLC),47,,,₹20.20 L,,independent,231
Colachal,IND,13,0,False,Diamond,Selvaraj. M,Male,93985,8th Grade,55,,,"₹99,000",,independent,231
Padmanabhapuram,NTK,1,0,False,Farmer Carrying Plough,Seelan,Male,93986,Bachelor's Degree,40,,,₹nan,,ntk,232
Padmanabhapuram,CPI(M),2,0,False,Hammer Sickle and Star,Chellaswamy. R,Male,93987,Bachelor's Degree,65,,,₹11.29 L,,spa,232
Padmanabhapuram,BJP,3,0,False,Lotus,Ramesh. P,Male,93988,Master's Degree,60,,,₹1.30 Cr,,nda,232
Padmanabhapuram,TVK,4,0,False,Whistle,Krishna Kumar. S,Male,93989,Diploma / ITI,33,,,₹25.54 L,,tvk,232
Padmanabhapuram,OMNP,5,0,False,Gas Stove,Syedali. A,Male,93990,12th Grade (HSC / +2),51,,,₹81.64 L,,others,232
Padmanabhapuram,TPMK,6,0,False,Drill machine,Rakesh Kumar. M,Male,93991,Diploma / ITI,30,,,₹1.15 L,,others,232
Padmanabhapuram,TAVK,7,0,False,Camera,Vaikundamani. N,Male,93992,6th Grade,40,,,₹2.18 L,,others,232
Padmanabhapuram,IND,8,0,False,Ship,Arul Mani. H,Male,93993,8th Grade,46,,,₹6.71 L,,independent,232
Padmanabhapuram,IND,9,0,False,Biscuit,Dr. Krishna Prasad. B,Male,93994,Not Specified,55,,,₹1.32 Cr,,independent,232
Padmanabhapuram,IND,10,0,False,Ring,Durai Raj. S,Male,93995,Bachelor's Degree,50,,,₹12.85 L,,independent,232
Padmanabhapuram,IND,11,0,False,Diamond,Vasanthi. R,Female,93996,Bachelor's Degree,42,,,₹72.06 L,,independent,232
Vilavancode,INC,1,0,False,Hand,Praveen T.T,Male,93997,Master's Degree,47,,,₹46.44 Cr,,spa,233
Vilavancode,NTK,2,0,False,Farmer Carrying Plough,Maria Stella,Female,93998,Master's Degree,44,,,"₹13,521",,ntk,233
Vilavancode,BJP,3,0,False,Lotus,Vijayadharani S,Female,93999,Bachelor's Degree,56,,,₹22.42 Cr,,nda,233
Vilavancode,VKVIP,4,0,False,Cake,Baiju T,Male,94000,Diploma / ITI,40,,,₹22.00 L,,others,233
Vilavancode,TVK,5,0,False,Whistle,Michael Kumar K,Male,94001,Master's Degree,57,,,₹1.77 Cr,,tvk,233
Vilavancode,AIJMK,6,0,False,Mixee,Mohan Kumar M,Male,94002,5th Grade,62,,,₹nan,,others,233
Vilavancode,TPMK,7,0,False,Drill machine,Venkadeasan. K,Male,94003,9th Grade,61,,,"₹50,000",,others,233
Vilavancode,RJD,8,0,False,Hurricane lamp,John Christopher T,Male,94004,Master's Degree,56,,,₹3.60 L,,others,233
Vilavancode,IND,9,0,False,Bucket,Krishnan M,Male,94005,10th Grade (SSLC),40,,,₹8.61 L,,independent,233
Vilavancode,IND,10,0,False,Boat with man and sail,David T,Male,94006,Master's Degree,72,,,₹8.89 L,,independent,233
Vilavancode,IND,11,0,False,Cauliflower,Praveen Kumar,Male,94007,Not Specified,44,,,₹nan,,independent,233
Vilavancode,IND,12,0,False,Ring,Muruganandha Prasad T,Male,94008,6th Grade,52,,,₹12.10 L,,independent,233
Vilavancode,IND,13,0,False,Biscuit,Joselal L.V,Male,94009,Master's Degree,45,,,₹57.90 L,,independent,233
Vilavancode,IND,14,0,False,Flute,Shibu Amose,Male,94010,12th Grade (HSC / +2),41,,,₹13.35 L,,independent,233
Killiyoor,BJP,1,0,False,Lotus,Nivin Simon. J,Male,94011,Doctorate (Ph.D / MD),38,,,₹2.59 Cr,,nda,234
Killiyoor,INC,2,0,True,Hand,Rajesh Kumar. S,Male,94012,Not Specified,51,,,₹nan,,spa,234
Killiyoor,NTK,3,0,False,Farmer Carrying Plough,Himlar,Male,94013,Bachelor's Degree,32,,,₹4.51 L,,ntk,234
Killiyoor,TVK,4,0,False,Whistle,Sabin. S,Male,94014,10th Grade (SSLC),32,,,₹nan,,tvk,234
Killiyoor,TPMK,5,0,False,Drill machine,Prabhu. S,Male,94015,12th Grade (HSC / +2),44,,,"₹70,000",,others,234
Killiyoor,TAVK,6,0,False,Camera,Rubin Antony,Male,94016,Diploma / ITI,30,,,₹nan,,others,234
Killiyoor,ICF,7,0,False,Ship,Justin. T,Male,94017,8th Grade,70,,,₹3.90 L,,others,234
Killiyoor,IND,8,0,False,Stethoscope,Dr. Ramachandran. M,Male,94018,Bachelor's Degree,60,,,₹nan,,independent,234
Killiyoor,IND,9,0,False,T.V.Remote,Satheesh. S,Male,91348,5th Grade,51,,,"₹58,000",,independent,234
Killiyoor,IND,10,0,False,Diamond,Ajai (Alias) Nagarajan,Male,94020,Diploma / ITI,37,,,₹37.20 L,,independent,234
Killiyoor,IND,11,0,False,Chappals,Berrila. L,Male,94021,Bachelor's Degree,38,,,₹20.00 L,,independent,234
Killiyoor,IND,12,0,False,Truck,Baby Raj. P,Male,94022,10th Grade (SSLC),54,,,"₹40,445",,independent,234
Killiyoor,IND,13,0,False,Bench,Justin. M,Male,94023,Bachelor's Degree,42,,,"₹60,000",,independent,234
