gender,acNo,age,symbol,incumbent,criminal,slNo,minister,alliance,party,profession,image,assets,name,id,education
Male,1,65,Rising sun,False,0,1,,spa,DMK,,,₹7.57 Cr,T.J.Govindarajan,90001,10th Grade (SSLC)
Male,1,40,Two leaves,False,0,2,,nda,AIADMK,,,₹5.62 Cr,Sudhakar.V,90002,12th Grade (HSC / +2)
Male,1,34,Elephant,False,0,3,,others,BSP,,,₹12.40 L,M.Jagadeesan,90003,Bachelor's Degree
Male,1,54,Farmer Carrying Plough,False,0,4,,ntk,NTK,,,₹1.10 Cr,R.Sridar. B.L,90004,Bachelor's Degree
Male,1,46,Gas cylinder,False,0,5,,ajpk,AJPK,,,₹nan,Sdk Sankar,90005,Bachelor's Degree
Male,1,51,Pestle and mortar,False,0,6,,others,VTVTK,,,₹6.06 L,K.Chandra Sekar,90006,Not Specified
Male,1,56,Whistle,False,0,7,,tvk,TVK,,,₹1.15 Cr,S.Vijayakumar,90007,Bachelor's Degree
Male,1,44,Diamond,False,0,8,,independent,IND,,,₹2.35 L,M.Kumaran,90008,Bachelor's Degree
Male,1,63,Letter box,False,0,9,,independent,IND,,,₹71.62 L,Gopal.K,90009,10th Grade (SSLC)
Male,1,43,Ship,False,0,10,,independent,IND,,,₹17.46 L,T.Govindan,90010,10th Grade (SSLC)
Male,1,43,Batsman,False,0,11,,independent,IND,,,₹6.80 Cr,A.H.Siva Ganesh,90011,Master's Degree
Male,1,35,Peas,False,0,12,,independent,IND,,,₹5.21 L,D.Sudhakar,90012,5th Grade
Male,1,40,Water melon,False,0,13,,independent,IND,,,"₹35,400",V.Sudhakar,90013,8th Grade
Male,1,42,Road roller,False,0,14,,independent,IND,,,₹2.62 Cr,D.Dinesh,90014,Master's Degree
Male,1,25,Crane,False,0,15,,independent,IND,,,₹4.67 L,G.Ranjith,90015,Bachelor's Degree
Male,2,53,Hand,True,0,1,,spa,INC,,,₹1.42 Cr,Durai Chandrasekar,90016,Bachelor's Degree
Male,2,46,Elephant,False,0,2,,others,BSP,,,₹22.65 L,Santhoshkumar.J,90017,Master's Degree
Male,2,64,Two leaves,False,0,3,,nda,AIADMK,,,₹1.89 Cr,Balaraman.P,90018,Master's Degree
Female,2,34,Farmer Carrying Plough,False,0,4,,ntk,NTK,,,₹16.00 L,Rajathi.M,90019,Bachelor's Degree
Male,2,47,Football player,False,0,5,,others,DMSK,,,"₹30,000",Ashok Priyadarshan,90020,Master's Degree
Male,2,46,Gas cylinder,False,0,6,,others,VBA,,,₹69.71 L,Raja.S,90021,Doctorate (Ph.D / MD)
Male,2,44,Camera,False,0,7,,others,TAVK,,,"₹44,370",Kotteeswaran. K,90022,10th Grade (SSLC)
Female,2,28,Matchbox,False,0,8,,others,TMMK,,,₹7.25 L,Malathi.S,90023,12th Grade (HSC / +2)
Male,2,67,Whistle,False,0,9,,tvk,TVK,,,₹5.04 Cr,Dr.Ravi.M.S,90024,Not Specified
Male,2,48,Batsman,False,0,10,,independent,IND,,,₹51.72 L,Nagaiyan.G,90025,10th Grade (SSLC)
Male,2,39,Brush,False,0,11,,independent,IND,,,₹7.57 L,Barathiraja.K,90026,10th Grade (SSLC)
Male,2,36,Pen drive,False,0,12,,independent,IND,,,₹3.39 L,Rajasekar.J,90027,Bachelor's Degree
Male,2,43,Water melon,False,0,13,,independent,IND,,,"₹4,338",Venkatesan.S,90028,Not Specified
Male,3,65,Two leaves,False,0,1,,nda,AIADMK,,,₹77.53 L,G.Hari,90029,Master's Degree
Male,3,63,Nagara,False,0,2,,spa,DMDK,,,₹4.27 Cr,D.Krishnamurthy,90030,10th Grade (SSLC)
Male,3,27,Farmer Carrying Plough,False,0,3,,ntk,NTK,,,₹78.01 L,Chandran .S.S,90031,Bachelor's Degree
Male,3,56,Elephant,False,0,4,,others,BSP,,,"₹21,200",Muthuraj.G,90032,Not Specified
Male,3,38,Whistle,False,0,5,,tvk,TVK,,,₹4.34 Cr,M.Sathya Kumar,90033,Not Specified
Male,3,37,Matchbox,False,0,6,,others,TK,,,₹2.08 L,Balaji.A,90034,Bachelor's Degree
Male,3,47,Camera,False,0,7,,others,TAVK,,,"₹30,000",Pavendhan.Y.R,90035,Master's Degree
Male,3,29,Diamond,False,0,8,,independent,IND,,,₹7.73 Cr,Krishnamoorthy.K,90036,Not Specified
Male,3,45,Pestle and mortar,False,0,9,,independent,IND,,,₹20.04 L,Krishnamoorthy.D,90037,12th Grade (HSC / +2)
Male,3,52,Noodles bowl,False,0,10,,independent,IND,,,₹15.21 L,Krishnamoorthy.M,90038,Bachelor's Degree
Male,3,57,Gas cylinder,False,0,11,,independent,IND,,,"₹50,000",Shettu.S,90039,Bachelor's Degree
Male,3,43,Bangles,False,0,12,,independent,IND,,,₹16.20 L,Dr.A.V.Narendran,90040,Not Specified
Male,3,35,Bucket,False,0,13,,independent,IND,,,"₹25,000",Jambu.B,90041,Bachelor's Degree
Male,4,58,Rising sun,False,0,1,,spa,DMK,,,₹127.21 Cr,V.G.Raajendran,90042,Diploma / ITI
Male,4,47,Farmer Carrying Plough,False,0,2,,ntk,NTK,,,"₹13,500",K.Senthilkumar,90043,9th Grade
Male,4,58,Two leaves,False,0,3,,nda,AIADMK,,,₹6.84 Cr,Be Vee Ramanah,90044,Not Specified
Male,4,42,Elephant,False,0,4,,others,BSP,,,₹1.00 L,B.Rajesh Kumar,90045,Bachelor's Degree
Male,4,49,Whistle,False,0,5,,tvk,TVK,,,₹1.09 Cr,Dr. T.Arunkumar,90046,Master's Degree
Male,4,68,Ganna kisan,False,0,6,,others,RPI (A),,,"₹41,247",E.Mani,90047,Master's Degree
Male,4,45,Camera,False,0,7,,others,TAVK,,,₹nan,E.Rajarathinam,90048,Not Specified
Male,4,50,Gas cylinder,False,0,8,,ajpk,AJPK,,,₹66.17 L,N.Venkatesan,90049,Bachelor's Degree
Male,4,38,Rubber stamp,False,0,9,,independent,IND,,,₹2.28 L,E.Kothandan,90050,Master's Degree
Male,4,30,Cot,False,0,10,,independent,IND,,,₹45.09 L,N.Nagendrababu,90051,Bachelor's Degree
Male,4,49,Diamond,False,0,11,,independent,IND,,,₹7.24 L,N.Balakrishnan,90052,8th Grade
Male,4,56,Can,False,0,12,,independent,IND,,,₹18.90 L,R.Ramanan,90053,HSE
Male,4,59,Water tank,False,0,13,,independent,IND,,,₹6.39 L,G.Rajendiran,90054,Master's Degree
Male,4,62,Plate stand,False,0,14,,independent,IND,,,₹8.16 L,S.Rajendran,90055,5th Grade
Male,5,60,Rising sun,True,0,1,,spa,DMK,,,₹10.25 Cr,Krishnaswamy.A,90056,Bachelor's Degree
Female,5,45,Farmer Carrying Plough,False,0,2,,ntk,NTK,,,₹7.53 L,Mekala.J,90057,Not Specified
Male,5,33,Elephant,False,0,3,,others,BSP,,,₹6.11 L,Rajasekaran.K,90058,12th Grade (HSC / +2)
Male,5,62,Pressure cooker,False,0,4,,nda,AMMK,,,₹81.72 L,Elumalai.T.A,90059,Bachelor's Degree
Male,5,44,Whistle,False,0,5,,tvk,TVK,,,"₹75,000",Prakasam.R,90060,10th Grade (SSLC)
Male,5,56,Belt,False,0,6,,independent,IND,,,"₹41,000",Sivakumar.S,90061,Bachelor's Degree
Male,5,58,Box,False,0,7,,independent,IND,,,"₹26,030",Dhasarathan.R,92897,6th Grade
Male,5,56,Saw,False,0,8,,independent,IND,,,"₹16,600",Purushothaman.B,90063,10th Grade (SSLC)
Male,5,37,Diamond,False,0,9,,independent,IND,,,₹3.70 L,Ravikumar.M,90064,9th Grade
Male,5,49,Batsman,False,0,10,,independent,IND,,,"₹41,555",Velu.S,90065,Bachelor's Degree
Female,5,50,Swing,False,0,11,,independent,IND,,,₹10.95 L,Dr.Jayanthi.R,90066,Doctorate (Ph.D / MD)
Male,6,45,Elephant,False,0,1,,others,BSP,,,"₹73,000",S.Charles,90067,12th Grade (HSC / +2)
Male,6,66,Rising sun,False,0,2,,spa,DMK,,,₹2.08 Cr,S.M.Nasar,90068,10th Grade (SSLC)
Female,6,32,Farmer Carrying Plough,False,0,3,,ntk,NTK,,,₹12.39 L,Punitha Shanmugam,90069,Doctorate (Ph.D / MD)
Male,6,49,Lotus,False,0,4,,nda,BJP,,,₹59.44 L,Rajasimha Mahendra,90070,12th Grade (HSC / +2)
Male,6,53,Camera,False,0,5,,others,TAVK,,,₹1.31 Cr,R.Edmund Jayendren,90071,Bachelor's Degree
Male,6,70,Truck,False,0,6,,others,ACDP,,,₹nan,C.S.Karnan,90072,Not Specified
Male,6,51,Jackfruit,False,0,7,,others,APTADMK,,,"₹30,000",Senthilkumar. S,90073,Diploma / ITI
Male,6,39,Coconut farm,False,0,8,,ajpk,AIPTMMK,,,₹nan,R.Bakthavatchalam,90074,12th Grade (HSC / +2)
Male,6,60,Whistle,False,0,9,,tvk,TVK,,,₹2.79 Cr,R.Ramesh Kumar,90075,Bachelor's Degree
Male,6,50,Walking stick,False,0,10,,others,SMNK,,,₹33.47 L,P.Jayakumar,90076,Not Specified
Male,6,52,Refrigerator,False,0,11,,independent,IND,,,₹7.20 L,K.Annamalai,90077,10th Grade (SSLC)
Male,6,30,Gramophone,False,0,12,,independent,IND,,,₹6.67 L,G.D.Arunkumar,90078,Bachelor's Degree
Male,6,42,Cauliflower,False,0,13,,independent,IND,,,₹8.42 L,M.Erajasimman,90079,Bachelor's Degree
Male,6,49,Pen nib with seven rays,False,0,14,,independent,IND,,,₹12.19 L,R.Kumar,90080,Not Specified
Male,6,48,Fountain,False,0,15,,independent,IND,,,₹26.87 L,S.Senthilkumar,90081,Bachelor's Degree
Male,6,58,Gas cylinder,False,0,16,,independent,IND,,,₹5.73 L,P.Chellapandian,90082,Bachelor's Degree
Male,6,47,Lady finger,False,0,17,,independent,IND,,,₹1.53 L,K.Balakrishnan,90083,Bachelor's Degree
Male,6,34,Envelope,False,0,18,,independent,IND,,,₹6.48 L,R.Manikandan,90084,Master's Degree
Male,6,29,Scissors,False,0,19,,independent,IND,,,₹7.62 L,Uniesh Raj. M,90085,Master's Degree
Male,6,27,Brush,False,0,20,,independent,IND,,,₹6.51 L,Rajasekar. R,90086,Bachelor's Degree
Male,7,67,Rising sun,True,0,1,,spa,DMK,,,₹10.66 L,Ganapathy. K,90087,8th Grade
Male,7,56,Two leaves,False,0,2,,nda,AIADMK,,,₹2.00 Cr,P.Benjamin,90088,Bachelor's Degree
Female,7,32,Farmer Carrying Plough,False,0,3,,ntk,NTK,,,₹7.23 L,Revathi L,90089,10th Grade (SSLC)
Male,7,43,Pen nib with seven rays,False,0,4,,others,NMK,,,₹44.05 L,Agni Selvaraju. J,90090,Master's Degree
Male,7,57,Pan,False,0,5,,others,AMGRDMAK,,,₹19.50 L,Muthuraman. S,90091,12th Grade (HSC / +2)
Male,7,31,Spanner,False,0,6,,others,NIP,,,₹1.37 L,Murali. S,90092,12th Grade (HSC / +2)
Male,7,30,Whistle,False,0,7,,tvk,TVK,,,₹7.02 Cr,Rhevanth Charan,90093,Not Specified
Male,7,49,Pestle and mortar,False,0,8,,others,VTVTK,,,₹8.10 L,K.Venkatesan,90094,Not Specified
Male,7,51,Coconut farm,False,0,9,,ajpk,AIPTMMK,,,₹13.40 L,J.Venkatesan,90095,10th Grade (SSLC)
Male,7,52,Bead necklace,False,0,10,,independent,IND,,,₹11.47 L,D.Anandan,90096,Bachelor's Degree
Male,7,39,Diamond,False,0,11,,independent,IND,,,₹nan,K.Ganapathy,90097,9th Grade
Male,7,36,CCTV Camera,False,0,12,,independent,IND,,,₹2.41 L,V.Kamala Kannan,90098,8th Grade
Male,7,39,Gas cylinder,False,0,13,,independent,IND,,,₹3.17 Cr,Saravanan Kumar,90099,Doctorate (Ph.D / MD)
Male,7,34,Sitar,False,0,14,,independent,IND,,,₹nan,R.Siva,90100,Not Specified
Male,7,50,Bangles,False,0,15,,independent,IND,,,₹72.54 L,M.Balasubramanian,90101,Master's Degree
Male,7,38,Electric pole,False,0,16,,independent,IND,,,"₹10,000",S.Benjamin Moses,90102,Master's Degree
Male,7,62,Stethoscope,False,0,17,,independent,IND,,,"₹14,729",Ponmuthu Ramesh,90103,9th Grade
Male,7,30,Bucket,False,0,18,,independent,IND,,,₹16.36 L,N.A.Mani,90104,Bachelor's Degree
Male,7,27,Football player,False,0,19,,independent,IND,,,"₹26,092",R.Yuvaraj,90105,Bachelor's Degree
Male,7,31,Mixee,False,0,20,,independent,IND,,,₹23.06 L,Vignesh Nandagopal,90106,Master's Degree
Male,7,59,Cake,False,0,21,,independent,IND,,,₹2.63 L,M.James,90107,10th Grade (SSLC)
Male,8,35,Farmer Carrying Plough,False,0,1,,ntk,NTK,,,"₹87,340",Silambarasan,90108,Bachelor's Degree
Female,8,42,Elephant,False,0,2,,others,BSP,,,₹17.33 L,Dr. J.Sailas,90109,Bachelor's Degree
Female,8,33,Rising sun,False,0,3,,spa,DMK,,,₹1.72 Cr,Dr A.P.Poornima,90110,Not Specified
Male,8,70,Sitar,False,0,4,,others,NJP,,,₹6.30 L,A.Kalyanasundaram,90111,10th Grade (SSLC)
Male,8,55,Mango,False,0,5,,nda,PMK,,,₹14.41 Cr,K.N.Sekar,90112,8th Grade
Male,8,44,Whistle,False,0,6,,tvk,TVK,,,₹1.17 Cr,Balamurugan.G,90113,Diploma / ITI
Male,8,52,Diamond,False,0,7,,others,ISP,,,₹9.44 L,V.Ramkumar,90114,Bachelor's Degree
Male,8,30,Camera,False,0,8,,others,TAVK,,,₹nan,Rajkumar,90115,9th Grade
Male,8,46,Spanner,False,0,9,,others,NIP,,,₹80.19 L,D.Jeyaganesh,90116,10th Grade (SSLC)
Male,8,61,Gas cylinder,False,0,10,,independent,IND,,,₹6.62 L,M.S.Arumugam,90117,6th Grade
Male,8,50,Water tank,False,0,11,,independent,IND,,,₹2.56 L,P.Arumugam,90118,Bachelor's Degree
Male,8,65,Bangles,False,0,12,,independent,IND,,,₹nan,G.Sampath,90119,Bachelor's Degree
Male,8,55,Air conditioner,False,0,13,,independent,IND,,,₹4.24 L,K.Sekar,90120,8th Grade
Male,8,61,Dish antenna,False,0,14,,independent,IND,,,₹1.46 L,G.P.Sekar,90121,4th Grade
Male,8,46,Batsman,False,0,15,,independent,IND,,,₹30.13 L,Palani,90122,Diploma / ITI
Male,8,49,CCTV Camera,False,0,16,,independent,IND,,,₹1.39 L,R.Balamurugan,90123,10th Grade (SSLC)
Male,8,37,Television,False,0,17,,independent,IND,,,₹4.51 Cr,Dr. S.Praveen,90124,Master's Degree
Female,8,50,Carrom board,False,0,18,,independent,IND,,,₹20.26 L,D.Pushpa,90125,7th Grade
Male,8,28,Football player,False,0,19,,independent,IND,,,₹6.28 L,S.Madhavan,90126,Bachelor's Degree
Male,8,38,Telephone,False,0,20,,independent,IND,,,₹1.07 L,D.K.Meshack Kirubakaran,90127,Bachelor's Degree
Male,8,35,Ship,False,0,21,,independent,IND,,,₹42.70 L,Vinayagamoorthy.R,90128,12th Grade (HSC / +2)
Male,8,32,Matchbox,False,0,22,,independent,IND,,,₹11.92 L,S.Janarthanan,90129,Bachelor's Degree
Female,8,41,Balloon,False,0,23,,independent,IND,,,₹7.35 L,Jothi.M,90130,10th Grade (SSLC)
Female,9,28,Farmer Carrying Plough,False,0,1,,ntk,NTK,,,₹40.88 L,E.Krithika,90131,Bachelor's Degree
Male,9,67,Rising sun,False,0,2,,spa,DMK,,,₹43.20 Cr,S.Sudharsanam,90132,Bachelor's Degree
Male,9,67,Two leaves,False,0,3,,nda,AIADMK,,,₹16.03 L,Madhavaram V.Moorthy,90133,Bachelor's Degree
Male,9,53,Elephant,False,0,4,,others,BSP,,,₹7.05 L,N.Janakiraman,90134,Bachelor's Degree
Male,9,51,Camera,False,0,5,,others,TAVK,,,₹6.40 L,R.Karthikeyan,90135,Bachelor's Degree
Male,9,40,Pen nib with seven rays,False,0,6,,others,NMK,,,₹1.08 L,I.Raffik,90136,Bachelor's Degree
Male,9,37,Whistle,False,0,7,,tvk,TVK,,,₹55.26 L,M.L.Vijayprabhu,90137,Bachelor's Degree
Male,9,54,Chain,False,0,8,,independent,IND,,,₹7.19 L,S.Sivakumar,90138,Bachelor's Degree
Male,9,67,Diamond,False,0,9,,independent,IND,,,₹3.49 L,Sudarsanam,90139,Not Specified
Male,9,39,Peas,False,0,10,,independent,IND,,,"₹3,000",A.Nagarajan,90140,Not Specified
Male,9,53,Ship,False,0,11,,independent,IND,,,₹5.45 L,R.S.Balaji,90141,Diploma / ITI
Male,9,40,Tooth brush,False,0,12,,independent,IND,,,"₹4,000",G.Prabu,90142,Diploma / ITI
Male,9,60,Saw,False,0,13,,independent,IND,,,"₹24,000",A.Ponnalagan,90143,Not Specified
Male,9,42,Electric pole,False,0,14,,independent,IND,,,"₹11,500",C.Moorthy,90144,Not Specified
Male,9,56,Wallet,False,0,15,,independent,IND,,,"₹4,000",V.Murthy,90145,Not Specified
Male,10,72,Two leaves,False,0,1,,nda,AIADMK,,,₹1.33 Cr,Kuppan. K,90146,Bachelor's Degree
Female,10,40,Farmer Carrying Plough,False,0,2,,ntk,NTK,,,₹1.69 Cr,Sathya. B,90147,10th Grade (SSLC)
Male,10,59,Hammer Sickle and Star,False,0,3,,spa,CPI(M),,,₹81.61 L,Sundararaj. L,90148,10th Grade (SSLC)
Male,10,46,Elephant,False,0,4,,others,BSP,,,₹1.28 L,Mahendra Kumar. D,90149,10th Grade (SSLC)
Female,10,55,Pestle and mortar,False,0,5,,others,VTVTK,,,"₹35,000",Sasirekha. M,90150,10th Grade (SSLC)
Male,10,46,Whistle,False,0,6,,tvk,TVK,,,₹83.21 L,Senthil Kumar. N,90151,Bachelor's Degree
Male,10,41,Ship,False,0,7,,others,DMA,,,₹nan,Dilli Kumar. R,90152,10th Grade (SSLC)
Male,10,28,Camera,False,0,8,,others,TAVK,,,₹2.45 L,Venkataramanan. J,90153,Bachelor's Degree
Male,10,32,Matchbox,False,0,9,,independent,IND,,,"₹2,000",Aravind. R,90154,Bachelor's Degree
Male,10,36,Gramophone,False,0,10,,independent,IND,,,₹1.69 L,Gopi. K,90155,Bachelor's Degree
Male,10,46,Door bell,False,0,11,,independent,IND,,,"₹10,000",Thanikasalam. B,90156,Diploma / ITI
Male,10,32,Boat with man and sail,False,0,12,,independent,IND,,,₹nan,Balaruban,90157,Bachelor's Degree
Male,10,57,Gas cylinder,False,0,13,,independent,IND,,,₹12.44 Cr,Michaelraj. M.A,90158,Bachelor's Degree
Male,10,31,Electric pole,False,0,14,,independent,IND,,,"₹18,043",Vijay. A,90159,12th Grade (HSC / +2)
Male,10,46,Wool and Needle,False,0,15,,independent,IND,,,₹40.00 L,Janagaraj,90160,8th Grade
Male,11,54,Two leaves,False,0,1,,nda,AIADMK,,,₹7.67 Cr,R.S.Raajesh,90161,Diploma / ITI
Female,11,42,Farmer Carrying Plough,False,0,2,,ntk,NTK,,,₹1.01 Cr,Vennila.T,90162,Master's Degree
Male,11,50,Rising sun,False,0,3,,spa,DMK,,,₹1.16 Cr,J.John Ebenezer,90163,Master's Degree
Male,11,73,Diamond,False,0,4,,others,MANK,,,₹nan,E.Raamadasan,90164,Bachelor's Degree
Male,11,26,Calculator,False,0,5,,others,SP,,,₹5.35 L,D.Karthikeyan,90165,Bachelor's Degree
Male,11,51,Matchbox,False,0,6,,others,TMMK,,,₹6.06 L,Chandrasekar,90166,Not Specified
Male,11,30,Camera,False,0,7,,others,TAVK,,,₹8.30 L,B.Navin,90167,Bachelor's Degree
Male,11,46,Whistle,False,0,8,,tvk,TVK,,,₹4.71 Cr,N.Marie Wilson,90168,Doctorate (Ph.D / MD)
Male,11,55,Scissors,False,0,9,,others,SUCI(C),,,₹nan,A.Mohanraj,90169,Not Specified
Female,11,43,Triangle,False,0,10,,independent,IND,,,₹6.40 L,Amudha.N,90170,10th Grade (SSLC)
Male,11,26,Biscuit,False,0,11,,independent,IND,,,₹nan,D.Ajith Kumar,90171,Not Specified
Male,11,42,Ship,False,0,12,,independent,IND,,,₹10.46 L,S.Emmanuvel,90172,10th Grade (SSLC)
Female,11,38,Baby walker,False,0,13,,independent,IND,,,₹10.55 L,A.Usha,90173,10th Grade (SSLC)
Male,11,51,Grapes,False,0,14,,independent,IND,,,₹10.51 L,R.Ethiraj,90174,12th Grade (HSC / +2)
Male,11,63,Bench,False,0,15,,independent,IND,,,₹3.76 L,V.Shankar,90175,10th Grade (SSLC)
Male,11,42,Chain,False,0,16,,independent,IND,,,₹3.43 L,M.Sathish,90176,10th Grade (SSLC)
Male,11,36,Road roller,False,0,17,,independent,IND,,,₹nan,J.Saravanakumar,90177,Not Specified
Male,11,50,Laptop,False,0,18,,independent,IND,,,₹5.65 L,L.Saravanan,90178,Bachelor's Degree
Male,11,31,Green chilli,False,0,19,,independent,IND,,,₹2.40 L,V.Sudhakar,90179,Bachelor's Degree
Male,11,31,Carpet,False,0,20,,independent,IND,,,₹53.74 L,K.Sujith,90180,Bachelor's Degree
Male,11,34,Electric pole,False,0,21,,independent,IND,,,₹6.70 L,R.Tamilarasan,90181,Master's Degree
Male,11,27,Sofa,False,0,22,,independent,IND,,,₹4.93 L,Tamilselvan,90182,Bachelor's Degree
Male,11,36,Coat,False,0,23,,independent,IND,,,₹7.65 L,R.Devakumar,90183,Bachelor's Degree
Male,11,37,Iron,False,0,24,,independent,IND,,,₹6.22 L,D.Prabhu,90184,Bachelor's Degree
Male,11,45,Cake,False,0,25,,independent,IND,,,₹nan,G.Bothi Rajan,90185,Not Specified
Male,11,28,Chimney,False,0,26,,independent,IND,,,"₹55,500",Manikandan.H,90186,Diploma / ITI
Male,11,36,Box,False,0,27,,independent,IND,,,₹nan,G.Madhan Kumar,90187,Not Specified
Male,11,35,Bat,False,0,28,,independent,IND,,,₹nan,V.Madhan Mohan,90188,Not Specified
Male,11,70,Mixee,False,0,29,,independent,IND,,,₹nan,P.Marimuthu,90189,Not Specified
Male,11,38,Carrom board,False,0,30,,independent,IND,,,"₹89,896",R.Muthu Chella Bharathi,90190,Master's Degree
Male,11,43,Pressure cooker,False,0,31,,independent,IND,,,₹3.90 L,K.Murali,90191,Bachelor's Degree
Male,11,26,Flute,False,0,32,,independent,IND,,,₹5.85 L,J.Murali Krishnan,90192,Bachelor's Degree
Male,11,65,Gas cylinder,False,0,33,,independent,IND,,,₹69.14 L,C.Rajamanickam,90193,Master's Degree
Male,11,42,Coconut farm,False,0,34,,independent,IND,,,₹64.10 L,J.Vijayan,90194,Diploma / ITI
Male,11,42,Robot,False,0,35,,independent,IND,,,₹nan,A.Vijay,90195,Not Specified
Male,11,29,Hand cart,False,0,36,,independent,IND,,,₹3.05 L,G.Vijay,90196,Diploma / ITI
Male,11,33,Ring,False,0,37,,independent,IND,,,₹1.90 L,C.Janarthanan,90197,Bachelor's Degree
Male,11,43,Mike,False,0,38,,independent,IND,,,₹4.66 L,D.Janarthanan,90198,Diploma / ITI
Male,12,59,Rising sun,False,0,1,,spa,DMK,,,₹nan,R.D.Shekar,90199,Bachelor's Degree
Male,12,40,Farmer Carrying Plough,False,0,2,,ntk,NTK,,,₹7.64 L,S.Vetri Thamizhan,90200,Master's Degree
Male,12,32,Elephant,False,0,3,,others,BSP,,,"₹11,000",Vetri Vel Selvam,90201,Bachelor's Degree
Male,12,29,Diamond,False,0,4,,others,TMGMK,,,₹56.00 L,Ashlin Belmen .A.S,90202,Diploma / ITI
Female,12,40,Matchbox,False,0,5,,others,TK,,,₹57.16 L,M.Geeta,90203,Bachelor's Degree
Male,12,52,Bucket,False,0,6,,others,MANK,,,₹8.80 L,Dr.R.Saravana Perumal,90204,Doctorate (Ph.D / MD)
Male,12,39,Scissors,False,0,7,,others,TTNP,,,₹32.38 L,Sivakumar.V,90205,Diploma / ITI
Male,12,42,Telephone,False,0,8,,others,MK,,,"₹59,000",S.Sureshkumar,90206,Bachelor's Degree
Male,12,49,Gas cylinder,False,0,9,,others,SUCI(C),,,"₹2,631",J.Sebastin,90207,10th Grade (SSLC)
Female,12,56,Mango,False,0,10,,nda,PMK,,,₹3.32 Cr,M.Thilagabama,90208,Bachelor's Degree
Male,12,41,Computer,False,0,11,,others,MMK,,,₹7.33 L,K.M.Devan,90209,Bachelor's Degree
Female,12,28,Pestle and mortar,False,0,12,,others,VTVTK,,,₹7.25 L,S.Malathi,90210,12th Grade (HSC / +2)
Male,12,51,Ganna kisan,False,0,13,,others,RPI (A),,,"₹5,500",A.Rajaram,90211,Bachelor's Degree
Male,12,29,Road roller,False,0,14,,others,AIJMK,,,₹2.86 L,Vijay,90212,Bachelor's Degree
Male,12,55,Camera,False,0,15,,others,TAVK,,,₹10.55 L,D.V.Venugopal,90213,10th Grade (SSLC)
Male,12,52,Whistle,False,0,16,,tvk,TVK,,,₹809.17 Cr,C.Joseph Vijay,90214,Bachelor's Degree
Male,12,45,Pressure cooker,False,0,17,,independent,IND,,,₹11.98 L,Agni Aalvar,90215,10th Grade (SSLC)
Female,12,58,Walking stick,False,0,18,,independent,IND,,,₹29.50 L,Amala.R,90216,9th Grade
Male,12,37,Battery Torch,False,0,19,,independent,IND,,,₹25.66 L,Azarutheen.M,90217,Bachelor's Degree
Male,12,68,Table,False,0,20,,independent,IND,,,"₹30,000",P.Esakki Muthu,90218,Not Specified
Male,12,56,Letter box,False,0,21,,independent,IND,,,₹nan,E.Udhaya Kumar,90219,7th Grade
Male,12,58,Trumpet,False,0,22,,independent,IND,,,₹55.90 L,M.Kadhiravan,90220,12th Grade (HSC / +2)
Male,12,56,Can,False,0,23,,independent,IND,,,₹nan,P.Gunasekar,90221,10th Grade (SSLC)
Male,12,42,Box,False,0,24,,independent,IND,,,₹33.91 L,B.Sathish Kumar,90222,Bachelor's Degree
Male,12,46,Robot,False,0,25,,independent,IND,,,₹73.66 L,Sathish.B,90223,Bachelor's Degree
Male,12,61,Binoculars,False,0,26,,independent,IND,,,₹nan,P.Thangamani,90224,8th Grade
Male,12,51,Bicycle pump,False,0,27,,independent,IND,,,"₹45,000",M.Tamilselvam,90225,6th Grade
Male,12,43,Ship,False,0,28,,independent,IND,,,₹2.65 L,H.Dhanasekar,90226,10th Grade (SSLC)
Female,12,46,Grapes,False,0,29,,independent,IND,,,₹1.08 L,M.I.Thahira Banu,90227,10th Grade (SSLC)
Female,12,32,Ring,False,0,30,,independent,IND,,,₹23.60 L,Nivetha,90228,Master's Degree
Male,12,37,Jackfruit,False,0,31,,independent,IND,,,₹3.55 L,B.Balaji,90229,12th Grade (HSC / +2)
Male,12,56,Cutting pliers,False,0,32,,independent,IND,,,₹4.60 L,P.Ponraj,90230,10th Grade (SSLC)
Male,12,53,Mike,False,0,33,,independent,IND,,,₹nan,Bowdharaj,90231,5th Grade
Male,12,28,Stethoscope,False,0,34,,independent,IND,,,₹6.26 L,Dr.D.Madan,90232,Doctorate (Ph.D / MD)
Male,12,46,CCTV Camera,False,0,35,,independent,IND,,,₹nan,Dr.G.Moorthy,90233,Doctorate (Ph.D / MD)
Male,12,41,Bat,False,0,36,,independent,IND,,,₹1.27 L,S.Michael,90234,Bachelor's Degree
Male,12,40,Biscuit,False,0,37,,independent,IND,,,₹1.45 L,S.Ramesh,90235,Bachelor's Degree
Male,12,51,Tea filter,False,0,38,,independent,IND,,,₹1.15 L,V.Raji,90236,Not Specified
Male,12,51,Balloon,False,0,39,,independent,IND,,,₹1.80 L,S.Rajesh Kumar,90237,Diploma / ITI
Male,12,37,Batsman,False,0,40,,independent,IND,,,₹55.66 L,Reegan Prabhu,90238,Diploma / ITI
Male,12,33,Pen nib with seven rays,False,0,41,,independent,IND,,,"₹93,000",G.Ruthra Kumar,90239,Bachelor's Degree
Male,12,35,Gramophone,False,0,42,,independent,IND,,,₹51.97 L,Vijay. G,90240,Diploma / ITI
Male,12,29,Pillow,False,0,43,,independent,IND,,,₹33.00 L,S.Vishnu Varthan,90241,Bachelor's Degree
Male,12,47,Coconut farm,False,0,44,,independent,IND,,,₹1.07 L,B.Venkatesan,90242,Master's Degree
Male,12,60,Helmet,False,0,45,,independent,IND,,,₹2.01 Cr,R.Jayaseelan,90243,5th Grade
Male,12,65,Pen drive,False,0,46,,independent,IND,,,₹46.97 L,S.Joseph,90244,Master's Degree
Male,12,49,Noodles bowl,False,0,47,,independent,IND,,,₹3.88 L,M.Joseph,90245,12th Grade (HSC / +2)
Male,13,51,Two leaves,False,0,1,,nda,AIADMK,,,₹79.49 L,P.Santhana Krishnan,90246,Diploma / ITI
Female,13,37,Elephant,False,0,2,,others,BSP,,,₹11.36 L,Subashini,90247,Master's Degree
Male,13,53,Farmer Carrying Plough,False,0,3,,ntk,NTK,,,₹44.13 L,Soundara Pandian Luder Seth,90248,Bachelor's Degree
Male,13,72,Rising sun,True,0,4,True,spa,DMK,,,₹6.01 Cr,M.K.Stalin,90249,Bachelor's Degree
Male,13,48,Bangles,False,0,5,,others,SP,,,"₹41,000",Aathithya,90250,Not Specified
Male,13,73,Gas cylinder,False,0,6,,others,MANK,,,₹5.31 L,E.Raamadasan,90251,10th Grade (SSLC)
Female,13,42,Camera,False,0,7,,others,TAVK,,,₹nan,Oormila,90252,Not Specified
Male,13,49,Pestle and mortar,False,0,8,,others,VTVTK,,,₹nan,K.Elumalai,90253,Not Specified
Male,13,71,Balloon,False,0,9,,others,DMSK,,,"₹49,000",Sivagnanasam,90254,Doctorate (Ph.D / MD)
Male,13,32,Ganna kisan,False,0,10,,others,RPI (A),,,"₹2,200",S.Y.Syed Yusuf,90255,Bachelor's Degree
Male,13,75,Whistle,False,0,11,,tvk,TVK,,,₹36.38 L,V.S.Babu,90256,8th Grade
Male,13,44,Table,False,0,12,,independent,IND,,,"₹26,500",Arul Doss. A,90257,Not Specified
Male,13,34,Hand cart,False,0,13,,independent,IND,,,₹6.46 L,Kaja Maideen,90258,6th Grade
Male,13,46,Ship,False,0,14,,independent,IND,,,"₹47,500",V.A.Sudhakar,90259,10th Grade (SSLC)
Male,13,39,Mike,False,0,15,,independent,IND,,,₹56.52 L,M.Suresh,90260,10th Grade (SSLC)
Male,13,51,Iron,False,0,16,,independent,IND,,,"₹1,000",J.Suriya Muthu,90261,10th Grade (SSLC)
Male,13,45,Diamond,False,0,17,,independent,IND,,,₹4.32 L,R.Senthil Kumar,90262,Bachelor's Degree
Female,13,26,Boat with man and sail,False,0,18,,independent,IND,,,₹1.71 Cr,Selvi Steffi. V.M,90263,Master's Degree
Male,13,34,Helmet,False,0,19,,independent,IND,,,₹2.30 L,Nanda Kumar,93800,9th Grade
Male,13,33,Matchbox,False,0,20,,independent,IND,,,₹22.20 L,A.L.Naresh Kumar,90265,10th Grade (SSLC)
Male,13,34,Bat,False,0,21,,independent,IND,,,₹6.03 L,V.Naresh Babu,90266,Bachelor's Degree
Male,13,40,Ring,False,0,22,,independent,IND,,,"₹51,343",K.Panneer Selvam,90267,Bachelor's Degree
Male,13,49,Electric pole,False,0,23,,independent,IND,,,"₹76,000",S.Balachandar,90268,10th Grade (SSLC)
Male,13,36,Carrom board,False,0,24,,independent,IND,,,"₹1,125",R.Balaji,90269,Bachelor's Degree
Female,13,44,CCTV Camera,False,0,25,,independent,IND,,,₹1.86 Cr,M.Poornima,90270,Master's Degree
Male,13,35,Road roller,False,0,26,,independent,IND,,,₹13.12 L,R.Mahesh,90271,Not Specified
Male,13,45,Bucket,False,0,27,,independent,IND,,,₹20.50 L,P.Milany,90272,Bachelor's Degree
Male,13,33,Football player,False,0,28,,independent,IND,,,"₹3,590",R.Ravikumar,90273,Bachelor's Degree
Male,13,45,Pen nib with seven rays,False,0,29,,independent,IND,,,₹1.00 L,R.Raj Guru,90274,8th Grade
Male,13,71,Gas Stove,False,0,30,,independent,IND,,,₹12.86 L,Raja. G,90275,10th Grade (SSLC)
Male,13,60,Walking stick,False,0,31,,independent,IND,,,₹2.33 L,A.Raji,90276,10th Grade (SSLC)
Male,13,36,Door bell,False,0,32,,independent,IND,,,"₹18,841",M.Rajeshkumar,90277,Bachelor's Degree
Male,13,53,Flute,False,0,33,,independent,IND,,,₹5.60 L,Vigirdhan,90278,10th Grade (SSLC)
Male,13,50,Chappals,False,0,34,,independent,IND,,,₹nan,Farmer Jayaraman. S K J,90279,Not Specified
Male,13,27,Computer,False,0,35,,independent,IND,,,₹1.28 L,S.Sharan,90280,Bachelor's Degree
Male,14,45,Rising sun,False,0,1,,spa,DMK,,,₹202.70 Cr,Karthik Mohan,90281,Master's Degree
Transgender,14,30,Farmer Carrying Plough,False,0,2,,ntk,NTK,,,₹18.20 L,Roshini S,90282,8th Grade
Male,14,52,Two leaves,False,0,3,,nda,AIADMK,,,₹3.42 Cr,Vijayakumar S.R,90283,Bachelor's Degree
Male,14,42,Camera,False,0,4,,others,TAVK,,,₹3.55 L,Abdul Shabeek A,90284,Diploma / ITI
Male,14,32,Matchbox,False,0,5,,others,TK,,,₹72.71 L,Ajithkumar A,90285,Bachelor's Degree
Male,14,43,Whistle,False,0,6,,tvk,TVK,,,₹197.53 Cr,Aadhav Arjuna,90286,Bachelor's Degree
Male,14,55,Gas cylinder,False,0,7,,independent,IND,,,₹1.39 Cr,Ashok Kumar C.A,90287,Bachelor's Degree
Male,14,59,Tooth brush,False,0,8,,independent,IND,,,₹3.58 L,Anbazhagan G,90288,Master's Degree
Male,14,41,Batsman,False,0,9,,independent,IND,,,"₹11,000",Kannan M,90289,12th Grade (HSC / +2)
Male,14,60,Coconut farm,False,0,10,,independent,IND,,,₹2.84 L,Kandasamy S,90290,10th Grade (SSLC)
Male,14,36,Gift pack,False,0,11,,independent,IND,,,₹16.01 L,Karthick S,90291,Not Specified
Male,14,37,Binoculars,False,0,12,,independent,IND,,,₹9.13 L,Karthick P,90292,8th Grade
Male,14,30,Pen nib with seven rays,False,0,13,,independent,IND,,,₹3.73 L,Shanmuga D,90293,Bachelor's Degree
Male,14,65,Letter box,False,0,14,,independent,IND,,,₹42.38 L,Charavanan M.P,90294,Bachelor's Degree
Male,14,50,Pressure cooker,False,0,15,,independent,IND,,,₹6.08 L,Solomon J.R,90295,10th Grade (SSLC)
Male,14,65,Table,False,0,16,,independent,IND,,,"₹41,160",Subramani K,90296,Master's Degree
Male,14,30,Electric pole,False,0,17,,independent,IND,,,₹3.24 L,Dhayanidhi D,90297,8th Grade
Male,14,52,CCTV Camera,False,0,18,,independent,IND,,,₹1.80 L,Devarajan G,90298,Not Specified
Male,14,35,Bat,False,0,19,,independent,IND,,,₹5.70 L,Balamurali G,90299,Diploma / ITI
Male,14,45,Bucket,False,0,20,,independent,IND,,,₹9.29 L,Purushothaman P,90300,10th Grade (SSLC)
Male,14,60,Balloon,False,0,21,,independent,IND,,,"₹10,000",Manimaran P,90301,6th Grade
Male,14,36,Air conditioner,False,0,22,,independent,IND,,,"₹14,600",Murali R,90302,Bachelor's Degree
Male,14,42,Almirah,False,0,23,,independent,IND,,,₹25.75 L,Murali Vinodh M,90303,Bachelor's Degree
Male,14,37,Bricks,False,0,24,,independent,IND,,,"₹17,914",Yuvaraj S,90304,Not Specified
Male,14,62,Box,False,0,25,,independent,IND,,,₹nan,Raji M,90305,8th Grade
Male,14,40,Battery Torch,False,0,26,,independent,IND,,,₹5.00 L,Vijayakumar G,90306,Bachelor's Degree
Male,14,51,Brush,False,0,27,,independent,IND,,,"₹60,800",Vijayakumar D,90307,10th Grade (SSLC)
Male,14,41,Diamond,False,0,28,,independent,IND,,,₹nan,Jaya Zeba C,90308,Bachelor's Degree
Male,15,55,Rising sun,False,0,1,,spa,DMK,,,₹nan,K.S.Ravichandran,90309,Bachelor's Degree
Female,15,51,Two leaves,False,0,2,,nda,AIADMK,,,₹4.93 Cr,Porkodi Armstrong,90310,Bachelor's Degree
Male,15,39,Farmer Carrying Plough,False,0,3,,ntk,NTK,,,₹19.56 L,Jagadesh Chander .M,90311,Master's Degree
Male,15,43,Coconut farm,False,0,4,,ajpk,AIPTMMK,,,"₹65,000",C.Christy,90312,10th Grade (SSLC)
Male,15,49,Matchbox,False,0,5,,others,TK,,,₹2.20 L,A.Selva Kumar,90313,10th Grade (SSLC)
Female,15,36,Whistle,False,0,6,,tvk,TVK,,,₹30.31 L,M.R.Pallavi,90314,Bachelor's Degree
Female,15,53,Ganna kisan,False,0,7,,others,RPI (A),,,₹9.87 L,S Jayakalpana,90315,Not Specified
Male,15,60,Cot,False,0,8,,independent,IND,,,"₹15,000",R.Anandan,90316,10th Grade (SSLC)
Male,15,38,Chimney,False,0,9,,independent,IND,,,₹11.88 L,M.Kannadasan,90317,10th Grade (SSLC)
Male,15,54,Diamond,False,0,10,,independent,IND,,,"₹15,500",M.Kolanji,90318,Primary (Up to 4th)
Male,15,33,Funnel,False,0,11,,independent,IND,,,₹1.79 L,D.Sathish Kumar,90319,Bachelor's Degree
Male,15,41,Electric pole,False,0,12,,independent,IND,,,₹11.71 L,Sathish,90320,10th Grade (SSLC)
Male,15,35,Box,False,0,13,,independent,IND,,,"₹11,000",S.Senthamizhan,90321,10th Grade (SSLC)
Male,15,31,Swing,False,0,14,,independent,IND,,,₹16.34 L,G.J.Dharaniraj,90322,Bachelor's Degree
Male,15,46,Wheel barrow,False,0,15,,independent,IND,,,₹6.49 L,S.Parthiban,90323,Bachelor's Degree
Male,15,40,Kettle,False,0,16,,independent,IND,,,"₹20,000",Prakash Arunachalam,90324,Bachelor's Degree
Male,15,33,Ship,False,0,17,,independent,IND,,,₹3.92 L,Prasanth. D,90325,Bachelor's Degree
Male,15,27,Batsman,False,0,18,,independent,IND,,,₹2.32 L,Praveen Thiyagarajan,90326,Master's Degree
Male,15,50,Cauliflower,False,0,19,,independent,IND,,,₹8.90 L,R.Murugan,90327,10th Grade (SSLC)
Male,15,41,Brush,False,0,20,,independent,IND,,,₹7.90 L,M.Mohan,90328,9th Grade
Male,15,52,Typewriter,False,0,21,,independent,IND,,,"₹20,000",S.Rajendran,90329,10th Grade (SSLC)
Male,15,34,Violin,False,0,22,,independent,IND,,,₹2.21 L,M.Lokesh,90330,Not Specified
Male,15,45,Telephone,False,0,23,,independent,IND,,,"₹20,000",C.Jagan Mohan,90331,Bachelor's Degree
Male,16,36,Two leaves,False,0,1,,nda,AIADMK,,,₹11.67 Cr,Abishek. R,90332,Bachelor's Degree
Female,16,35,Farmer Carrying Plough,False,0,2,,ntk,NTK,,,₹12.55 L,Saranya Imran,90333,Bachelor's Degree
Male,16,43,Rising sun,False,0,3,,spa,DMK,,,₹nan,Tamilan Prasanna,90334,Bachelor's Degree
Male,16,35,Spanner,False,0,4,,others,NIP,,,₹1.98 L,Arun Rao. N.A,90335,Bachelor's Degree
Male,16,36,Ganna kisan,False,0,5,,others,RPI (A),,,₹9.66 L,Dr.N.Gunasekar,90336,12th Grade (HSC / +2)
Male,16,43,Camera,False,0,6,,others,TAVK,,,₹20.44 L,D.Thirunavukkarasar,90337,10th Grade (SSLC)
Male,16,80,Coconut farm,False,0,7,,ajpk,AIPTMMK,,,"₹5,000",T.Magizhanban,90338,Not Specified
Male,16,31,Gas cylinder,False,0,8,,others,NMSP,,,"₹71,000",G.R.Rajendran,90339,10th Grade (SSLC)
Male,16,39,Whistle,False,0,9,,tvk,TVK,,,₹1.44 Cr,Rajmohan,90340,Bachelor's Degree
Male,16,39,Matchbox,False,0,10,,independent,IND,,,"₹21,800",Aravindan,90341,12th Grade (HSC / +2)
Male,16,54,Iron,False,0,11,,independent,IND,,,₹1.62 L,R.Kumaravel,90342,Bachelor's Degree
Male,16,65,Helmet,False,0,12,,independent,IND,,,₹1.98 L,M.Nagarajan,90343,Not Specified
Male,16,70,Batsman,False,0,13,,independent,IND,,,₹2.03 Cr,S.Pichamuthu,90344,Bachelor's Degree
Male,16,38,Dumbbells,False,0,14,,independent,IND,,,"₹46,000",Rajkumar,90345,Bachelor's Degree
Male,16,37,School bag,False,0,15,,independent,IND,,,₹3.48 L,Rajmohan,90346,8th Grade
Male,16,36,Diamond,False,0,16,,independent,IND,,,"₹61,500",S.Vinoth Kumar,90347,Master's Degree
Male,16,35,Carrom board,False,0,17,,independent,IND,,,₹12.50 L,Venkatesh. K,90348,10th Grade (SSLC)
Male,16,40,Stumps,False,0,18,,independent,IND,,,"₹8,000",Sridhar. M,90349,10th Grade (SSLC)
Male,17,49,Rising sun,False,0,1,,spa,DMK,,,₹3.05 Cr,Dr. A.Subair Khan,90350,Bachelor's Degree
Male,17,54,Farmer Carrying Plough,False,0,2,,ntk,NTK,,,₹40.12 L,A.Babu Mailan,90351,Bachelor's Degree
Male,17,42,Two leaves,False,0,3,,nda,AIADMK,,,₹nan,D.Jayakumar,90352,Master's Degree
Male,17,29,Elephant,False,0,4,,others,BSP,,,₹1.30 L,M.Jayarajkumar,90353,Bachelor's Degree
Male,17,36,Ship,False,0,5,,others,DMA,,,"₹97,500",A.Sathik Kumar,90354,Bachelor's Degree
Male,17,44,Camera,False,0,6,,others,TAVK,,,₹13.67 L,M.Rajkumar,90355,Bachelor's Degree
Male,17,38,Spanner,False,0,7,,others,NIP,,,₹5.47 L,R.Vinothkumar,90356,Bachelor's Degree
Male,17,46,Whistle,False,0,8,,tvk,TVK,,,₹25.01 L,K.V.Vijay Damu,90357,9th Grade
Male,17,46,Swing,False,0,9,,independent,IND,,,₹2.92 L,T.Kaviyarasu,90358,Bachelor's Degree
Male,17,31,Football player,False,0,10,,independent,IND,,,₹5.20 L,G.Karthikeyan,90359,Bachelor's Degree
Male,17,45,Air conditioner,False,0,11,,independent,IND,,,"₹66,723",Kerthivarunnan .R,90360,Bachelor's Degree
Male,17,39,Wallet,False,0,12,,independent,IND,,,₹7.11 L,A.Sasikumar,90361,Bachelor's Degree
Male,17,29,Matchbox,False,0,13,,independent,IND,,,₹4.40 L,M.Shanmugam,90362,Master's Degree
Male,17,47,Boat with man and sail,False,0,14,,independent,IND,,,₹nan,K.J.Sivakumar,90363,Bachelor's Degree
Female,17,44,Bricks,False,0,15,,independent,IND,,,₹6.55 L,P.Sumathi,90364,10th Grade (SSLC)
Male,17,50,Dish antenna,False,0,16,,independent,IND,,,₹5.38 L,J.Selvakumar,90365,8th Grade
Male,17,48,Cake,False,0,17,,independent,IND,,,₹3.14 L,M Dhinakaran,90366,Bachelor's Degree
Male,17,57,Chess board,False,0,18,,independent,IND,,,₹26.37 L,A.Nizar Ahamed,90367,Bachelor's Degree
Male,17,37,Robot,False,0,19,,independent,IND,,,₹nan,V.Bhagath Singh,90368,Bachelor's Degree
Male,17,44,Electric pole,False,0,20,,independent,IND,,,₹14.50 L,K.Prasath,90369,10th Grade (SSLC)
Female,17,61,Green chilli,False,0,21,,independent,IND,,,₹35.71 L,M.Mahalakshmi,90370,Bachelor's Degree
Male,17,26,Calculator,False,0,22,,independent,IND,,,₹2.19 L,S.Raju,90371,10th Grade (SSLC)
Male,17,42,Gas cylinder,False,0,23,,independent,IND,,,"₹81,000",T.Rajesh,90372,8th Grade
Male,17,29,Box,False,0,24,,independent,IND,,,₹4.19 L,R.Rajkumar,90373,Master's Degree
Male,17,43,Bicycle pump,False,0,25,,independent,IND,,,₹6.03 L,A.Jayakumar,90374,Bachelor's Degree
Male,17,43,Binoculars,False,0,26,,independent,IND,,,₹6.03 L,D.Jayakumar,90375,Bachelor's Degree
Male,17,39,Diamond,False,0,27,,independent,IND,,,₹26.30 L,I Jayaprakash,90376,Bachelor's Degree
Male,17,43,Coat,False,0,28,,independent,IND,,,₹3.59 L,C.Sridhar,90377,Bachelor's Degree
Male,18,45,Elephant,False,0,1,,others,BSP,,,₹2.45 L,M Suresh,90378,Not Specified
Male,18,63,Rising sun,False,0,2,,spa,DMK,,,₹nan,P K Sekarbabu,90379,10th Grade (SSLC)
Male,18,27,Farmer Carrying Plough,False,0,3,,ntk,NTK,,,₹38.85 L,R Fouzan Shariff,90380,Bachelor's Degree
Male,18,59,Two leaves,False,0,4,,nda,AIADMK,,,₹7.88 Cr,R Manohar,90381,Master's Degree
Male,18,59,Whistle,False,0,5,,tvk,TVK,,,₹4.91 Cr,Sinora P S Ashok,90382,Master's Degree
Male,18,46,Plate stand,False,0,6,,independent,IND,,,₹4.70 L,Sivalingam Ashok,90383,10th Grade (SSLC)
Male,18,35,Peas,False,0,7,,independent,IND,,,₹1.00 L,Ashok Kumar,90384,Bachelor's Degree
Male,18,44,Diamond,False,0,8,,independent,IND,,,₹nan,S Ganesh,90385,Not Specified
Male,18,33,Air conditioner,False,0,9,,independent,IND,,,₹3.15 L,D Kabilan,90386,Bachelor's Degree
Male,18,32,Lady finger,False,0,10,,independent,IND,,,₹nan,M Kalaiventhan,90387,Bachelor's Degree
Male,18,36,Tea filter,False,0,11,,independent,IND,,,₹1.35 L,Sankar A,90388,Bachelor's Degree
Male,18,45,Bangles,False,0,12,,independent,IND,,,₹4.61 L,J Shanmugapriyan,90389,Bachelor's Degree
Male,18,40,Electric pole,False,0,13,,independent,IND,,,₹1.49 L,R Dinesh,90390,Diploma / ITI
Male,18,31,Batsman,False,0,14,,independent,IND,,,₹4.00 L,J M Niraimozhi,90391,Bachelor's Degree
Male,18,40,Calculator,False,0,15,,independent,IND,,,"₹67,355",A Nepolian,90392,Master's Degree
Male,18,55,Telephone,False,0,16,,independent,IND,,,₹nan,Babu Singh,90393,8th Grade
Male,18,45,Grapes,False,0,17,,independent,IND,,,₹12.15 L,K E Manohar,90394,Bachelor's Degree
Male,18,39,Gas Stove,False,0,18,,independent,IND,,,₹2.97 L,G Visu,90395,Bachelor's Degree
Male,18,40,Ship,False,0,19,,independent,IND,,,₹17.85 L,I Vinod,90396,Bachelor's Degree
Male,18,32,Trumpet,False,0,20,,independent,IND,,,₹4.85 L,P Vijayakumar,90397,Bachelor's Degree
Male,18,29,Nail cutter,False,0,21,,independent,IND,,,₹4.60 L,T Vijayaraj,90398,Bachelor's Degree
Male,18,32,Cutting pliers,False,0,22,,independent,IND,,,₹5.85 L,S Veerabathran,90399,Bachelor's Degree
Male,18,40,Chess board,False,0,23,,independent,IND,,,₹5.45 L,V Jagadeesan,90400,Master's Degree
Male,19,67,Two leaves,False,0,1,,nda,AIADMK,,,₹1.03 Cr,Aadirajaram,90401,Bachelor's Degree
Female,19,37,Farmer Carrying Plough,False,0,2,,ntk,NTK,,,₹74.83 L,Aysha,90402,Diploma / ITI
Male,19,48,Rising sun,True,0,3,True,spa,DMK,,,₹20.64 Cr,Udhayanidhi Stalin,90403,Bachelor's Degree
Male,19,40,Elephant,False,0,4,,others,BSP,,,₹6.32 L,Mohammed Yasser,90404,Not Specified
Male,19,31,Camera,False,0,5,,others,TAVK,,,₹12.70 L,Irfan Basha,90405,Bachelor's Degree
Male,19,61,Whistle,False,0,6,,tvk,TVK,,,₹nan,Selvam. D,90406,Bachelor's Degree
Male,19,45,Pen nib with seven rays,False,0,7,,independent,IND,,,₹11.98 L,Agni Aalvar,90407,10th Grade (SSLC)
Male,19,38,Electric pole,False,0,8,,independent,IND,,,"₹63,000",Athimulam,90408,7th Grade
Female,19,35,Coconut farm,False,0,9,,independent,IND,,,₹2.20 L,Ayisha,90409,3rd Grade
Male,19,44,Gas cylinder,False,0,10,,independent,IND,,,"₹10,800",Arumugam. C,90410,4th Grade
Male,19,41,Spanner,False,0,11,,independent,IND,,,₹3.63 L,Kumar. M,90411,9th Grade
Male,19,48,Mike,False,0,12,,independent,IND,,,₹2.80 Cr,Saamy. S.K.Dr,90412,Doctorate (Ph.D / MD)
Male,19,56,Almirah,False,0,13,,independent,IND,,,₹14.22 L,Seenivasan. L,90413,12th Grade (HSC / +2)
Male,19,42,Wool and Needle,False,0,14,,independent,IND,,,"₹35,000",Selvam. K,90414,3rd Grade
Male,19,50,Brush,False,0,15,,independent,IND,,,₹62.55 L,Selvam. K,90415,Bachelor's Degree
Male,19,29,Matchbox,False,0,16,,independent,IND,,,₹3.91 L,Syeed Layak Bhasha,90416,8th Grade
Male,19,36,Coat,False,0,17,,independent,IND,,,₹2.61 L,Bharathkumar. G,90417,Bachelor's Degree
Male,19,45,Chess board,False,0,18,,independent,IND,,,₹20.50 L,Milany. P,90418,Bachelor's Degree
Male,19,59,Battery Torch,False,0,19,,independent,IND,,,₹2.12 L,Mirza Safder Ali,90419,8th Grade
Male,19,34,Helmet,False,0,20,,independent,IND,,,₹5.25 L,Mohamed Dharik. I,90420,10th Grade (SSLC)
Male,19,56,Television,False,0,21,,independent,IND,,,₹2.00 L,Mohamed Meera. A,90421,Bachelor's Degree
Male,19,41,Wheel barrow,False,0,22,,independent,IND,,,₹2.48 L,Rajasekar. S,90422,Bachelor's Degree
Male,19,34,Tea filter,False,0,23,,independent,IND,,,₹6.59 L,Rajeshkumar. K,90423,Bachelor's Degree
Male,19,43,Shoe,False,0,24,,independent,IND,,,₹4.78 L,Vijaya Kumar. B,90424,Master's Degree
Male,19,32,Razor,False,0,25,,independent,IND,,,₹1.15 Cr,Selvam ( Alias ) Venkatesh,90425,9th Grade
Male,19,33,Frying pan,False,0,26,,independent,IND,,,"₹35,034",Selvam ( Alias ) Harinarayanan,90426,Bachelor's Degree
Male,20,46,Rising sun,True,0,1,,spa,DMK,,,₹1.39 Cr,Ezhilan Naganathan,90427,Doctorate (Ph.D / MD)
Male,20,50,Farmer Carrying Plough,False,0,2,,ntk,NTK,,,₹26.10 L,Kalanchiyam.Mu,90428,Bachelor's Degree
Female,20,68,Two leaves,False,0,3,,nda,AIADMK,,,₹2.00 Cr,Valarmathi.B,90429,10th Grade (SSLC)
Male,20,73,Whistle,False,0,4,,tvk,TVK,,,₹86.36 L,Prabhakar.J.C.D,90430,Bachelor's Degree
Male,20,43,Camera,False,0,5,,others,TAVK,,,₹19.91 L,Mohamed Ghouse.H,90431,Master's Degree
Male,20,33,Cake,False,0,6,,independent,IND,,,"₹15,000",Karthikeyan.S,90432,10th Grade (SSLC)
Male,20,56,Grapes,False,0,7,,independent,IND,,,₹2.50 L,Shankar.V,90433,10th Grade (SSLC)
Male,20,29,Mike,False,0,8,,independent,IND,,,₹2.16 Cr,Sathya.A,90434,Bachelor's Degree
Male,20,71,Gas cylinder,False,0,9,,independent,IND,,,₹43.40 L,Sundara Raju.A,90435,Master's Degree
Male,20,51,Carrom board,False,0,10,,independent,IND,,,"₹15,000",Dhanasekaran.V,90436,12th Grade (HSC / +2)
Male,20,58,Biscuit,False,0,11,,independent,IND,,,₹15.90 L,Pachaiyappan.E,90437,9th Grade
Male,20,55,Bread,False,0,12,,independent,IND,,,₹2.93 L,Prabhakaran.T,90438,10th Grade (SSLC)
Male,20,38,Gas Stove,False,0,13,,independent,IND,,,₹2.67 L,Prabhakaran.B,90439,8th Grade
Male,20,30,Letter box,False,0,14,,independent,IND,,,₹nan,Prabhakaran.V,90440,Not Specified
Male,20,49,Brush,False,0,15,,independent,IND,,,₹nan,Muniyan.E,90441,Not Specified
Female,20,62,Box,False,0,16,,independent,IND,,,₹2.85 L,Valarmathi.E,90442,8th Grade
Female,20,49,Bat,False,0,17,,independent,IND,,,₹5.66 L,Valarmathy.D,90443,8th Grade
Male,20,43,Belt,False,0,18,,independent,IND,,,₹4.06 L,Vijay.D,90444,12th Grade (HSC / +2)
Female,21,59,Two leaves,False,0,1,,nda,AIADMK,,,₹2.59 Cr,S.Gokula Indira,90445,Master's Degree
Male,21,53,Farmer Carrying Plough,False,0,2,,ntk,NTK,,,₹58.92 L,S.Shankar,90446,Bachelor's Degree
Male,21,47,Rising sun,False,0,3,,spa,DMK,,,₹12.73 Cr,N.Chitrarasu,90447,Not Specified
Male,21,42,Matchbox,False,0,4,,others,TK,,,₹9.74 L,B.Anand,90448,10th Grade (SSLC)
Male,21,50,Battery Torch,False,0,5,,others,TaMC,,,"₹50,000",S.Dhayalan,90449,8th Grade
Male,21,45,Whistle,False,0,6,,tvk,TVK,,,₹2.55 Cr,V.K.Ramkumar,90450,Not Specified
Male,21,57,Bat,False,0,7,,others,TTNP,,,₹1.46 Cr,E.V.S.Rajakumar Naidu,90451,Master's Degree
Male,21,53,Spanner,False,0,8,,others,NIP,,,₹15.86 Cr,N.P.Rajha,90452,Master's Degree
Male,21,36,Pen nib with seven rays,False,0,9,,independent,IND,,,"₹15,087",T S Habeeb Mohammad,90453,8th Grade
Male,21,54,Jackfruit,False,0,10,,independent,IND,,,"₹16,500",S Ansar Ali,90454,Not Specified
Male,21,51,Frying pan,False,0,11,,independent,IND,,,₹nan,G Omprakash,90455,Not Specified
Male,21,69,Helmet,False,0,12,,independent,IND,,,₹1.11 Cr,L Kasinathan,90456,Bachelor's Degree
Male,21,36,Gas cylinder,False,0,13,,independent,IND,,,₹1.73 L,S Sathish Kumar,90457,Bachelor's Degree
Male,21,46,Dolli,False,0,14,,independent,IND,,,₹1.93 L,G.Siva Kumar,90458,Not Specified
Male,21,54,Dish antenna,False,0,15,,independent,IND,,,"₹17,305",M Selvamuthukumar,90459,Bachelor's Degree
Male,21,58,Ring,False,0,16,,independent,IND,,,₹4.00 L,L Narendran,90460,10th Grade (SSLC)
Male,21,48,Chappals,False,0,17,,independent,IND,,,₹4.00 L,J Nagaraj,90461,Diploma / ITI
Male,21,52,Stool,False,0,18,,independent,IND,,,₹1.95 L,M Manoharan,90462,7th Grade
Male,21,34,Sitar,False,0,19,,independent,IND,,,₹6.30 L,Mohammed Bilal Fathick,90463,Bachelor's Degree
Male,21,44,Flute,False,0,20,,independent,IND,,,₹10.46 L,Ramamoorthy E,90464,Bachelor's Degree
Male,21,68,Pressure cooker,False,0,21,,independent,IND,,,₹1.98 Cr,Rajendiran Naidu,90465,Master's Degree
Male,21,38,Plate stand,False,0,22,,independent,IND,,,"₹90,000",S Vinesh Kumar,90466,Bachelor's Degree
Male,21,33,Computer,False,0,23,,independent,IND,,,₹6.41 L,Janarthanan P,90467,Bachelor's Degree
Male,21,50,Diamond,False,0,24,,independent,IND,,,"₹42,792",M Harishankar,90468,Diploma / ITI
Male,22,37,Farmer Carrying Plough,False,0,1,,ntk,NTK,,,₹5.48 L,Santhosh,90469,12th Grade (HSC / +2)
Male,22,38,Rising sun,False,0,2,,spa,DMK,,,₹2.28 Cr,Prabhakara Raja.A.M.V,90470,Master's Degree
Male,22,63,Two leaves,False,0,3,,nda,AIADMK,,,₹4.85 Cr,Virugai V.N.Ravi,90471,Bachelor's Degree
Male,22,30,Whistle,False,0,4,,tvk,TVK,,,₹22.74 L,Sabarinathan.R,90472,Bachelor's Degree
Male,22,64,Bat,False,0,5,,others,TTNP,,,₹90.79 L,Sureshbabu.T.M,90473,12th Grade (HSC / +2)
Male,22,41,Spanner,False,0,6,,others,NIP,,,₹30.51 L,Balamurugan.P,90474,Bachelor's Degree
Male,22,41,Camera,False,0,7,,others,TAVK,,,₹1.41 Cr,Muthuraj.T,90475,5th Grade
Male,22,63,Jackfruit,False,0,8,,others,APTADMK,,,₹82.75 L,Roy George,90476,Diploma / ITI
Male,22,28,Ganna kisan,False,0,9,,others,RPI (A),,,"₹21,000",Jagadish.S,90477,12th Grade (HSC / +2)
Male,22,27,Gas Stove,False,0,10,,independent,IND,,,₹nan,Alex Pandian.K,90478,Bachelor's Degree
Male,22,68,Air conditioner,False,0,11,,independent,IND,,,"₹30,000",Esakkimuthunadar.P,90479,Not Specified
Male,22,35,Gas cylinder,False,0,12,,independent,IND,,,₹1.65 L,Ezhilraj.D,90480,Master's Degree
Male,22,32,Electric pole,False,0,13,,independent,IND,,,₹5.28 L,Karthick.M,90481,Master's Degree
Male,22,57,Balloon,False,0,14,,independent,IND,,,₹15.01 L,Kumar.S,90482,12th Grade (HSC / +2)
Male,22,37,Diamond,False,0,15,,independent,IND,,,₹2.95 L,Gopinath.G,90483,Bachelor's Degree
Male,22,54,Box,False,0,16,,independent,IND,,,₹3.17 Cr,Sankar.E,90484,10th Grade (SSLC)
Male,22,44,Ship,False,0,17,,independent,IND,,,₹56.50 L,Chandra Sekar.K,90485,12th Grade (HSC / +2)
Male,22,40,Battery Torch,False,0,18,,independent,IND,,,₹3.08 L,Sabarinathan.P,90486,8th Grade
Male,22,35,Mike,False,0,19,,independent,IND,,,"₹31,050",Srinivasan.M,90487,Master's Degree
Male,22,34,School bag,False,0,20,,independent,IND,,,₹12.33 L,Dineshkumar.N,90488,Bachelor's Degree
Male,22,49,Pressure cooker,False,0,21,,independent,IND,,,₹26.03 L,Rangaraj.G,90489,12th Grade (HSC / +2)
Male,22,47,Laptop,False,0,22,,independent,IND,,,₹1.55 Cr,Ravikumar,90490,Bachelor's Degree
Male,22,53,Coconut farm,False,0,23,,independent,IND,,,"₹93,000",Lukmanbabu.S,90491,8th Grade
Male,22,35,Head phone,False,0,24,,independent,IND,,,₹3.64 L,Venkatesan.C,90492,9th Grade
Male,23,45,Elephant,False,0,1,,others,BSP,,,₹3.89 L,Kumaran. G.P,90493,12th Grade (HSC / +2)
Male,23,66,Rising sun,True,0,2,,spa,DMK,,,₹1.07 Cr,Subramanian. Ma,90494,Bachelor's Degree
Female,23,46,Farmer Carrying Plough,False,0,3,,ntk,NTK,,,₹7.77 L,Srividya. G,90495,Bachelor's Degree
Male,23,44,Whistle,False,0,4,,tvk,TVK,,,₹1.01 Cr,Arul Prakasam. M,90496,10th Grade (SSLC)
Male,23,63,Pressure cooker,False,0,5,,nda,AMMK,,,₹3.16 Cr,Senthamizhan. G,90497,Not Specified
Male,23,35,Spanner,False,0,6,,others,NIP,,,₹35.56 L,Soundararajan. N,90498,Master's Degree
Male,23,59,Helmet,False,0,7,,others,MGRMK,,,₹16.00 L,Parthiban. S,90499,10th Grade (SSLC)
Male,23,54,Bat,False,0,8,,independent,IND,,,₹1.32 L,Anand. S,90500,12th Grade (HSC / +2)
Male,23,57,Sewing machine,False,0,9,,independent,IND,,,₹9.35 L,Kandhasamy. R (Alias) Babu,90501,8th Grade
Male,23,31,Brick,False,0,10,,independent,IND,,,"₹55,000",Prasad. N,90502,Master's Degree
Male,23,47,Gas cylinder,False,0,11,,independent,IND,,,₹3.17 L,Prithviraj. A,90503,10th Grade (SSLC)
Male,23,28,Diamond,False,0,12,,independent,IND,,,₹1.37 L,Yogaprakash. B,90504,Bachelor's Degree
Male,23,68,Pen nib with seven rays,False,0,13,,independent,IND,,,"₹60,000",Raja. R,90505,8th Grade
Female,23,47,Air conditioner,False,0,14,,independent,IND,,,₹29.61 L,Valarmathi. P,90506,Bachelor's Degree
Male,23,31,Ship,False,0,15,,independent,IND,,,₹3.70 L,Gingston. M,90507,Bachelor's Degree
Female,24,41,Farmer Carrying Plough,False,0,1,,ntk,NTK,,,₹56.81 L,Anusha V,90508,Bachelor's Degree
Male,24,62,Two leaves,False,0,2,,nda,AIADMK,,,₹nan,Sathiyanarayanan B,90509,Bachelor's Degree
Male,24,46,Rising sun,False,0,3,,spa,DMK,,,₹36.33 Cr,Raja Anbazhagan,90510,Bachelor's Degree
Male,24,62,Whistle,False,0,4,,tvk,TVK,,,₹2.05 Cr,Anand N,90511,9th Grade
Male,24,60,Balloon,False,0,5,,others,DMSK,,,₹3.77 L,Ravi M L,90512,Master's Degree
Male,24,58,Pen nib with seven rays,False,0,6,,independent,IND,,,"₹47,000",Abukither M,90513,10th Grade (SSLC)
Male,24,49,Shutter,False,0,7,,independent,IND,,,₹47.31 L,Aravind Gosh Y T,90514,Bachelor's Degree
Male,24,42,Camera,False,0,8,,independent,IND,,,₹6.91 L,Easan Natarajan T,90515,Master's Degree
Male,24,49,Brief case,False,0,9,,independent,IND,,,₹nan,Kumar Sri Sri B,90516,Not Specified
Male,24,42,Helmet,False,0,10,,independent,IND,,,₹1.50 L,Sathish Kumar B,90517,10th Grade (SSLC)
Male,24,41,Crane,False,0,11,,independent,IND,,,"₹6,300",Gnanasekaran G,90518,5th Grade
Male,24,46,Shoe,False,0,12,,independent,IND,,,"₹73,000",Thennarasu P,90519,Bachelor's Degree
Female,24,44,Lunch box,False,0,13,,independent,IND,,,₹nan,Padmini Narasimhan,90520,Not Specified
Male,24,43,Gas cylinder,False,0,14,,independent,IND,,,₹76.59 L,Badri S,90521,Bachelor's Degree
Male,24,27,Cake,False,0,15,,independent,IND,,,₹10.06 L,Balaji S,90522,Bachelor's Degree
Male,24,43,Ring,False,0,16,,independent,IND,,,₹5.00 L,Prasath D,90523,10th Grade (SSLC)
Male,24,36,Bread toaster,False,0,17,,independent,IND,,,"₹78,000",Manikandan T,90524,10th Grade (SSLC)
Male,24,49,Ship,False,0,18,,independent,IND,,,₹nan,Manikandan N,90525,Diploma / ITI
Male,24,44,Road roller,False,0,19,,independent,IND,,,"₹56,000",Moorthy N,90526,8th Grade
Female,24,43,Belt,False,0,20,,independent,IND,,,₹nan,Mythili C,90527,Bachelor's Degree
Male,24,36,Tennis racket & ball,False,0,21,,independent,IND,,,₹2.68 L,Ramkumar L,90528,Bachelor's Degree
Male,24,29,Sitar,False,0,22,,independent,IND,,,₹3.67 L,Ramachandran O N,90529,Not Specified
Male,24,42,Television,False,0,23,,independent,IND,,,₹4.43 L,Rajesh E,90530,8th Grade
Male,24,36,Bat,False,0,24,,independent,IND,,,₹7.38 L,Vetrivel K,90531,Not Specified
Male,24,40,Pendulum,False,0,25,,independent,IND,,,₹1.35 L,Jayavel,90532,Master's Degree
Male,24,49,Wallet,False,0,26,,independent,IND,,,₹8.50 L,Jothiraj G M,90533,5th Grade
Male,25,33,Farmer Carrying Plough,False,0,1,,ntk,NTK,,,₹5.53 Cr,Arun. R.L,90534,Bachelor's Degree
Female,25,64,Lotus,False,0,2,,nda,BJP,,,₹3.77 Cr,Tamilisai Soundararajan,90535,Bachelor's Degree
Male,25,45,Elephant,False,0,3,,others,BSP,,,₹6.90 L,Balaji. V,90536,12th Grade (HSC / +2)
Male,25,55,Rising sun,True,0,4,,spa,DMK,,,₹1.48 Cr,Velu. Dha,90537,Bachelor's Degree
Male,25,61,Matchbox,False,0,5,,others,TMMK,,,"₹30,146",Devendran. R,90538,Not Specified
Male,25,54,Mixee,False,0,6,,others,AIJMK,,,"₹50,000",Nagarajan. S,90539,Bachelor's Degree
Male,25,57,Helmet,False,0,7,,others,TDK,,,₹92.39 L,Moorthy. S,90540,10th Grade (SSLC)
Male,25,74,Green chilli,False,0,8,,others,JJ,,,₹1.00 Cr,Mohanraj. J,90541,Bachelor's Degree
Male,25,48,Whistle,False,0,9,,tvk,TVK,,,₹3.89 Cr,Venkataramanan. P,90542,Not Specified
Male,25,69,Ship,False,0,10,,independent,IND,,,₹14.95 L,Selvamuthu. S,90543,Not Specified
Male,25,61,Cauliflower,False,0,11,,independent,IND,,,₹8.32 L,Parthipan. G,90544,8th Grade
Male,25,46,Box,False,0,12,,independent,IND,,,₹76.31 L,Radhakrishnan. G,90545,10th Grade (SSLC)
Male,25,48,Letter box,False,0,13,,independent,IND,,,₹1.45 L,Romanraj. A,90546,12th Grade (HSC / +2)
Female,25,42,Flute,False,0,14,,independent,IND,,,₹1.32 Cr,Vinu Pradha. A,90547,Master's Degree
Female,25,46,Sitar,False,0,15,,independent,IND,,,₹58.00 L,Vijayalakshmi. P,90548,Bachelor's Degree
Male,25,47,Bangles,False,0,16,,independent,IND,,,₹4.31 L,Vijaya Krishna. V,90549,Master's Degree
Male,25,57,Trumpet,False,0,17,,independent,IND,,,₹5.00 L,Venkataraman. B,90550,10th Grade (SSLC)
Male,25,42,Dish antenna,False,0,18,,independent,IND,,,₹16.15 L,Velu. K,90551,10th Grade (SSLC)
Male,25,53,Electric pole,False,0,19,,independent,IND,,,"₹43,500",Jayagopi. M,90552,Bachelor's Degree
Male,26,42,Hand,False,0,1,,spa,INC,,,₹nan,Aassan Maulaana J.M.H,90553,Master's Degree
Male,26,54,Two leaves,False,0,2,,nda,AIADMK,,,₹nan,Ashok. M.K,90554,Master's Degree
Female,26,33,Farmer Carrying Plough,False,0,3,,ntk,NTK,,,₹79.10 L,Keerthana. M,90555,Master's Degree
Male,26,38,Elephant,False,0,4,,others,BSP,,,"₹8,560",Mohanraj. K,90556,Bachelor's Degree
Female,26,48,Matchbox,False,0,5,,others,TMMK,,,₹17.27 L,Kanchana. R,90557,Master's Degree
Male,26,60,Whistle,False,0,6,,tvk,TVK,,,₹96.04 Cr,Kumar. R,90558,Bachelor's Degree
Male,26,69,Diamond,False,0,7,,others,PSS,,,₹1.34 Cr,Poyyamozhi. M,90559,12th Grade (HSC / +2)
Male,26,49,Pestle and mortar,False,0,8,,others,VTVTK,,,₹1.07 L,Mani. M,90560,7th Grade
Male,26,30,Balloon,False,0,9,,others,TK,,,₹1.62 L,Mohamed Yaseen. I,90561,Bachelor's Degree
Male,26,30,Camera,False,0,10,,others,TAVK,,,"₹17,500",Rokesh Kumar. V,90562,Diploma / ITI
Male,26,46,Sofa,False,0,11,,independent,IND,,,₹5.34 L,Ashok. M,90563,9th Grade
Male,26,37,Calculator,False,0,12,,independent,IND,,,₹25.66 L,Azarutheen. M,90564,Bachelor's Degree
Male,26,40,Chain,False,0,13,,independent,IND,,,"₹5,663",Ahammed Nazeer Khan,90565,10th Grade (SSLC)
Male,26,53,School bag,False,0,14,,independent,IND,,,₹11.76 L,Kannan. K,90566,Bachelor's Degree
Female,26,61,Sitar,False,0,15,,independent,IND,,,₹65.80 L,Kala Pethachi,90567,Diploma / ITI
Male,26,25,Dumbbells,False,0,16,,independent,IND,,,"₹10,000",Sarabeshwar Sisu. P,90568,Bachelor's Degree
Male,26,49,Frying pan,False,0,17,,independent,IND,,,"₹21,451",Suresh K,90569,8th Grade
Male,26,28,Gramophone,False,0,18,,independent,IND,,,"₹20,000",Diwakar. R,90570,Bachelor's Degree
Male,26,31,Brief case,False,0,19,,independent,IND,,,"₹40,000",Deepak Ravi,90571,Bachelor's Degree
Male,26,47,Baby walker,False,0,20,,independent,IND,,,"₹32,000",Bhaskar. G,90572,8th Grade
Male,26,69,Air conditioner,False,0,21,,independent,IND,,,₹8.02 L,Mohan. R,90573,8th Grade
Male,26,43,Gas cylinder,False,0,22,,independent,IND,,,"₹59,000",Radhakrishnan. D.R,90574,Bachelor's Degree
Male,26,37,Electric pole,False,0,23,,independent,IND,,,₹23.29 L,Rajasekar. S,90575,12th Grade (HSC / +2)
Male,26,36,Ludo,False,0,24,,independent,IND,,,"₹32,527",Ritish,90576,Diploma / ITI
Male,26,34,Pencil sharpener,False,0,25,,independent,IND,,,"₹40,330",Vignesh. M,90577,Master's Degree
Male,26,31,Envelope,False,0,26,,independent,IND,,,₹6.87 L,Vignesh. R,90578,Bachelor's Degree
Male,26,59,Chappals,False,0,27,,independent,IND,,,₹38.90 L,Janagaraj Ravi Gunaseelan,90579,12th Grade (HSC / +2)
Male,27,58,Rising sun,True,0,1,,spa,DMK,,,₹5.47 Cr,S.Aravind Ramesh,90580,10th Grade (SSLC)
Male,27,63,Two leaves,False,0,2,,nda,AIADMK,,,₹26.38 Cr,K.P.Kandan,90581,8th Grade
Male,27,41,Elephant,False,0,3,,others,BSP,,,₹4.79 L,S.Pushna Kumar,90582,10th Grade (SSLC)
Female,27,39,Farmer Carrying Plough,False,0,4,,ntk,NTK,,,₹2.09 Cr,R Jayalakshmi,90583,Master's Degree
Male,27,43,Spanner,False,0,5,,others,NIP,,,₹1.49 L,M.Alexandar,90584,Diploma / ITI
Male,27,48,Gift pack,False,0,6,,others,DJMK,,,₹37.52 L,M.Christhu Dass,90585,Bachelor's Degree
Male,27,45,Whistle,False,0,7,,tvk,TVK,,,₹47.74 L,Ecr P Saravanan,90586,5th Grade
Male,27,59,Battery Torch,False,0,8,,others,JJ,,,"₹24,000",M.G.Ramu,90587,10th Grade (SSLC)
Male,27,40,Coconut farm,False,0,9,,ajpk,AIPTMMK,,,₹6.95 L,K.Vishwanathan,90588,Master's Degree
Male,27,60,Bricks,False,0,10,,independent,IND,,,₹10.30 L,R Ravichandran,90589,8th Grade
Male,27,46,Bucket,False,0,11,,independent,IND,,,₹53.60 L,V.Kandhan,90590,10th Grade (SSLC)
Male,27,30,Road roller,False,0,12,,independent,IND,,,"₹48,000",S.Karthik,90591,12th Grade (HSC / +2)
Male,27,45,Diamond,False,0,13,,independent,IND,,,₹8.19 L,S.Govindhan,90592,Bachelor's Degree
Male,27,32,Mike,False,0,14,,independent,IND,,,₹nan,P.Chandra Kanth,90593,Master's Degree
Male,27,41,Ring,False,0,15,,independent,IND,,,"₹15,100",Chandrasekaran,90594,Bachelor's Degree
Male,27,46,Throwing a javelin,False,0,16,,independent,IND,,,₹nan,D.Srinivasan,90595,Not Specified
Male,27,39,Chess board,False,0,17,,independent,IND,,,₹33.06 L,G Suresh Kumar,90596,Master's Degree
Male,27,33,Pen nib with seven rays,False,0,18,,independent,IND,,,₹12.83 L,N.Prashantha Rao,90597,Not Specified
Male,27,45,Matchbox,False,0,19,,independent,IND,,,₹2.15 L,A.Mohammed Gani,90598,8th Grade
Male,27,39,Electric pole,False,0,20,,independent,IND,,,₹4.17 L,Mutharasan,90599,Bachelor's Degree
Male,27,48,Iron,False,0,21,,independent,IND,,,₹4.67 L,E.Murali B.A,90600,Bachelor's Degree
Male,27,35,Ship,False,0,22,,independent,IND,,,₹3.17 L,R.Yogeshwaran,90601,12th Grade (HSC / +2)
Male,27,30,Bat,False,0,23,,independent,IND,,,₹6.22 L,Ramanathan M,90602,Not Specified
Male,27,26,Water melon,False,0,24,,independent,IND,,,₹8.20 L,Rajesh,90603,Bachelor's Degree
Male,27,31,Laptop,False,0,25,,independent,IND,,,₹nan,E.Vijay,90604,Not Specified
Male,27,50,Gas cylinder,False,0,26,,independent,IND,,,₹2.83 Cr,Farmer Jayaraman S K J,90605,12th Grade (HSC / +2)
Male,27,35,Football player,False,0,27,,independent,IND,,,"₹23,500",Jaikumar Balachandran,90606,10th Grade (SSLC)
Male,28,66,Rising sun,True,0,1,,spa,DMK,,,₹8.30 Cr,T.M.Anbarasan,90607,10th Grade (SSLC)
Male,28,37,Two leaves,False,0,2,,nda,AIADMK,,,₹2.69 L,S.Saravanan,90608,8th Grade
Female,28,33,Farmer Carrying Plough,False,0,3,,ntk,NTK,,,₹9.69 L,Y.G.Mahalakshmi,90609,Bachelor's Degree
Male,28,43,Pen nib with seven rays,False,0,4,,others,NMK,,,₹44.05 L,J.Agni Selvarasu,90610,Doctorate (Ph.D / MD)
Male,28,41,Gas cylinder,False,0,5,,others,IDMK,,,₹3.09 L,Aravind Chandrasekar,90611,Master's Degree
Male,28,37,Spanner,False,0,6,,others,NIP,,,₹2.41 L,B.Kalyanaramkumar,90612,Master's Degree
Male,28,48,Camera,False,0,7,,others,TAVK,,,₹4.20 L,S.Royappan,90613,Bachelor's Degree
Male,28,46,Television,False,0,8,,others,PT,,,"₹12,000",A.Velusamy,90614,5th Grade
Male,28,50,Coconut farm,False,0,9,,ajpk,AIPTMMK,,,₹4.55 L,N.Hari Krishnan,90615,Not Specified
Male,28,31,Whistle,False,0,10,,tvk,TVK,,,₹1.24 Cr,M.Harish,90616,Bachelor's Degree
Male,28,37,Well,False,0,11,,independent,IND,,,₹5.19 L,V.Anbarasan,90617,Bachelor's Degree
Male,28,36,Electric pole,False,0,12,,independent,IND,,,₹2.49 L,A.Saravanan,90618,10th Grade (SSLC)
Male,28,37,Batsman,False,0,13,,independent,IND,,,₹2.69 L,S.Saravanan,90619,8th Grade
Male,28,56,Grapes,False,0,14,,independent,IND,,,"₹50,080",D.Saravanan,90620,10th Grade (SSLC)
Male,28,42,Road roller,False,0,15,,independent,IND,,,₹1.42 L,R.Saravanan,90621,10th Grade (SSLC)
Male,28,39,Cutting pliers,False,0,16,,independent,IND,,,₹2.05 L,R.Suresh,90622,Bachelor's Degree
Female,28,43,Ship,False,0,17,,independent,IND,,,"₹1,000",Senkodi Vijayalakshmi,90623,Master's Degree
Male,28,32,Scissors,False,0,18,,independent,IND,,,₹nan,R.Selvakumar,90624,Not Specified
Male,28,41,Box,False,0,19,,independent,IND,,,₹53.48 L,G.Daniel Antonyraj,90625,Not Specified
Male,28,26,Peas,False,0,20,,independent,IND,,,₹1.50 L,Mahesh Kumar,90626,12th Grade (HSC / +2)
Male,28,30,Pen stand,False,0,21,,independent,IND,,,₹23.30 L,G.Ramanan,90627,Bachelor's Degree
Male,28,48,Hand cart,False,0,22,,independent,IND,,,₹1.87 L,K.Velayudham,90628,10th Grade (SSLC)
Male,28,25,Tea filter,False,0,23,,independent,IND,,,"₹53,128",M.Harish,90629,Bachelor's Degree
Female,29,32,Farmer Carrying Plough,False,0,1,,ntk,NTK,,,₹47.16 L,M.Sindhu Ezhilarasan,90630,Bachelor's Degree
Male,29,65,Hand,True,0,2,,spa,INC,,,₹42.79 Cr,K.Selvaperunthagai,90631,Bachelor's Degree
Male,29,64,Two leaves,False,0,3,,nda,AIADMK,,,₹22.01 L,K.Palani,90632,5th Grade
Male,29,34,Telephone,False,0,4,,others,AIADMSK,,,₹nan,A.Guruanandhan,90633,10th Grade (SSLC)
Male,29,36,Camera,False,0,5,,others,TAVK,,,₹4.21 L,A.Gnanasekaran,90634,Bachelor's Degree
Male,29,30,Flag with three stars,False,0,6,,others,CPI(ML),,,₹39.57 L,M.Tamilarasan,90635,Not Specified
Male,29,36,Whistle,False,0,7,,tvk,TVK,,,₹11.63 L,Thennarasu.K,90636,10th Grade (SSLC)
Male,29,41,Coconut farm,False,0,8,,ajpk,AIPTMMK,,,₹63.08 L,D.Purushothaman,90637,Bachelor's Degree
Male,29,43,Scissors,False,0,9,,independent,IND,,,₹9.43 L,Elangovan Sivakumar,90638,Bachelor's Degree
Female,29,33,Electric pole,False,0,10,,independent,IND,,,₹nan,J.Nithya,90639,Bachelor's Degree
Male,29,49,Box,False,0,11,,independent,IND,,,₹3.89 L,E.Murugan,90640,9th Grade
Female,29,37,Water tank,False,0,12,,independent,IND,,,₹5.45 L,G.Rajathi,90641,Bachelor's Degree
Male,29,55,Air conditioner,False,0,13,,independent,IND,,,"₹81,901",P.Vedhagiri,90642,5th Grade
Male,30,38,Farmer Carrying Plough,False,0,1,,ntk,NTK,,,₹6.65 Cr,Dr.R.Karthikeyan,90643,Doctorate (Ph.D / MD)
Female,30,25,Elephant,False,0,2,,others,BSP,,,₹500,N.Bharathi,90644,Bachelor's Degree
Male,30,62,Nagara,False,0,3,,spa,DMDK,,,₹11.60 L,D.Murugesan,90645,9th Grade
Male,30,54,Two leaves,False,0,4,,nda,AIADMK,,,₹33.90 Cr,V.Venkatesan,90646,Doctorate (Ph.D / MD)
Male,30,44,Spanner,False,0,5,,others,NIP,,,₹26.36 L,T.Amirtha Kanthan,90647,Diploma / ITI
Male,30,60,Balloon,False,0,6,,others,DMSK,,,₹3.77 L,M.L.Ravi,90648,Master's Degree
Female,30,44,Whistle,False,0,7,,tvk,TVK,,,₹25.52 Cr,J.Kamatchi,90649,10th Grade (SSLC)
Male,30,65,Gas cylinder,False,0,8,,others,PT,,,₹1.13 Cr,A.Thangaraj,90650,Bachelor's Degree
Male,30,52,Battery Torch,False,0,9,,others,IDMK,,,₹1.20 L,G.Rameshbabu,90651,12th Grade (HSC / +2)
Male,30,36,Camera,False,0,10,,others,TAVK,,,₹17.71 L,S.Rahamathulla,90652,Diploma / ITI
Female,30,50,Pen nib with seven rays,False,0,11,,others,NMK,,,₹46.17 L,B.Rajeswari,90653,12th Grade (HSC / +2)
Male,30,56,Coconut farm,False,0,12,,ajpk,AIPTMMK,,,₹39.43 L,R.Rajkumar,90654,Not Specified
Male,30,51,Electric pole,False,0,13,,independent,IND,,,₹6.35 L,M.Sankar,90655,5th Grade
Male,30,31,Telephone,False,0,14,,independent,IND,,,₹7.12 L,S.Sathiyaraj,90656,Bachelor's Degree
Male,30,34,Pestle and mortar,False,0,15,,independent,IND,,,₹61.34 L,M.Sivakumar,90657,Bachelor's Degree
Male,30,61,Ship,False,0,16,,independent,IND,,,₹14.27 L,S.Sundaramoorthy Pandiyar,90658,12th Grade (HSC / +2)
Male,30,49,Bricks,False,0,17,,independent,IND,,,"₹1,000",R.Muthukumar,90659,10th Grade (SSLC)
Male,30,47,Water melon,False,0,18,,independent,IND,,,₹19.55 L,P.Ravichandran,90660,Bachelor's Degree
Male,30,35,Road roller,False,0,19,,independent,IND,,,"₹55,000",N.Ramkumar,90661,Diploma / ITI
Male,30,33,Noodles bowl,False,0,20,,independent,IND,,,₹4.27 L,Rajesh T R,90662,Bachelor's Degree
Male,30,30,Flute,False,0,21,,independent,IND,,,₹5.61 L,S.Vetri Vel,90663,Bachelor's Degree
Male,30,61,Diamond,False,0,22,,independent,IND,,,₹45.99 L,R.Jawahar,90664,Master's Degree
Male,30,46,Matchbox,False,0,23,,independent,IND,,,₹6.69 L,G.John Pandian,90665,12th Grade (HSC / +2)
Male,31,65,Two leaves,False,0,1,,nda,AIADMK,,,₹7.33 Cr,C.Rajendran,90666,Bachelor's Degree
Female,31,55,Rising sun,False,0,2,,spa,DMK,,,₹12.89 Cr,R.S.Kiruthika Devi,90667,Bachelor's Degree
Female,31,63,Farmer Carrying Plough,False,0,3,,ntk,NTK,,,₹2.29 Cr,S.Tamilchelvi,90668,Doctorate (Ph.D / MD)
Male,31,27,Elephant,False,0,4,,others,BSP,,,₹10.90 L,M.Raja,90669,10th Grade (SSLC)
Male,31,34,Whistle,False,0,5,,tvk,TVK,,,₹nan,D.Sarathkumar,90670,Bachelor's Degree
Male,31,62,Pestle and mortar,False,0,6,,others,VTVTK,,,₹30.81 L,Sivaraman.S,90671,Bachelor's Degree
Male,31,39,Spanner,False,0,7,,others,NIP,,,₹1.48 L,Thambiraj.E,90672,Master's Degree
Male,31,35,Ship,False,0,8,,others,DMA,,,₹6.22 L,S.Parthiban,90673,9th Grade
Male,31,43,Camera,False,0,9,,others,TAVK,,,₹18.62 L,P.Pon Raja,90674,9th Grade
Male,31,31,Diamond,False,0,10,,independent,IND,,,"₹26,000",S.Karthik,90675,Bachelor's Degree
Male,31,31,Gas cylinder,False,0,11,,independent,IND,,,₹48.90 L,Sarathkumar. R,90676,Bachelor's Degree
Male,31,49,Electric pole,False,0,12,,independent,IND,,,"₹10,000",T.Dhivakaran,90677,10th Grade (SSLC)
Male,31,45,Sewing machine,False,0,13,,independent,IND,,,₹2.55 L,S.Balasubramanian,90678,10th Grade (SSLC)
Male,31,61,Football player,False,0,14,,independent,IND,,,"₹35,000",R.Ravikumar,90679,9th Grade
Male,31,48,Mixee,False,0,15,,independent,IND,,,₹15.52 L,M.Jacob,90680,12th Grade (HSC / +2)
Female,32,56,Farmer Carrying Plough,False,0,1,,ntk,NTK,,,₹23.63 L,Amutha.N,90681,Bachelor's Degree
Male,32,47,Two leaves,False,0,2,,nda,AIADMK,,,₹4.26 Cr,M.Gajendran,90682,Bachelor's Degree
Male,32,43,Rising sun,False,0,3,,spa,DMK,,,₹3.69 Cr,Karthikdhandapani,90683,Bachelor's Degree
Male,32,46,Elephant,False,0,4,,others,BSP,,,₹4.22 L,S.Saravanan,90684,Not Specified
Male,32,44,Camera,False,0,5,,others,TAVK,,,₹38.07 L,S.Selvam (A) Chella,90685,Bachelor's Degree
Male,32,37,Whistle,False,0,6,,tvk,TVK,,,₹61.15 L,S.Thiyagarajan,90686,Bachelor's Degree
Male,32,41,Peas,False,0,7,,independent,IND,,,₹1.20 L,M.Anandan,90687,10th Grade (SSLC)
Male,32,44,Ship,False,0,8,,independent,IND,,,₹2.28 L,A.Esakkiappan,90688,Bachelor's Degree
Male,32,33,Air conditioner,False,0,9,,independent,IND,,,₹29.66 L,Karthick.A,90689,Diploma / ITI
Male,32,29,Electric pole,False,0,10,,independent,IND,,,"₹21,000",G.Christopher,90690,Bachelor's Degree
Male,32,51,Bat,False,0,11,,independent,IND,,,₹2.66 L,S.Delhi Babu,90691,Master's Degree
Male,32,51,Stapler,False,0,12,,independent,IND,,,"₹83,419",T.Prem Balaji,90692,Bachelor's Degree
Male,32,45,Coconut farm,False,0,13,,independent,IND,,,₹15.65 L,V.Ramakrishnan,90693,Diploma / ITI
Male,32,34,Water melon,False,0,14,,independent,IND,,,₹1.81 L,C.Vimalraj,90694,Master's Degree
Male,32,48,Nail cutter,False,0,15,,independent,IND,,,₹12.45 L,P.George Devadoss,90695,Bachelor's Degree
Male,33,70,Farmer Carrying Plough,False,0,1,,ntk,NTK,,,₹3.03 Cr,Ambeth Rajan,90696,Bachelor's Degree
Male,33,57,Pot,False,0,2,,spa,VCK,,,₹10.73 Cr,R.Panneerdoss,90697,Bachelor's Degree
Male,33,36,Elephant,False,0,3,,others,BSP,,,₹19.21 L,Dr.D.Vinoth Kumar,90698,12th Grade (HSC / +2)
Male,33,46,Gas cylinder,False,0,4,,others,MAMK,,,₹nan,A.Selvaraj,90699,Not Specified
Male,33,43,Boat with man and sail,False,0,5,,others,SP,,,₹7.27 L,V.Desappan,90700,9th Grade
Male,33,55,Mango,False,0,6,,nda,PMK,,,₹5.01 Cr,K.Balu,90701,Bachelor's Degree
Male,33,32,Whistle,False,0,7,,tvk,TVK,,,₹35.70 L,B.Vijayaraj,90702,Bachelor's Degree
Male,33,34,Ship,False,0,8,,independent,IND,,,₹1.19 L,V M Chandiran,90703,Bachelor's Degree
Male,33,33,Table,False,0,9,,independent,IND,,,₹6.15 L,S.Gnanasekaran,90704,Bachelor's Degree
Male,33,48,Cauliflower,False,0,10,,independent,IND,,,₹5.08 L,D.Panneerselvam,90705,9th Grade
Male,33,46,CCTV Camera,False,0,11,,independent,IND,,,₹94.93 L,S.Meshak,90706,8th Grade
Male,34,61,Pot,False,0,1,,spa,VCK,,,₹1.41 Cr,Sinthanai Selvan,90707,Not Specified
Female,34,31,Farmer Carrying Plough,False,0,2,,ntk,NTK,,,₹5.39 L,Swathilakshmi Sekar,90708,Bachelor's Degree
Male,34,64,Two leaves,False,0,3,,nda,AIADMK,,,₹189.00 Cr,Rajasekar. E,90709,Not Specified
Male,34,39,Camera,False,0,4,,others,TAVK,,,₹16.00 L,Gangadurai. K,90710,9th Grade
Male,34,49,Coconut farm,False,0,5,,ajpk,AIPTMMK,,,₹2.58 L,Murugavel. A,90711,Bachelor's Degree
Male,34,46,Whistle,False,0,6,,tvk,TVK,,,₹81.92 L,Mohan Raja.M.G.K,90712,Diploma / ITI
Male,34,46,CCTV Camera,False,0,7,,independent,IND,,,"₹52,000",Ambethkar. S,91989,6th Grade
Male,34,37,Pen drive,False,0,8,,independent,IND,,,"₹10,000",Arun. C,90714,12th Grade (HSC / +2)
Male,34,34,Water tank,False,0,9,,independent,IND,,,"₹52,000",Ezhil. E,90715,10th Grade (SSLC)
Male,34,32,Diesel pump,False,0,10,,independent,IND,,,"₹81,000",Krishnakanth. E,90716,10th Grade (SSLC)
Male,34,39,Diamond,False,0,11,,independent,IND,,,₹nan,Gopikrishna. D,90717,Bachelor's Degree
Male,34,40,Bucket,False,0,12,,independent,IND,,,₹3.06 L,Raja. K,90718,10th Grade (SSLC)
Male,34,31,Matchbox,False,0,13,,independent,IND,,,₹nan,Jegan. M,90719,Not Specified
Female,35,48,Rising sun,False,0,1,,spa,DMK,,,₹24.00 L,S.Amulu Ponmalar,90720,10th Grade (SSLC)
Female,35,44,Two leaves,True,0,2,,nda,AIADMK,,,₹79.53 L,Maragatham Kumaravel.K,90721,Master's Degree
Male,35,36,Elephant,False,0,3,,others,BSP,,,₹8.23 L,Neelam E.Ramkumar,90722,Bachelor's Degree
Male,35,33,Farmer Carrying Plough,False,0,4,,ntk,NTK,,,₹5.16 L,G.Janakiraman,90723,Master's Degree
Female,35,53,Whistle,False,0,5,,tvk,TVK,,,₹74.75 L,Ezhil Katharine Ezhilmalai,90724,Master's Degree
Male,35,39,Coconut farm,False,0,6,,ajpk,AIPTMMK,,,₹1.91 L,R.Sugan,90725,Diploma / ITI
Male,35,32,Camera,False,0,7,,others,TAVK,,,₹3.29 L,S.Punniyakotti,93640,7th Grade
Male,35,62,Ship,False,0,8,,independent,IND,,,"₹12,000",M.Kadirvel,90727,Master's Degree
Female,35,49,Diamond,False,0,9,,independent,IND,,,₹5.55 L,Ranjitham.M,90728,10th Grade (SSLC)
Male,36,71,Rising sun,True,0,1,,spa,DMK,,,₹nan,Sundar.K,90729,Bachelor's Degree
Male,36,56,Farmer Carrying Plough,False,0,2,,ntk,NTK,,,₹42.76 L,Maram Masilamani.B.S,90730,Master's Degree
Male,36,44,Balloon,False,0,3,,others,DMSK,,,₹1.60 Cr,Sivakumar.A,90731,Master's Degree
Male,36,46,Mango,False,0,4,,nda,PMK,,,₹41.59 L,Mageshkumar.P,90732,Bachelor's Degree
Male,36,43,Whistle,False,0,5,,tvk,TVK,,,₹6.91 Cr,Munirathinam.J,90733,Bachelor's Degree
Male,36,54,Camera,False,0,6,,others,TAVK,,,₹6.30 L,Jakirusan.D,90734,Primary (Up to 4th)
Male,36,28,Wallet,False,0,7,,independent,IND,,,₹2.37 L,Anbu.V,90735,Bachelor's Degree
Male,36,28,Flute,False,0,8,,independent,IND,,,₹9.52 L,Kamalakannan.K,90736,9th Grade
Male,36,36,Batsman,False,0,9,,independent,IND,,,₹4.46 L,Gunasekar.V,90737,10th Grade (SSLC)
Male,36,59,Matchbox,False,0,10,,independent,IND,,,₹1.16 L,Cittibabu.R,90738,8th Grade
Male,36,57,Water melon,False,0,11,,independent,IND,,,₹4.11 L,Devarajan.C,90739,9th Grade
Male,36,68,Hand cart,False,0,12,,independent,IND,,,"₹17,000",Deventhiramoorthy.S,90740,6th Grade
Male,36,29,Road roller,False,0,13,,independent,IND,,,₹21.30 L,Magesh Kumar.T,90741,Master's Degree
Female,36,37,Ship,False,0,14,,independent,IND,,,"₹30,000",Maheswari.J,90742,Not Specified
Male,37,57,Two leaves,False,0,1,,nda,AIADMK,,,"₹71,270",V.Somasundaram,90743,5th Grade
Female,37,38,Rising sun,False,0,2,,spa,DMK,,,₹nan,Nithya Sugumar,90744,12th Grade (HSC / +2)
Female,37,52,Farmer Carrying Plough,False,0,3,,ntk,NTK,,,₹44.31 L,Vetriselvi,90745,Master's Degree
Male,37,50,Whistle,False,0,4,,tvk,TVK,,,₹1.64 Cr,R.V.Ranjithkumar,90746,Bachelor's Degree
Male,37,31,Jackfruit,False,0,5,,others,ACDP,,,₹nan,M.Nandhakumar,90747,Not Specified
Male,37,36,Camera,False,0,6,,others,TAVK,,,₹88.90 L,V.Naresh,90748,9th Grade
Male,37,46,Coconut farm,False,0,7,,ajpk,AIPTMMK,,,₹1.98 L,P.Venkatesan,90749,Diploma / ITI
Male,37,43,Bat,False,0,8,,independent,IND,,,"₹70,149",M.Somasundaram,90750,8th Grade
Male,37,43,Water melon,False,0,9,,independent,IND,,,"₹70,149",V.Somasundaram,90751,8th Grade
Male,37,55,Balloon,False,0,10,,independent,IND,,,₹nan,Gnanamoorthy,90752,Not Specified
Male,37,53,Bucket,False,0,11,,independent,IND,,,"₹31,141",C.Dillibabu,90753,9th Grade
Male,37,26,Diamond,False,0,12,,independent,IND,,,"₹40,329",E.Dhakshnamoorthy,90754,Diploma / ITI
Male,37,37,Pressure cooker,False,0,13,,independent,IND,,,₹49.31 L,G.Babu,90755,6th Grade
Male,37,28,Ring,False,0,14,,independent,IND,,,₹9.31 L,M.Balaji,90756,Bachelor's Degree
Male,37,45,Ship,False,0,15,,independent,IND,,,₹16.36 L,M.Meganathan,90757,10th Grade (SSLC)
Female,38,56,Pot,False,0,1,,spa,VCK,,,₹8.66 Cr,Ezhil Caroline,90758,Bachelor's Degree
Male,38,47,Elephant,False,0,2,,others,BSP,,,"₹89,000",P.Sudhakar,90759,12th Grade (HSC / +2)
Male,38,62,Two leaves,True,0,3,,nda,AIADMK,,,₹34.69 L,S.Ravi,90760,Bachelor's Degree
Male,38,29,Farmer Carrying Plough,False,0,4,,ntk,NTK,,,₹1.05 Cr,K.Rajkumar,90761,10th Grade (SSLC)
Male,38,52,Whistle,False,0,5,,tvk,TVK,,,₹3.33 Cr,V.Gandhiraj,90762,Bachelor's Degree
Male,38,54,Camera,False,0,6,,others,TAVK,,,"₹20,000",N.Lakshmipathy,90763,Bachelor's Degree
Male,38,52,Gas cylinder,False,0,7,,ajpk,AJPK,,,₹nan,Vetrivel. M,90764,Bachelor's Degree
Male,38,49,Balloon,False,0,8,,independent,IND,,,₹2.56 L,P.Govindaraj,90765,12th Grade (HSC / +2)
Male,38,38,Stapler,False,0,9,,independent,IND,,,₹1.83 L,M.Santhanam,90766,Not Specified
Male,38,29,Road roller,False,0,10,,independent,IND,,,₹1.55 L,N.Praveenkumar,90767,Bachelor's Degree
Male,38,33,Pendulum,False,0,11,,independent,IND,,,₹4.33 L,M.Manikandan,90768,Bachelor's Degree
Male,38,44,Ship,False,0,12,,independent,IND,,,"₹6,000",T.Muralidharan,90769,Bachelor's Degree
Male,38,65,Scissors,False,0,13,,independent,IND,,,"₹22,305",G.Mohan,90770,10th Grade (SSLC)
Male,39,36,Farmer Carrying Plough,False,0,1,,ntk,NTK,,,"₹23,000",A.Ashok Kumar,90771,Bachelor's Degree
Male,39,41,Elephant,False,0,2,,others,BSP,,,₹2.11 L,M.Giridharan,90772,Diploma / ITI
Male,39,70,Hand,True,0,3,,spa,INC,,,₹92.48 Cr,A.M.Munirathinam,90773,10th Grade (SSLC)
Male,39,32,Whistle,False,0,4,,tvk,TVK,,,₹75.05 L,G.Kapil,90774,Not Specified
Male,39,51,Mango,False,0,5,,nda,PMK,,,₹60.10 L,K.Saravanan,90775,Bachelor's Degree
Male,39,47,Camera,False,0,6,,others,TAVK,,,₹28.48 L,Sudhakar.K,90776,Bachelor's Degree
Male,39,55,Gas cylinder,False,0,7,,others,VBA,,,₹25.80 L,S.Senthilkumar,90777,12th Grade (HSC / +2)
Male,39,33,Pestle and mortar,False,0,8,,others,VTVTK,,,₹2.95 L,R.Vinoth,90778,10th Grade (SSLC)
Male,39,36,Grapes,False,0,9,,independent,IND,,,₹3.05 L,A.Anandan,90779,Bachelor's Degree
Male,39,41,Batsman,False,0,10,,independent,IND,,,₹1.43 L,S.Ilayaraja,90780,Bachelor's Degree
Male,39,33,Rubber stamp,False,0,11,,independent,IND,,,₹2.34 L,Kaviyarasan.Subiramani,90781,Bachelor's Degree
Male,39,50,Truck,False,0,12,,independent,IND,,,₹60.45 L,N.Gopalakrishnan,90782,12th Grade (HSC / +2)
Male,39,50,T.V.Remote,False,0,13,,independent,IND,,,₹10.61 L,V.Sadhasivam,90783,Diploma / ITI
Male,39,44,Iron,False,0,14,,independent,IND,,,₹3.92 L,Santhanam.R,90784,6th Grade
Male,39,33,Scissors,False,0,15,,independent,IND,,,"₹40,000",R.Sethupathi,90785,Not Specified
Male,39,33,Diamond,False,0,16,,independent,IND,,,₹3.62 L,M.Dinesh,90786,10th Grade (SSLC)
Male,39,43,Stapler,False,0,17,,independent,IND,,,₹3.02 L,A.Palani,90787,10th Grade (SSLC)
Male,39,48,Capsicum,False,0,18,,independent,IND,,,₹7.30 L,N.Mani,90788,10th Grade (SSLC)
Male,39,49,Television,False,0,19,,independent,IND,,,"₹20,000",K.Munisamy,90789,10th Grade (SSLC)
Male,39,56,Bucket,False,0,20,,independent,IND,,,"₹80,000",V.Munirathinam,90790,10th Grade (SSLC)
Male,39,54,Flute,False,0,21,,independent,IND,,,"₹45,000",T.Rajendran,90791,10th Grade (SSLC)
Male,39,42,Water melon,False,0,22,,independent,IND,,,₹4.23 L,M.Vijayan,90792,6th Grade
Male,39,34,Matchbox,False,0,23,,independent,IND,,,₹10.86 L,V.Hemachandiran,90793,Diploma / ITI
Male,40,49,Farmer Carrying Plough,False,0,1,,ntk,NTK,,,₹1.21 Cr,S.Thirukkumaran,90794,Master's Degree
Male,40,87,Rising sun,True,0,2,True,spa,DMK,,,₹8.03 Cr,Duraimurugan,90795,Master's Degree
Male,40,53,Elephant,False,0,3,,others,BSP,,,₹6.33 L,J.Ramesh,90796,10th Grade (SSLC)
Male,40,63,Two leaves,False,0,4,,nda,AIADMK,,,₹8.68 Cr,V.Ramu,90797,Bachelor's Degree
Female,40,31,Ship,False,0,5,,others,TMMDK,,,₹10.50 L,Indu .W,90798,Not Specified
Male,40,45,Gas cylinder,False,0,6,,others,IDMK,,,"₹12,000",Ganesan .P,90799,5th Grade
Male,40,73,Coconut farm,False,0,7,,ajpk,AIPTMMK,,,₹10.30 L,V.Chandran,90800,10th Grade (SSLC)
Male,40,52,Whistle,False,0,8,,tvk,TVK,,,₹23.80 Cr,Dr M Sudhakar,90801,Not Specified
Male,40,32,Ring,False,0,9,,others,TNIK,,,₹nan,S.Balaji,90802,Not Specified
Male,40,70,Electric pole,False,0,10,,independent,IND,,,₹1.12 L,S.Raman,90803,Diploma / ITI
Male,40,44,Jackfruit,False,0,11,,independent,IND,,,₹43.26 L,Saravanan .D,90804,12th Grade (HSC / +2)
Male,40,44,Gramophone,False,0,12,,independent,IND,,,₹5.04 L,M.Suthakar,90805,10th Grade (SSLC)
Male,40,53,Bat,False,0,13,,independent,IND,,,"₹10,000",Dhanasekar,90806,10th Grade (SSLC)
Male,40,45,Diamond,False,0,14,,independent,IND,,,₹14.20 L,Dhananchezhiyan,90807,10th Grade (SSLC)
Male,40,33,Peas,False,0,15,,independent,IND,,,₹10.69 L,D.Ramu,90808,Diploma / ITI
Male,41,80,Rising sun,True,0,1,,spa,DMK,,,₹91.04 Cr,R.Gandhi,90809,10th Grade (SSLC)
Male,41,55,Lotus,False,0,2,,nda,BJP,,,₹2.85 Cr,V.M.Karthikeyan,90810,Bachelor's Degree
Female,41,27,Farmer Carrying Plough,False,0,3,,ntk,NTK,,,₹41.65 L,Thaarikha Salman,90811,Bachelor's Degree
Female,41,28,Elephant,False,0,4,,others,BSP,,,₹10.42 L,J.Jeniferjanet,90812,Bachelor's Degree
Female,41,40,Whistle,False,0,5,,tvk,TVK,,,"₹25,000",Thahira,90813,10th Grade (SSLC)
Male,41,46,Ginger,False,0,6,,others,ACDP,,,₹18.54 L,S.Munisamy,90814,Bachelor's Degree
Male,41,33,Camera,False,0,7,,others,TAVK,,,₹7.81 L,N.Viswanathan,90815,10th Grade (SSLC)
Male,41,82,Diamond,False,0,8,,independent,IND,,,₹80.75 L,J.Hassain,90816,Bachelor's Degree
Male,41,53,Tea filter,False,0,9,,independent,IND,,,₹nan,K.Sakthivel Nathan,90817,12th Grade (HSC / +2)
Male,41,42,Frying pan,False,0,10,,independent,IND,,,₹nan,N.Sugumar,90818,8th Grade
Male,41,47,Ship,False,0,11,,independent,IND,,,₹nan,V.Suresh,90819,6th Grade
Male,41,49,CCTV Camera,False,0,12,,independent,IND,,,₹90.25 L,V.Dharmendiran,90820,Bachelor's Degree
Male,41,42,Matchbox,False,0,13,,independent,IND,,,₹69.98 L,A.Nareshkumar,90821,7th Grade
Male,41,39,Gas cylinder,False,0,14,,independent,IND,,,₹2.46 L,J.Mohan,90822,12th Grade (HSC / +2)
Male,41,70,Pestle and mortar,False,0,15,,independent,IND,,,₹78.40 L,S.Jayaprakash,90823,8th Grade
Female,42,32,Farmer Carrying Plough,False,0,1,,ntk,NTK,,,₹nan,Archana Narasimman,90824,Not Specified
Male,42,47,Rising sun,True,0,2,,spa,DMK,,,₹6.09 Cr,J.L.Eswarappan,90825,Bachelor's Degree
Male,42,65,Two leaves,False,0,3,,nda,AIADMK,,,₹23.51 Cr,S.M.Sukumar,90826,10th Grade (SSLC)
Male,42,33,Elephant,False,0,4,,others,BSP,,,"₹5,554",M.Vasanthakumar,90827,Bachelor's Degree
Male,42,54,Diamond,False,0,5,,others,VBA,,,₹1.55 L,V.Gandhi,90828,10th Grade (SSLC)
Male,42,56,Gas cylinder,False,0,6,,ajpk,AJPK,,,₹15.88 L,S.P.Shanmugam,90829,Bachelor's Degree
Male,42,42,Ship,False,0,7,,others,ACDP,,,₹3.38 L,V.Seetharaman,90830,10th Grade (SSLC)
Male,42,41,Whistle,False,0,8,,tvk,TVK,,,₹61.00 L,G.Vijay Mohan,91792,5th Grade
Male,42,54,Camera,False,0,9,,others,TAVK,,,₹28.41 L,P.Venkatesan,90832,5th Grade
Female,42,44,Flute,False,0,10,,independent,IND,,,₹70.20 L,R.Indhumathi,90833,12th Grade (HSC / +2)
Male,42,44,Water melon,False,0,11,,independent,IND,,,"₹40,260",Eswarappan.M,90834,Not Specified
Female,42,62,Grapes,False,0,12,,independent,IND,,,₹nan,V.Shanthi,90835,9th Grade
Male,42,47,Door bell,False,0,13,,independent,IND,,,"₹60,000",K.Manikandan,90836,10th Grade (SSLC)
Male,42,30,Road roller,False,0,14,,independent,IND,,,"₹75,000",A.Vijay,90837,Not Specified
Male,43,48,Two leaves,False,0,1,,nda,AIADMK,,,₹2.22 Cr,S R K Appu,90838,Bachelor's Degree
Male,43,65,Rising sun,False,0,2,,spa,DMK,,,₹29.32 Cr,P.Karthikeyan,90839,5th Grade
Female,43,25,Farmer Carrying Plough,False,0,3,,ntk,NTK,,,₹8.57 L,A.Soniya,90840,Bachelor's Degree
Male,43,56,Camera,False,0,4,,others,TAVK,,,₹29.38 L,S.M.Irshad,90841,8th Grade
Male,43,56,Laptop,False,0,5,,others,SFRBC,,,₹18.40 L,S.Giridhara Prasad,90842,Bachelor's Degree
Male,43,74,Bangles,False,0,6,,others,APP,,,₹30.10 L,K.Muniyappan,90843,Master's Degree
Male,43,52,Gas cylinder,False,0,7,,others,VKVIP,,,₹23.35 L,K.M.Vinaayagam,90844,Bachelor's Degree
Female,43,41,Spanner,False,0,8,,others,NIP,,,"₹50,013",K.Vimala,90845,Not Specified
Male,43,37,Whistle,False,0,9,,tvk,TVK,,,₹2.12 Cr,M.M.Vinoth Kannan,90846,10th Grade (SSLC)
Male,43,34,Pan,False,0,10,,others,AMGRDMK,,,"₹61,282",M.Vinothkumar,90847,Diploma / ITI
Male,43,25,Binoculars,False,0,11,,others,AIJMK,,,"₹46,500",S.Appu,90848,Bachelor's Degree
Male,43,35,CCTV Camera,False,0,12,,independent,IND,,,₹1.02 L,S.Madhan Kumar,90849,Diploma / ITI
Male,43,31,Flute,False,0,13,,independent,IND,,,₹12.31 L,S.Rajkamal,90850,Bachelor's Degree
Male,43,40,Bat,False,0,14,,independent,IND,,,₹5.58 L,M.Loganathan,90851,Diploma / ITI
Male,43,34,Water melon,False,0,15,,independent,IND,,,₹10.93 L,U.Vijaya Kumar,90852,Diploma / ITI
Male,44,57,Rising sun,True,0,1,,spa,DMK,,,₹nan,A.P.Nandakumar,90853,12th Grade (HSC / +2)
Male,44,29,Farmer Carrying Plough,False,0,2,,ntk,NTK,,,₹18.54 L,M.Ravikumar,90854,Not Specified
Male,44,56,Two leaves,False,0,3,,nda,AIADMK,,,₹5.28 Cr,D.Velazhagan,90855,10th Grade (SSLC)
Male,44,47,Gas Stove,False,0,4,,others,NAMK,,,₹2.65 L,R.Saravanan,93091,7th Grade
Male,44,44,Camera,False,0,5,,others,TAVK,,,₹2.50 L,V.Vinothkanna,90857,10th Grade (SSLC)
Male,44,53,Green chilli,False,0,6,,ajpk,AJPK,,,"₹50,396",V.S.Venkatesh,90858,Master's Degree
Male,44,46,Whistle,False,0,7,,tvk,TVK,,,₹68.44 L,R.Velmurugan,90859,9th Grade
Male,44,42,Gas cylinder,False,0,8,,others,PT,,,"₹60,000",P.Jayaseelan,90860,Bachelor's Degree
Male,44,40,Balloon,False,0,9,,independent,IND,,,₹nan,E.Suresh,90861,Bachelor's Degree
Male,44,65,Bat,False,0,10,,independent,IND,,,₹13.50 L,S.Selvamoorthy,90862,Not Specified
Male,44,38,Electric pole,False,0,11,,independent,IND,,,₹1.77 L,M.Nandha Kumar,90863,10th Grade (SSLC)
Male,44,55,Iron,False,0,12,,independent,IND,,,₹1.59 L,K.Manoharan,90864,8th Grade
Male,44,43,Water tank,False,0,13,,independent,IND,,,"₹1,000",R.Ramesh,90865,Not Specified
Female,45,50,Rising sun,False,0,1,,spa,DMK,,,₹3.67 Cr,Rajeswari. R,90866,Not Specified
Female,45,35,Farmer Carrying Plough,False,0,2,,ntk,NTK,,,"₹35,498",Kalaiyenthiri. R,90867,Bachelor's Degree
Male,45,59,Two leaves,False,0,3,,nda,AIADMK,,,₹63.97 L,Jegan Moorthy. M,90868,Not Specified
Male,45,67,Coconut farm,False,0,4,,ajpk,AIPTMMK,,,₹27.05 L,Anandalai Thangaraj. M,90869,Master's Degree
Male,45,34,Whistle,False,0,5,,tvk,TVK,,,₹1.17 Cr,Thenral Kumar. E,90870,Bachelor's Degree
Male,45,51,Camera,False,0,6,,others,TAVK,,,₹nan,Raja. M,90871,10th Grade (SSLC)
Male,45,52,Bucket,False,0,7,,independent,IND,,,"₹55,000",Kumaresan. L,90872,10th Grade (SSLC)
Male,45,37,Almirah,False,0,8,,independent,IND,,,"₹32,000",Sathish. A,90873,Bachelor's Degree
Male,45,36,Batsman,False,0,9,,independent,IND,,,₹nan,Murugan. K.P,90874,Not Specified
Male,45,37,Brush,False,0,10,,independent,IND,,,"₹55,000",Jayashankar. J,90875,9th Grade
Male,45,29,Frying pan,False,0,11,,independent,IND,,,"₹55,000",Jaya Bharath. J,90876,Bachelor's Degree
Male,46,73,Farmer Carrying Plough,False,0,1,,ntk,NTK,,,₹27.08 L,J.Emalan,90877,Master's Degree
Female,46,42,Two leaves,False,0,2,,nda,AIADMK,,,₹47.99 L,Paritha Purushothaman.G,90878,Master's Degree
Male,46,46,Nagara,False,0,3,,spa,DMDK,,,₹57.84 L,K.B.Pradap,90879,Bachelor's Degree
Male,46,34,Elephant,False,0,4,,others,BSP,,,₹3.66 L,T.Poovarasan,90880,10th Grade (SSLC)
Female,46,40,Gas cylinder,False,0,5,,others,PT,,,₹2.13 L,K.Asha,90881,12th Grade (HSC / +2)
Female,46,37,Whistle,False,0,6,,tvk,TVK,,,₹10.01 L,K.Sindu,90882,Master's Degree
Female,46,52,Coconut farm,False,0,7,,ajpk,AIPTMMK,,,₹20.81 L,K.Thabithal,90883,Master's Degree
Male,46,49,Diamond,False,0,8,,independent,IND,,,₹7.26 L,Subakaran.A,90884,Bachelor's Degree
Female,46,46,Electric pole,False,0,9,,independent,IND,,,₹20.52 L,M.Sumathi,90885,10th Grade (SSLC)
Male,46,39,Matchbox,False,0,10,,independent,IND,,,₹10.50 L,Bharath Mathiruban,90886,Bachelor's Degree
Male,46,47,Bat,False,0,11,,independent,IND,,,"₹52,000",A.Rajesh,90887,10th Grade (SSLC)
Male,47,65,Elephant,False,0,1,,others,BSP,,,₹nan,Subramani.P,90888,12th Grade (HSC / +2)
Male,47,42,Two leaves,False,0,2,,nda,AIADMK,,,₹4.99 Cr,Sendhil Kumar.G,90889,Master's Degree
Male,47,33,Farmer Carrying Plough,False,0,3,,ntk,NTK,,,₹11.69 L,Murugesan.G,90890,Diploma / ITI
Male,47,34,Gas cylinder,False,0,4,,ajpk,AJPK,,,₹27.01 L,Anbarasu.P,90891,Bachelor's Degree
Female,47,66,Pressure cooker,False,0,5,,others,MAK,,,"₹25,000",Sundarammal,90892,Not Specified
Male,47,64,Ladder,False,0,6,,spa,IUML,,,₹1.67 Cr,Syed Farooq Basha Ssb,90893,5th Grade
Male,47,36,Whistle,False,0,7,,tvk,TVK,,,₹nan,Syed Bhurhanudeen,90894,Bachelor's Degree
Male,47,53,Camera,False,0,8,,others,TAVK,,,₹nan,Devendran.J,90895,Diploma / ITI
Male,47,60,Coconut farm,False,0,9,,independent,IND,,,"₹71,000",Abdul Wahid.A,93422,7th Grade
Male,47,50,Mike,False,0,10,,independent,IND,,,"₹29,875",Srinivasan.A,90897,Primary (Up to 4th)
Male,47,42,Gift pack,False,0,11,,independent,IND,,,₹6.43 L,Selvaraj.M,90898,8th Grade
Male,47,26,CCTV Camera,False,0,12,,independent,IND,,,₹12.81 L,Naveen.R,90899,Not Specified
Male,47,35,Stumps,False,0,13,,independent,IND,,,₹6.55 L,Manjunath.K,90900,Not Specified
Male,47,35,Laptop,False,0,14,,independent,IND,,,₹44.25 L,Manoj.S,90901,Bachelor's Degree
Male,47,41,Ship,False,0,15,,independent,IND,,,₹52.50 L,Rajesh.T,90902,Bachelor's Degree
Female,48,42,Farmer Carrying Plough,False,0,1,,ntk,NTK,,,₹21.18 L,Afshia Nasrin. S,90903,Master's Degree
Male,48,55,Elephant,False,0,2,,others,BSP,,,₹77.08 L,Wazeer Ahmed. J,90904,Not Specified
Male,48,66,Rising sun,True,0,3,,spa,DMK,,,₹43.02 L,Vilwanathan. A.C,90905,12th Grade (HSC / +2)
Male,48,61,Two leaves,False,0,4,,nda,AIADMK,,,₹4.10 Cr,Venkatesan. R,90906,Bachelor's Degree
Male,48,46,Camera,False,0,5,,others,INL,,,₹50.00 L,Asadullah. B,90907,10th Grade (SSLC)
Male,48,41,Whistle,False,0,6,,tvk,TVK,,,₹13.42 L,Imthiyaz Pandarattudu Abdu,90908,Master's Degree
Male,48,53,Ship,False,0,7,,others,AIMEIEM,,,₹9.36 L,Kareem Basha. A,90909,Master's Degree
Male,48,67,Ring,False,0,8,,others,AIYDP,,,₹5.86 L,Govindhan. A,90910,Not Specified
Female,48,45,Pressure cooker,False,0,9,,others,MAK,,,"₹25,000",Sasi Reka. Y,90911,10th Grade (SSLC)
Male,48,36,Coconut farm,False,0,10,,ajpk,AIPTMMK,,,₹13.50 L,Haroon Rasheed Badu,90912,7th Grade
Male,48,50,Diamond,False,0,11,,independent,IND,,,₹1.05 L,Kumaravel. P,90913,Not Specified
Male,48,33,Gas cylinder,False,0,12,,independent,IND,,,₹6.00 L,Firdose Ahmed. M,90914,10th Grade (SSLC)
Male,48,51,Bat,False,0,13,,independent,IND,,,₹nan,Mushtaq Ahmed Kutlappai,90915,10th Grade (SSLC)
Male,48,46,Pen nib with seven rays,False,0,14,,independent,IND,,,₹12.12 L,Viswanathan. J,90916,10th Grade (SSLC)
Male,48,33,Peas,False,0,15,,independent,IND,,,₹12.40 L,Venkatesan. M,90917,Diploma / ITI
Male,48,34,Laptop,False,0,16,,independent,IND,,,"₹15,000",Srinath,90918,Bachelor's Degree
Female,49,42,Rising sun,False,0,1,,spa,DMK,,,₹1.42 Cr,Kavithadhandapani,90919,Bachelor's Degree
Female,49,37,Farmer Carrying Plough,False,0,2,,ntk,NTK,,,₹52.99 L,Sasirekha K,90920,Bachelor's Degree
Male,49,51,Elephant,False,0,3,,others,BSP,,,"₹90,000",Sivakumar V C,90921,10th Grade (SSLC)
Male,49,61,Two leaves,False,0,4,,nda,AIADMK,,,₹27.47 Cr,Veeramani K.C,90922,10th Grade (SSLC)
Male,49,76,Coconut farm,False,0,5,,others,AIUUK,,,₹5.01 L,Kalasthiri S,90923,10th Grade (SSLC)
Male,49,44,Ring,False,0,6,,others,MNK,,,₹24.96 L,Krishnamoorthy D,90924,Bachelor's Degree
Male,49,52,Camera,False,0,7,,others,TAVK,,,₹11.50 L,Sankar T.K,90925,8th Grade
Female,49,45,Pressure cooker,False,0,8,,others,MAK,,,₹nan,Sasi Reka Y,90926,10th Grade (SSLC)
Male,49,32,Pen nib with seven rays,False,0,9,,others,NMK,,,₹1.20 L,Senthamilselvan M,90856,Bachelor's Degree
Male,49,40,Whistle,False,0,10,,tvk,TVK,,,₹nan,Munisamy C,90928,5th Grade
Female,49,42,Computer,False,0,11,,independent,IND,,,"₹84,500",Kavitha C,90929,12th Grade (HSC / +2)
Female,49,31,Bat,False,0,12,,independent,IND,,,₹6.45 L,Kavitha T,90930,Master's Degree
Female,49,45,Jackfruit,False,0,13,,independent,IND,,,₹6.71 L,Kamatchi S,90931,10th Grade (SSLC)
Male,49,66,Mike,False,0,14,,independent,IND,,,"₹10,000",Chenrayan A,90932,10th Grade (SSLC)
Male,49,46,Diamond,False,0,15,,independent,IND,,,₹1.24 L,Chenna Kesavan C,90933,Master's Degree
Male,49,69,Gas cylinder,False,0,16,,independent,IND,,,₹8.80 L,Thangaraj P,90934,Bachelor's Degree
Female,49,29,Ship,False,0,17,,independent,IND,,,₹20.00 L,Priya K,90935,Diploma / ITI
Male,49,26,Bricks,False,0,18,,independent,IND,,,₹14.50 L,Mohanraj R,90936,10th Grade (SSLC)
Male,49,68,Air conditioner,False,0,19,,independent,IND,,,₹8.51 L,Veeramani H,90937,9th Grade
Male,50,47,Farmer Carrying Plough,False,0,1,,ntk,NTK,,,₹1.11 Cr,Arumugam. V,90938,Bachelor's Degree
Male,50,49,Rising sun,False,0,2,,spa,DMK,,,₹4.15 Cr,Nallathambi. A,90939,10th Grade (SSLC)
Male,50,41,Elephant,False,0,3,,others,BSP,,,"₹55,000",Rajiv Gandhi. S,90940,Bachelor's Degree
Male,50,76,Coconut farm,False,0,4,,others,AIUUK,,,₹1.01 L,Kalasthiri. S,90941,10th Grade (SSLC)
Male,50,73,Bead necklace,False,0,5,,others,MNK,,,₹1.57 Cr,Sathiyamoorthy. S,90942,Master's Degree
Male,50,64,Diamond,False,0,6,,others,AIYDP,,,₹9.12 L,Sekar. N,90943,5th Grade
Male,50,54,Pressure cooker,False,0,7,,nda,AMMK,,,₹104.14 Cr,Gnanasekar. A,90944,12th Grade (HSC / +2)
Male,50,63,Whistle,False,0,8,,tvk,TVK,,,₹10.19 Cr,Dr.Thirupathi. N,90945,Not Specified
Male,50,30,Camera,False,0,9,,others,TAVK,,,₹1.55 L,Rajesh. S,90946,12th Grade (HSC / +2)
Male,50,39,Gas cylinder,False,0,10,,ajpk,AJPK,,,₹88.86 L,Vijayakumar. G,90947,Diploma / ITI
Female,50,37,Almirah,False,0,11,,independent,IND,,,₹14.14 L,Anjali. M,90948,10th Grade (SSLC)
Male,50,27,Ludo,False,0,12,,independent,IND,,,₹nan,Govind. T.G,90949,Master's Degree
Male,50,53,Battery Torch,False,0,13,,independent,IND,,,₹5.96 L,Sankar. S,90950,Bachelor's Degree
Male,50,44,Balloon,False,0,14,,independent,IND,,,"₹27,500",Gnanasekaran. M,90951,12th Grade (HSC / +2)
Male,50,54,Chain,False,0,15,,independent,IND,,,₹104.14 Cr,Gnanasekaran. R,90952,12th Grade (HSC / +2)
Male,50,43,Wheel barrow,False,0,16,,independent,IND,,,"₹26,000",Thirupathi. C,90953,8th Grade
Male,50,50,Road roller,False,0,17,,independent,IND,,,₹15.79 L,Thirupathi. S,90954,Bachelor's Degree
Male,50,53,Bucket,False,0,18,,independent,IND,,,"₹26,500",Thirupathi. N,90955,6th Grade
Male,50,49,Matchbox,False,0,19,,independent,IND,,,₹13.00 L,Nallathambi. R,90956,8th Grade
Male,50,27,Mike,False,0,20,,independent,IND,,,"₹69,369",Balabharathi. S.V,90957,12th Grade (HSC / +2)
Female,50,43,Ship,False,0,21,,independent,IND,,,₹7.45 L,Dr.Poovalagi. P,90958,Not Specified
Male,50,26,Bat,False,0,22,,independent,IND,,,₹14.50 L,Mohan Raj. R,90959,10th Grade (SSLC)
Male,50,54,Violin,False,0,23,,independent,IND,,,"₹37,000",Ragujoseph. J,90960,Diploma / ITI
Male,50,33,Ring,False,0,24,,independent,IND,,,₹9.80 L,Venkatesan. K,90961,Bachelor's Degree
Male,51,74,Hand,False,0,1,,spa,INC,,,₹nan,R Kuppusamy,90962,10th Grade (SSLC)
Male,51,52,Two leaves,True,0,2,,nda,AIADMK,,,₹47.60 L,T M Tamilselvam,90963,10th Grade (SSLC)
Female,51,31,Farmer Carrying Plough,False,0,3,,ntk,NTK,,,₹2.32 L,Mekala,90964,Bachelor's Degree
Male,51,47,Whistle,False,0,4,,tvk,TVK,,,₹3.22 Cr,N Elaiyaraja,90965,Not Specified
Male,51,41,Camera,False,0,5,,others,TAVK,,,₹3.23 L,K Thavaraj,90966,7th Grade
Male,51,36,Matchbox,False,0,6,,others,TK,,,₹2.95 L,Palani R,90967,Bachelor's Degree
Female,51,45,Stethoscope,False,0,7,,others,BJCP,,,₹58.12 L,Rameshwari,90968,10th Grade (SSLC)
Female,51,44,Gas cylinder,False,0,8,,ajpk,AJPK,,,₹nan,Vijiyal,90969,8th Grade
Male,51,41,Mike,False,0,9,,independent,IND,,,₹1.09 Cr,Kumaravel,90970,Bachelor's Degree
Male,51,37,Laptop,False,0,10,,independent,IND,,,₹9.67 L,A Samraj,90971,8th Grade
Male,51,38,Coconut farm,False,0,11,,independent,IND,,,₹2.33 Cr,Tamilmani,90972,Master's Degree
Male,51,37,Bat,False,0,12,,independent,IND,,,₹9.77 L,Bakkiyaraj R,90973,Not Specified
Male,51,67,Carrom board,False,0,13,,independent,IND,,,₹15.06 L,Muniraj,90974,12th Grade (HSC / +2)
Male,52,31,Farmer Carrying Plough,False,0,1,,ntk,NTK,,,₹80.38 L,Kavinkumar. S,90975,Bachelor's Degree
Male,52,56,Two leaves,False,0,2,,nda,AIADMK,,,₹3.58 Cr,E.C.Govindarasan,90976,9th Grade
Male,52,63,Elephant,False,0,3,,others,BSP,,,₹18.05 L,D.Sivasankaran,90977,10th Grade (SSLC)
Male,52,59,Rising sun,False,0,4,,spa,DMK,,,₹nan,D.Mathiazhagan,90978,Bachelor's Degree
Male,52,48,Camera,False,0,5,,others,TAVK,,,"₹55,000",S.Albert Francis Xavier,90979,Master's Degree
Male,52,43,Ganna kisan,False,0,6,,others,RPI (A),,,"₹2,000",A.Sudhakar,90980,12th Grade (HSC / +2)
Male,52,35,Telephone,False,0,7,,others,PAMK,,,₹15.56 L,M.Nedunchezlian,90981,Bachelor's Degree
Male,52,36,Pen nib with seven rays,False,0,8,,others,AIYDP,,,₹1.31 L,Mani. K,90982,Not Specified
Male,52,32,Whistle,False,0,9,,tvk,TVK,,,₹8.32 L,E.Muralidharan,90983,Bachelor's Degree
Male,52,40,Gas cylinder,False,0,10,,independent,IND,,,₹7.00 L,K.Annadurai,90984,Not Specified
Female,52,39,Ship,False,0,11,,independent,IND,,,₹12.52 L,Anitha Mayaperumal,90985,Master's Degree
Male,52,57,Jackfruit,False,0,12,,independent,IND,,,₹3.49 Cr,D.Govindarajan,90986,10th Grade (SSLC)
Male,52,63,Electric pole,False,0,13,,independent,IND,,,₹2.25 L,E.C.Govindaraje,90987,Not Specified
Male,52,46,Laptop,False,0,14,,independent,IND,,,"₹14,464",S.Sasikumar,90988,Doctorate (Ph.D / MD)
Male,52,32,Mike,False,0,15,,independent,IND,,,₹5.10 L,Mathesh. R,90989,10th Grade (SSLC)
Male,53,73,Two leaves,True,0,1,,nda,AIADMK,,,₹42.84 L,Ashokkumar.K,90990,10th Grade (SSLC)
Male,53,42,Elephant,False,0,2,,others,BSP,,,₹45.31 L,Sivakumar.S,90991,Master's Degree
Female,53,53,Farmer Carrying Plough,False,0,3,,ntk,NTK,,,₹85.92 L,Suganthi,90992,Bachelor's Degree
Male,53,66,Hand,False,0,4,,spa,INC,,,₹12.31 Cr,Chellakumar.A,90993,Bachelor's Degree
Male,53,51,Ring,False,0,5,,others,VTK,,,₹9.47 L,Singaravelan Viswanathan,90994,10th Grade (SSLC)
Female,53,27,Well,False,0,6,,others,TMK,,,"₹20,500",Mangammal,90995,Not Specified
Male,53,41,Whistle,False,0,7,,tvk,TVK,,,₹33.67 L,Mukundhan.P,90996,Bachelor's Degree
Female,53,56,Camera,False,0,8,,others,TAVK,,,"₹32,570",Muthulakshmi Veerappan,90997,7th Grade
Male,53,51,Matchbox,False,0,9,,others,TK,,,₹7.75 L,Advocate.Muthaiah.S,90998,Bachelor's Degree
Male,53,51,Bat,False,0,10,,independent,IND,,,₹29.95 L,Kumaresan.M,90999,9th Grade
Male,53,56,Gas cylinder,False,0,11,,independent,IND,,,₹1.21 L,Chandramohan.K.M,91000,10th Grade (SSLC)
Male,53,36,Television,False,0,12,,independent,IND,,,₹25.25 L,Sivan.C,91001,Bachelor's Degree
Male,53,60,Coconut farm,False,0,13,,independent,IND,,,₹4.51 L,Srinivasan.K,91002,8th Grade
Male,53,32,Electric pole,False,0,14,,independent,IND,,,₹nan,Nanjundan.M,91003,6th Grade
Male,53,63,Bucket,False,0,15,,independent,IND,,,₹1.98 Cr,Venkateshraja.E,91004,Bachelor's Degree
Male,54,49,Rising sun,False,0,1,,spa,DMK,,,₹72.22 L,Srinivasan.P.S,91005,12th Grade (HSC / +2)
Male,54,27,Farmer Carrying Plough,False,0,2,,ntk,NTK,,,₹2.42 L,Nagaraj.R,91006,Bachelor's Degree
Male,54,75,Two leaves,False,0,3,,nda,AIADMK,,,₹93.35 L,Munusamy.K.P,91007,Bachelor's Degree
Male,54,39,Camera,False,0,4,,others,TAVK,,,₹21.42 L,Iyappan.L,91008,12th Grade (HSC / +2)
Male,54,46,Whistle,False,0,5,,tvk,TVK,,,₹12.83 Cr,Sampangi.S.R,91009,10th Grade (SSLC)
Male,54,26,Football player,False,0,6,,others,TNIK,,,"₹18,025",Senthilkumar.R,91010,Not Specified
Male,54,29,Well,False,0,7,,others,TMK,,,"₹26,000",Prajapathi Vijay.C,91011,Bachelor's Degree
Male,54,47,Gas cylinder,False,0,8,,independent,IND,,,₹14.00 L,Eshwaran.C,91012,8th Grade
Male,54,44,Tiller,False,0,9,,independent,IND,,,₹44.11 L,Govindaraj.G.J,91013,10th Grade (SSLC)
Male,54,48,Sitar,False,0,10,,independent,IND,,,₹6.00 L,Manoharan.K.A,91014,10th Grade (SSLC)
Male,54,42,Road roller,False,0,11,,independent,IND,,,₹1.46 Cr,Yuvaraj.K.P.U,91015,Not Specified
Male,54,61,Television,False,0,12,,independent,IND,,,₹64.09 L,Ramasamy.G.C,91016,7th Grade
Male,54,35,Diamond,False,0,13,,independent,IND,,,₹3.64 L,Venkatesan.C,91017,9th Grade
Female,55,55,Rising sun,False,0,1,,spa,DMK,,,₹nan,Sathya.S.A,91018,10th Grade (SSLC)
Male,55,57,Two leaves,False,0,2,,nda,AIADMK,,,₹68.53 Cr,Balakrishnareddy. P,91019,12th Grade (HSC / +2)
Male,55,29,Farmer Carrying Plough,False,0,3,,ntk,NTK,,,₹2.92 L,Stalin.R,91020,Diploma / ITI
Male,55,37,Ganna kisan,False,0,4,,others,RPI (A),,,₹28.24 L,Surya. Y,91021,Bachelor's Degree
Female,55,31,Well,False,0,5,,others,TMK,,,"₹21,480",Ponnumani.R,91022,Bachelor's Degree
Male,55,45,Whistle,False,0,6,,tvk,TVK,,,₹21.40 L,Vendarkarasan.S,91023,7th Grade
Male,55,41,Gas cylinder,False,0,7,,independent,IND,,,₹2.03 L,Ganesh.M,91024,Bachelor's Degree
Male,55,50,Chappals,False,0,8,,independent,IND,,,₹1.20 L,Dr.Shanmugam.A.R,91025,Master's Degree
Male,55,62,Jackfruit,False,0,9,,independent,IND,,,"₹67,000",Devappa.Y,91026,10th Grade (SSLC)
Male,55,51,Camera,False,0,10,,independent,IND,,,₹24.25 L,Pattabirama. C,91027,10th Grade (SSLC)
Male,55,34,Battery Torch,False,0,11,,independent,IND,,,₹61.76 L,Masood.S,91028,Master's Degree
Male,55,36,Television,False,0,12,,independent,IND,,,₹nan,Mariya Francis.S,91029,Master's Degree
Male,55,40,Coconut farm,False,0,13,,independent,IND,,,₹21.52 L,Rajendran.P,93537,7th Grade
Male,56,58,Ears of corn and sickle,True,0,1,,spa,CPI,,,₹nan,Ramachandran. T,91031,Bachelor's Degree
Male,56,42,Farmer Carrying Plough,False,0,2,,ntk,NTK,,,₹24.46 L,Narasimma Reddy,91032,Not Specified
Male,56,40,Lotus,False,0,3,,nda,BJP,,,₹1.93 Cr,Nagesh Kumar. C,91033,Master's Degree
Male,56,31,Camera,False,0,4,,others,TAVK,,,₹nan,Ajith. G,91034,12th Grade (HSC / +2)
Male,56,46,Whistle,False,0,5,,tvk,TVK,,,₹6.62 L,Suresh. G,91035,9th Grade
Male,56,48,Coconut farm,False,0,6,,others,AMK,,,₹6.50 L,Jayaram. N,91036,10th Grade (SSLC)
Male,56,35,Ring,False,0,7,,independent,IND,,,"₹12,500",Asanraja. K,91037,12th Grade (HSC / +2)
Male,56,36,Bucket,False,0,8,,independent,IND,,,₹15.47 L,Kumar. D.J,91038,5th Grade
Male,56,62,Jackfruit,False,0,9,,independent,IND,,,₹40.67 L,Devappa. Y,91039,10th Grade (SSLC)
Male,56,39,Computer,False,0,10,,independent,IND,,,₹32.92 L,Jagan. M,91040,Bachelor's Degree
Male,57,67,Two leaves,True,0,1,,nda,AIADMK,,,₹1.09 Cr,Anbalagan. K.P,91041,12th Grade (HSC / +2)
Male,57,48,Rising sun,False,0,2,,spa,DMK,,,₹3.59 Cr,Dnv Senthilkumar. S,91042,Not Specified
Male,57,50,Farmer Carrying Plough,False,0,3,,ntk,NTK,,,₹53.20 L,Boopathi. R,91043,Master's Degree
Male,57,49,Whistle,False,0,4,,tvk,TVK,,,₹5.92 Cr,Gopi. R,91044,Master's Degree
Female,57,58,Well,False,0,5,,others,TMK,,,"₹20,500",Palaniyammal. M,91045,Not Specified
Male,57,48,Pen nib with seven rays,False,0,6,,others,NMK,,,₹17.76 L,Ramesh. P,90927,9th Grade
Male,57,54,Camera,False,0,7,,others,TAVK,,,₹12.80 L,Jayaraman Perumal. P,91047,9th Grade
Male,57,57,Dish antenna,False,0,8,,independent,IND,,,₹50.10 L,Krishnan. L,91048,10th Grade (SSLC)
Male,57,39,Gas cylinder,False,0,9,,independent,IND,,,₹32.00 L,Chinnasamy. N,91049,12th Grade (HSC / +2)
Male,57,52,Diamond,False,0,10,,independent,IND,,,₹63.80 L,Senthilkumar. G,91050,Bachelor's Degree
Male,57,48,Flute,False,0,11,,independent,IND,,,₹7.79 L,Senthilkumar. K,91051,Bachelor's Degree
Male,57,43,Ship,False,0,12,,independent,IND,,,₹6.25 L,Perumal Munusamy. M,91052,Bachelor's Degree
Male,57,48,Mixee,False,0,13,,independent,IND,,,₹95.31 L,Madhappan. P,91053,8th Grade
Male,57,48,Electric pole,False,0,14,,independent,IND,,,₹14.54 L,Raman. M,91054,10th Grade (SSLC)
Male,58,27,Elephant,False,0,1,,others,BSP,,,₹5.90 L,Ajith Kumar. S,91055,Bachelor's Degree
Male,58,48,Hand,False,0,2,,spa,INC,,,₹nan,G.K.M.Tamilkumaran,91056,Bachelor's Degree
Female,58,30,Farmer Carrying Plough,False,0,3,,ntk,NTK,,,₹23.32 L,Palaniyammal. T,91057,Master's Degree
Male,58,54,Well,False,0,4,,others,TMK,,,"₹22,000",Kannan. K,91058,Bachelor's Degree
Male,58,43,Whistle,False,0,5,,tvk,TVK,,,₹4.56 Cr,Gajendran. S,91059,6th Grade
Male,58,52,Mango,False,0,6,,nda,PMK,,,₹3.56 Cr,Selvam. V,91060,Bachelor's Degree
Male,58,61,Camera,False,0,7,,others,TAVK,,,₹38.98 L,Thavamani. C,91061,10th Grade (SSLC)
Male,58,48,Pen nib with seven rays,False,0,8,,others,NMK,,,₹nan,Thirumurugan. P,91046,Not Specified
Male,58,29,Diamond,False,0,9,,independent,IND,,,₹3.15 L,Annamalai. M,91063,Master's Degree
Male,58,41,Binoculars,False,0,10,,independent,IND,,,₹4.86 L,Arunkumar. G,91064,10th Grade (SSLC)
Male,58,32,Bricks,False,0,11,,independent,IND,,,"₹3,500",Elavarsan. A,91065,Diploma / ITI
Male,58,42,Gas cylinder,False,0,12,,independent,IND,,,₹11.65 L,Sakthivel. M,91066,10th Grade (SSLC)
Male,58,52,Batsman,False,0,13,,independent,IND,,,₹3.56 Cr,Selvam. V,91067,Bachelor's Degree
Male,58,63,Box,False,0,14,,independent,IND,,,₹nan,Sendrayan. G,91068,8th Grade
Male,58,42,Swing,False,0,15,,independent,IND,,,₹2.37 L,Gnanaselvam. S,91069,10th Grade (SSLC)
Male,58,42,Neck tie,False,0,16,,independent,IND,,,₹4.36 L,Tamilarasan. M,91070,Bachelor's Degree
Female,58,65,Matchbox,False,0,17,,independent,IND,,,₹59.23 L,Tamilselvi. S,91071,Master's Degree
Female,58,28,Ship,False,0,18,,independent,IND,,,₹2.71 L,Poomani. P,91072,Not Specified
Male,58,48,Road roller,False,0,19,,independent,IND,,,₹33.46 L,Manivannan. S,91073,Master's Degree
Male,58,48,Sitar,False,0,20,,independent,IND,,,₹6.00 L,Manoharan. K.A,91074,10th Grade (SSLC)
Male,58,66,Scissors,False,0,21,,independent,IND,,,₹80.50 L,Vilkrishnan. R,91075,Not Specified
Male,58,65,Refrigerator,False,0,22,,independent,IND,,,₹12.50 L,Veerappan. M,91076,7th Grade
Male,59,76,Nagara,False,0,1,,spa,DMDK,,,₹1.10 Cr,Dr. Elangovan. V,91077,Not Specified
Female,59,50,Farmer Carrying Plough,False,0,2,,ntk,NTK,,,₹15.03 L,Shanthalakshmi. K,91078,Master's Degree
Male,59,55,Gas cylinder,False,0,3,,ajpk,AJPK,,,₹1.86 Cr,Saravanan. A,91079,Bachelor's Degree
Female,59,46,Water tank,False,0,4,,others,TMK,,,"₹30,500",Sivagami. G,91080,10th Grade (SSLC)
Male,59,51,Whistle,False,0,5,,tvk,TVK,,,₹86.77 L,Sivan. M,91081,Primary (Up to 4th)
Female,59,55,Mango,False,0,6,,nda,PMK,,,₹48.11 Cr,Sowmiya Anbumani,91082,Doctorate (Ph.D / MD)
Male,59,35,Camera,False,0,7,,others,TAVK,,,₹nan,Prasanth. Dbj,91083,Bachelor's Degree
Male,59,45,Ring,False,0,8,,others,VTK,,,₹64.25 L,Manikandan. S,91084,Bachelor's Degree
Male,59,49,Pen nib with seven rays,False,0,9,,others,NMK,,,₹nan,Madhu. P,91062,10th Grade (SSLC)
Male,59,51,Chappals,False,0,10,,independent,IND,,,₹42.51 L,Arumugam. Muni,91086,6th Grade
Male,59,40,Bricks,False,0,11,,independent,IND,,,₹6.87 L,Kumar. V,91087,Bachelor's Degree
Male,59,56,Noodles bowl,False,0,12,,independent,IND,,,₹4.40 L,Saravanan. G,91088,9th Grade
Male,59,54,Frying pan,False,0,13,,independent,IND,,,₹5.50 L,Sivam. R,91089,Bachelor's Degree
Male,59,34,Sitar,False,0,14,,independent,IND,,,₹4.16 L,Sivan. A,91090,Diploma / ITI
Male,59,46,Gas Stove,False,0,15,,independent,IND,,,₹99.06 L,Sundaramoorthy. M,91091,10th Grade (SSLC)
Male,59,32,Ludo,False,0,16,,independent,IND,,,₹13.00 L,Thirupathi. M,91092,Bachelor's Degree
Male,59,82,Well,False,0,17,,independent,IND,,,₹9.00 L,Nagarajan. D,91093,Bachelor's Degree
Male,59,65,Television,False,0,18,,independent,IND,,,₹7.00 L,Palani. K,91094,8th Grade
Male,59,42,Capsicum,False,0,19,,independent,IND,,,₹6.08 L,Prabhakaran. M,91095,8th Grade
Female,60,30,Farmer Carrying Plough,False,0,1,,ntk,NTK,,,₹5.46 L,Archana Tamilaruvi,91096,Bachelor's Degree
Male,60,64,Rising sun,False,0,2,,spa,DMK,,,₹24.02 L,Palaniappan. P,91097,Master's Degree
Female,60,50,Two leaves,False,0,3,,nda,AIADMK,,,₹nan,Maragatham Vetrivel,91098,12th Grade (HSC / +2)
Male,60,45,Ring,False,0,4,,others,VTK,,,₹2.65 L,Ganesan. S,91099,Diploma / ITI
Male,60,52,Coconut farm,False,0,5,,ajpk,AIPTMMK,,,₹34.88 L,Chennakrishnan. V,91100,12th Grade (HSC / +2)
Female,60,33,Whistle,False,0,6,,tvk,TVK,,,₹38.79 L,Thilagavathi. S,91101,Master's Degree
Male,60,39,Well,False,0,7,,others,TMK,,,"₹25,000",Poovarasu,91102,10th Grade (SSLC)
Female,60,49,Pen nib with seven rays,False,0,8,,others,NMK,,,₹60.35 L,Jamunarani. M,91085,12th Grade (HSC / +2)
Male,60,37,Batsman,False,0,9,,independent,IND,,,₹4.00 L,Sathish. S,91104,Master's Degree
Male,60,37,Bucket,False,0,10,,independent,IND,,,"₹75,000",Chinnasamy. P,91105,Diploma / ITI
Male,60,49,Gas cylinder,False,0,11,,independent,IND,,,₹65.25 L,Tamilraj. K,91106,Bachelor's Degree
Male,60,49,Diamond,False,0,12,,independent,IND,,,₹5.55 L,Palaniappan. R,91107,10th Grade (SSLC)
Male,60,53,Bead necklace,False,0,13,,independent,IND,,,₹1.76 L,Murugan. S,91108,Bachelor's Degree
Male,60,56,Door bell,False,0,14,,independent,IND,,,"₹66,000",Moorthi. P,91109,5th Grade
Female,61,45,Farmer Carrying Plough,False,0,1,,ntk,NTK,,,₹9.02 L,Anitha. A,91110,Diploma / ITI
Male,61,62,Rising sun,False,0,2,,spa,DMK,,,₹27.76 L,Shanmugam. A,91111,Not Specified
Male,61,52,Two leaves,True,0,3,,nda,AIADMK,,,₹17.33 L,Sampathkumar. V,91112,Bachelor's Degree
Male,61,51,Elephant,False,0,4,,others,BSP,,,₹1.21 L,Nehru. G,91113,Diploma / ITI
Female,61,31,Pen nib with seven rays,False,0,5,,others,NMK,,,₹10.21 L,Karuthammal. S,91103,Diploma / ITI
Male,61,48,Well,False,0,6,,others,TMK,,,"₹20,500",Kuppuraj. K,91115,Bachelor's Degree
Female,61,42,Camera,False,0,7,,others,TAVK,,,₹34.87 L,Manila. S,91116,10th Grade (SSLC)
Male,61,47,Ganna kisan,False,0,8,,others,RPI (A),,,"₹15,500",Marikannu. C,91117,Not Specified
Male,61,40,Whistle,False,0,9,,tvk,TVK,,,₹3.28 L,Rakesh. K,91118,Master's Degree
Male,61,45,Stethoscope,False,0,10,,others,BJCP,,,₹58.12 L,Venkatesh (A) Dr. V.K.Swamy,91119,Master's Degree
Male,61,67,Cauliflower,True,0,11,,independent,IND,,,₹1.00 L,Sampath. K,91120,Not Specified
Male,61,57,Jackfruit,False,0,12,,independent,IND,,,₹23.93 L,Sampath. C,91121,Not Specified
Male,61,50,Telephone,False,0,13,,independent,IND,,,₹nan,Thangavel. K,91122,Master's Degree
Male,61,57,Gas cylinder,False,0,14,,independent,IND,,,₹3.00 L,Parthipan. P,91123,Bachelor's Degree
Male,62,51,Rising sun,False,0,1,,spa,DMK,,,₹8.69 Cr,M.P.Giri,91124,12th Grade (HSC / +2)
Male,62,53,Two leaves,False,0,2,,nda,AIADMK,,,₹6.99 Cr,S.Velu,91125,Bachelor's Degree
Female,62,31,Farmer Carrying Plough,False,0,3,,ntk,NTK,,,₹14.91 L,J.Shoba,91126,Master's Degree
Male,62,44,Ganna kisan,False,0,4,,others,RPI (A),,,₹17.69 L,C Selvan,91127,9th Grade
Male,62,46,Whistle,False,0,5,,tvk,TVK,,,₹24.33 L,K Bharathidhasan,91128,Bachelor's Degree
Male,62,30,T.V.Remote,False,0,6,,others,MSKK,,,₹nan,K Manikandan,91129,12th Grade (HSC / +2)
Female,62,39,Camera,False,0,7,,others,TAVK,,,₹nan,C.Malathi,91130,8th Grade
Male,62,42,Sitar,False,0,8,,independent,IND,,,₹5.15 L,A.Chidambaram,91131,12th Grade (HSC / +2)
Male,62,47,Gas cylinder,False,0,9,,independent,IND,,,"₹15,121",P.Selvam,91132,Master's Degree
Male,62,28,Scissors,False,0,10,,independent,IND,,,₹8.60 L,D Dhilipkumar,91133,Diploma / ITI
Male,62,34,Tea filter,False,0,11,,independent,IND,,,"₹20,000",A.Bharathi,91134,Bachelor's Degree
Female,62,35,Bricks,False,0,12,,independent,IND,,,₹15.12 L,A Poongodi,91135,12th Grade (HSC / +2)
Male,62,33,Rubber stamp,False,0,13,,independent,IND,,,₹1.43 L,M.Mugilarasan,91136,Bachelor's Degree
Male,62,63,Room cooler,False,0,14,,independent,IND,,,₹60.55 L,M.Raman Masilamani,91137,5th Grade
Male,62,35,Binoculars,False,0,15,,independent,IND,,,"₹20,000",K.Velu,91138,10th Grade (SSLC)
Male,63,54,Lotus,False,0,1,,nda,BJP,,,"₹30,000",Elumalai. C,91139,8th Grade
Male,63,51,Elephant,False,0,2,,others,BSP,,,₹12.51 L,Raj. S,91140,Not Specified
Male,63,33,Farmer Carrying Plough,False,0,3,,ntk,NTK,,,₹nan,Vignesh. S,91141,Bachelor's Degree
Male,63,76,Rising sun,False,0,4,,spa,DMK,,,₹23.45 Cr,Velu. E.V,91142,Master's Degree
Male,63,43,Whistle,False,0,5,,tvk,TVK,,,₹nan,Arul Arumugam,91143,Master's Degree
Male,63,49,Pestle and mortar,False,0,6,,others,VTVTK,,,"₹10,000",Kannan. P,91144,8th Grade
Male,63,51,Drill machine,False,0,7,,others,TPMK,,,"₹10,000",Nakkiran. A,91145,Primary (Up to 4th)
Male,63,48,Ganna kisan,False,0,8,,others,RPI (A),,,₹27.11 L,Benny Rajan. C.J,91146,Bachelor's Degree
Female,63,30,Camera,False,0,9,,others,TAVK,,,₹4.10 L,Malli. S,91147,10th Grade (SSLC)
Male,63,47,Pen nib with seven rays,False,0,10,,others,NMK,,,₹1.10 L,Vijayakumar. S,91114,Not Specified
Male,63,39,Jackfruit,False,0,11,,others,ACDP,,,₹27.33 L,Velu. V,91149,Bachelor's Degree
Male,63,39,Tea filter,False,0,12,,independent,IND,,,"₹30,000",Arul. K,91150,9th Grade
Male,63,48,Kettle,False,0,13,,independent,IND,,,₹21.38 L,Arul Anand. V,91151,Diploma / ITI
Male,63,63,Belt,False,0,14,,independent,IND,,,"₹8,505",Anbalagan. M,91152,12th Grade (HSC / +2)
Male,63,40,Helmet,False,0,15,,independent,IND,,,₹nan,Adhithya Palanisamy. A,91153,Master's Degree
Male,63,47,Dish antenna,False,0,16,,independent,IND,,,₹nan,Ananth. A.M,91154,Bachelor's Degree
Male,63,65,Electric pole,False,0,17,,independent,IND,,,₹6.50 L,Elumalai. A S/O Arumugam,91155,Not Specified
Male,63,54,Cauliflower,False,0,18,,independent,IND,,,"₹30,000",Elumalai. C S/O Chinnakuzhanthai,91156,8th Grade
Male,63,41,Frock,False,0,19,,independent,IND,,,"₹30,000",Elumalai. C S/O Chinnarasu,91157,8th Grade
Male,63,48,Scissors,False,0,20,,independent,IND,,,₹8.26 L,Kothandapani. B,91158,10th Grade (SSLC)
Male,63,71,Diamond,False,0,21,,independent,IND,,,"₹10,800",Salam .M,91159,8th Grade
Male,63,52,Television,False,0,22,,independent,IND,,,"₹60,000",Palani. N,91160,12th Grade (HSC / +2)
Female,63,50,Chess board,False,0,23,,independent,IND,,,₹94.70 L,Maheswari. R,91161,Bachelor's Degree
Male,63,33,Funnel,False,0,24,,independent,IND,,,"₹30,000",Marikkannu. E,91162,Bachelor's Degree
Male,63,43,Bat,False,0,25,,independent,IND,,,₹nan,Moorthy. P,91163,8th Grade
Male,63,61,Pressure cooker,False,0,26,,independent,IND,,,₹70.67 L,Ramesh. V,91164,Bachelor's Degree
Male,63,50,Coconut farm,False,0,27,,independent,IND,,,"₹10,000",Raja. V,91165,6th Grade
Male,63,34,Immersion rod,False,0,28,,independent,IND,,,"₹95,000",Vignesh. M,91166,Bachelor's Degree
Male,63,33,Brush,False,0,29,,independent,IND,,,₹12.40 L,Venkatesan. M,91167,Diploma / ITI
Male,63,42,Bench,False,0,30,,independent,IND,,,₹1.97 L,Velu. K,91168,8th Grade
Male,64,65,Two leaves,False,0,1,,nda,AIADMK,,,₹12.42 Cr,Ramachandran.S,91169,10th Grade (SSLC)
Male,64,71,Rising sun,False,0,2,,spa,DMK,,,₹7.95 Cr,Pitchandi.K,91170,Master's Degree
Male,64,40,Farmer Carrying Plough,False,0,3,,ntk,NTK,,,₹1.10 Cr,Loganathan.V,91171,Bachelor's Degree
Male,64,58,Drill machine,False,0,4,,others,TPMK,,,"₹10,000",Shanmugam.A,91172,Not Specified
Male,64,41,Camera,False,0,5,,others,TAVK,,,₹1.75 L,Rajasekar.P,91173,10th Grade (SSLC)
Male,64,33,Whistle,False,0,6,,tvk,TVK,,,₹3.57 L,Raja.D,91174,Master's Degree
Male,64,27,Water melon,False,0,7,,others,ACDP,,,₹6.50 L,Lokeshwaran.R,91175,Diploma / ITI
Male,64,61,Gas cylinder,False,0,8,,ajpk,AJPK,,,₹3.46 L,Janakiraman.R,91176,12th Grade (HSC / +2)
Male,64,33,Batsman,False,0,9,,independent,IND,,,₹1.80 L,Athiyamaan.M,91177,Master's Degree
Male,64,55,Cauliflower,False,0,10,,independent,IND,,,₹3.40 L,Ramachandran.K,91178,Not Specified
Male,64,49,Balloon,False,0,11,,independent,IND,,,₹7.71 L,Sasikumar.S,91179,12th Grade (HSC / +2)
Male,64,35,Cot,False,0,12,,independent,IND,,,"₹96,600",Santhoshkumar.E,91180,10th Grade (SSLC)
Male,64,46,Capsicum,False,0,13,,independent,IND,,,₹4.55 L,Sampathraj.M,91181,Bachelor's Degree
Male,64,34,Tennis racket & ball,False,0,14,,independent,IND,,,₹8.99 L,Suryaprakash.S,91182,Doctorate (Ph.D / MD)
Male,64,28,Scissors,False,0,15,,independent,IND,,,₹8.60 L,Dhilipkumar.D,91183,Diploma / ITI
Male,64,61,Bread,False,0,16,,independent,IND,,,"₹90,450",Pichandi.D,91184,Bachelor's Degree
Male,64,55,Carrom board,False,0,17,,independent,IND,,,"₹82,660",Pichandi.R,91185,10th Grade (SSLC)
Male,64,60,Tiller,False,0,18,,independent,IND,,,"₹82,660",Pichandi.V,91186,8th Grade
Male,64,53,T.V.Remote,False,0,19,,independent,IND,,,₹6.22 L,Murugan.M,91187,12th Grade (HSC / +2)
Male,64,47,Gas Stove,False,0,20,,independent,IND,,,"₹51,108",Ramachandran.K,91188,10th Grade (SSLC)
Male,64,35,Cake,False,0,21,,independent,IND,,,₹1.20 L,Ramachandiran.R,91189,9th Grade
Male,64,34,Road roller,False,0,22,,independent,IND,,,₹5.63 L,Rajasekar.I,91190,10th Grade (SSLC)
Male,64,38,Diamond,False,0,23,,independent,IND,,,₹1.00 L,Rajkumar.R,91191,Not Specified
Male,65,56,Two leaves,False,0,1,,nda,AIADMK,,,₹4.96 L,Agri Krishnamurthy. S S,91192,Not Specified
Male,65,57,Rising sun,True,0,2,,spa,DMK,,,₹nan,Saravanan. P.S.T,91193,Master's Degree
Female,65,36,Farmer Carrying Plough,False,0,3,,ntk,NTK,,,₹3.67 L,Seetha Sivanandam. P,91194,Master's Degree
Male,65,34,Whistle,False,0,4,,tvk,TVK,,,₹1.89 L,Elumalai. P,91195,Bachelor's Degree
Female,65,35,Pen nib with seven rays,False,0,5,,others,NMK,,,"₹90,000",Sathya. V,91148,9th Grade
Male,65,39,Camera,False,0,6,,others,TAVK,,,₹1.86 L,Saravanan. V,91197,10th Grade (SSLC)
Male,65,43,Gas cylinder,False,0,7,,ajpk,AJPK,,,₹21.50 L,Suman. M,91198,12th Grade (HSC / +2)
Male,65,46,Electric pole,False,0,8,,independent,IND,,,₹95.88 L,Elumalai. S,91199,10th Grade (SSLC)
Male,65,61,Bucket,False,0,9,,independent,IND,,,₹8.61 L,Elumalai. T,91200,12th Grade (HSC / +2)
Male,65,46,Pressure cooker,False,0,10,,independent,IND,,,"₹41,034",Kamaraj. G,91201,10th Grade (SSLC)
Male,65,56,Noodles bowl,False,0,11,,independent,IND,,,₹4.96 L,Krishnamurthy. S,91202,Not Specified
Male,65,54,Peanuts,False,0,12,,independent,IND,,,₹4.00 L,Krishnamurthy. M,91203,5th Grade
Male,65,63,Peas,False,0,13,,independent,IND,,,"₹15,500",Krishnamurthy. R,91204,5th Grade
Male,65,48,Scissors,False,0,14,,independent,IND,,,₹8.26 L,Kothandapani. B,91205,10th Grade (SSLC)
Male,65,42,Air conditioner,False,0,15,,independent,IND,,,₹41.51 L,Saravanan. K,91206,10th Grade (SSLC)
Male,65,44,Cot,False,0,16,,independent,IND,,,"₹40,000",Santhakumaran. A,91207,Bachelor's Degree
Male,65,50,Almirah,False,0,17,,independent,IND,,,₹26.13 L,Deiveegan. P,91208,12th Grade (HSC / +2)
Male,65,53,Water tank,False,0,18,,independent,IND,,,₹46.47 L,Balaji. P,91209,Not Specified
Male,65,52,Well,False,0,19,,independent,IND,,,₹37.72 L,Baskaran. R,91210,Diploma / ITI
Male,65,29,Jackfruit,False,0,20,,independent,IND,,,₹11.38 L,Manikandan. K,91211,Bachelor's Degree
Male,65,52,Lady finger,False,0,21,,independent,IND,,,₹nan,Raja. N,91212,Not Specified
Female,66,42,Farmer Carrying Plough,False,0,1,,ntk,NTK,,,₹nan,Umadevi. A,91213,Not Specified
Male,66,48,Nagara,False,0,2,,spa,DMDK,,,₹6.20 L,Saravanan. P,91214,8th Grade
Male,66,30,Whistle,False,0,3,,tvk,TVK,,,₹36.30 L,Abishek. R,91215,Bachelor's Degree
Male,66,49,Pestle and mortar,False,0,4,,others,VTVTK,,,"₹10,000",Shanmugavelu. A,91216,10th Grade (SSLC)
Male,66,39,Camera,False,0,5,,others,TAVK,,,₹5.88 L,Syed Mukram. R.N,91371,5th Grade
Male,66,56,Jackfruit,False,0,6,,others,ACDP,,,₹77.43 L,Dhavamani. P,91218,Bachelor's Degree
Female,66,43,Ganna kisan,False,0,7,,others,RPI (A),,,₹3.10 L,Banupriya. D,91219,9th Grade
Male,66,64,Mango,False,0,8,,nda,PMK,,,₹59.13 Cr,Baskaran. C.R,91220,Master's Degree
Male,66,38,Gas cylinder,False,0,9,,ajpk,AJPK,,,₹1.33 L,Manikandan. R,91221,Diploma / ITI
Male,66,42,Scissors,False,0,10,,independent,IND,,,₹8.75 L,Ezhil Arasu. M M.A.L.L.M,91222,Master's Degree
Male,66,48,Noodles bowl,False,0,11,,independent,IND,,,₹6.20 L,Saravanan. P,91223,8th Grade
Male,66,40,Pan,False,0,12,,independent,IND,,,"₹15,000",Saravanan. M,91224,Bachelor's Degree
Female,66,41,Diamond,False,0,13,,independent,IND,,,₹8.60 L,Subha. A,91225,12th Grade (HSC / +2)
Male,66,47,Water melon,False,0,14,,independent,IND,,,₹72.24 L,Baskaran. C,91226,Bachelor's Degree
Male,66,43,Television,False,0,15,,independent,IND,,,"₹63,258",Purusothaman. M,91227,Bachelor's Degree
Female,67,34,Farmer Carrying Plough,False,0,1,,ntk,NTK,,,₹8.37 L,Dhavamani. R,91228,Master's Degree
Female,67,44,Rising sun,False,0,2,,spa,DMK,,,₹1.04 Cr,Mahalakshmi Govarthanan,91229,Bachelor's Degree
Female,67,51,Two leaves,False,0,3,,nda,AIADMK,,,₹12.50 Cr,Jayasudha. L,91230,12th Grade (HSC / +2)
Male,67,34,Drill machine,False,0,4,,others,TPMK,,,₹nan,Ganapathy. S,91231,Not Specified
Male,67,45,Gas cylinder,False,0,5,,ajpk,AJPK,,,₹19.51 L,Kalaimani. V,91232,10th Grade (SSLC)
Male,67,36,Camera,False,0,6,,others,TAVK,,,"₹12,000",Suresh. S,91233,8th Grade
Male,67,46,Pestle and mortar,False,0,7,,others,VTVTK,,,₹6.10 L,Selvakotti. E,91234,5th Grade
Male,67,65,Walking stick,False,0,8,,others,SMNK,,,₹1.40 L,Tamilmannan. D,91235,10th Grade (SSLC)
Male,67,49,Whistle,False,0,9,,tvk,TVK,,,₹46.14 L,Venkatesh Kumar. D,91236,Master's Degree
Female,67,52,Scissors,False,0,10,,independent,IND,,,₹12.15 L,Ammu. V,91237,12th Grade (HSC / +2)
Male,67,47,CCTV Camera,False,0,11,,independent,IND,,,₹5.86 L,Ekambaram. V,91238,10th Grade (SSLC)
Male,67,38,Petrol pump,False,0,12,,independent,IND,,,₹1.52 L,Sakthivel. S,91239,10th Grade (SSLC)
Male,67,52,Sitar,False,0,13,,independent,IND,,,₹2.01 L,Saravanan. S,91240,Not Specified
Male,67,36,Electric pole,False,0,14,,independent,IND,,,"₹70,855",Silambarasan. C,91241,10th Grade (SSLC)
Female,67,41,Pressure cooker,False,0,15,,independent,IND,,,₹1.33 L,Sudha. S,91242,12th Grade (HSC / +2)
Male,67,46,Bucket,False,0,16,,independent,IND,,,₹50.00 L,Sethurama Sasthri. G,91243,10th Grade (SSLC)
Male,67,44,Peas,False,0,17,,independent,IND,,,₹41.46 L,Dhamotharan. M,91244,Bachelor's Degree
Male,67,32,Envelope,False,0,18,,independent,IND,,,₹13.85 L,Baskaran. S,91245,Bachelor's Degree
Female,67,33,Battery Torch,False,0,19,,independent,IND,,,₹8.60 L,Mahalakshmi. G,91246,Diploma / ITI
Female,67,37,Capsicum,False,0,20,,independent,IND,,,"₹61,500",Mahalakshmi. G,91247,10th Grade (SSLC)
Male,67,33,Grapes,False,0,21,,independent,IND,,,₹nan,Vinoth. A,91248,Not Specified
Male,67,42,Frying pan,False,0,22,,independent,IND,,,₹11.04 L,Venkatesan. P,91249,Primary (Up to 4th)
Female,67,44,Tiller,False,0,23,,independent,IND,,,₹1.21 L,Jayanthi. E,91250,12th Grade (HSC / +2)
Female,67,52,Lady finger,False,0,24,,independent,IND,,,₹1.43 L,Jayanthi. M,91251,10th Grade (SSLC)
Male,68,25,Farmer Carrying Plough,False,0,1,,ntk,NTK,,,₹7.42 L,Tamilselvan. M,91252,Bachelor's Degree
Male,68,66,Two leaves,False,0,2,,nda,AIADMK,,,₹46.82 L,Mukkur N.Subramanian,91253,Bachelor's Degree
Male,68,55,Rising sun,True,0,3,,spa,DMK,,,₹44.46 L,Jothi. O,91254,Bachelor's Degree
Male,68,41,Pestle and mortar,False,0,4,,others,VTVTK,,,₹11.81 L,Kuttimani. S,91255,5th Grade
Male,68,48,Mixee,False,0,5,,others,AIJMK,,,₹1.53 L,Chandrasekaran. M,91256,9th Grade
Male,68,46,Gas cylinder,False,0,6,,ajpk,AJPK,,,₹2.28 Cr,Srinivasan. K,91257,10th Grade (SSLC)
Male,68,58,Diamond,False,0,7,,others,VBA,,,"₹35,000",Durugan. M,91258,Bachelor's Degree
Male,68,68,Whistle,False,0,8,,tvk,TVK,,,₹90.80 L,Dusi K Mohan,91259,Bachelor's Degree
Male,68,41,Camera,False,0,9,,others,TAVK,,,₹27.15 L,Palani. M,91260,10th Grade (SSLC)
Male,68,58,Water melon,False,0,10,,others,ACDP,,,₹4.37 L,Ragupathi. S,91261,Bachelor's Degree
Male,68,70,Tooth brush,False,0,11,,others,ASMK,,,₹12.30 L,Venkatesan. V,91262,Master's Degree
Male,68,50,Scissors,False,0,12,,independent,IND,,,₹4.45 L,Arjunan. M,91263,9th Grade
Male,68,30,Carrom board,False,0,13,,independent,IND,,,₹2.12 L,Mohan. R,91264,Bachelor's Degree
Male,69,49,Rising sun,True,0,1,,spa,DMK,,,₹nan,Ambethkumar. S,91265,10th Grade (SSLC)
Male,69,42,Farmer Carrying Plough,False,0,2,,ntk,NTK,,,₹10.90 L,Ganesh. R,91266,Bachelor's Degree
Female,69,54,Two leaves,False,0,3,,nda,AIADMK,,,₹38.99 L,Rani. P,91267,5th Grade
Male,69,32,Whistle,False,0,4,,tvk,TVK,,,₹36.18 L,Udhayakumar. M,91268,Diploma / ITI
Female,69,38,Camera,False,0,5,,others,TAVK,,,"₹50,000",Thamarai Selvi. S,91269,9th Grade
Male,69,38,Tiller,False,0,6,,others,ACDP,,,₹nan,Muthuselvam. V,91270,Not Specified
Male,69,33,Gas cylinder,False,0,7,,ajpk,AJPK,,,₹58.95 L,Muthuperumal. K,91271,Not Specified
Male,69,37,Matchbox,False,0,8,,others,TK,,,₹3.30 L,Rakesh Sharma. R,91272,Bachelor's Degree
Male,69,26,Carrom board,False,0,9,,independent,IND,,,₹11.12 L,Ambedkar. T,91273,Master's Degree
Male,69,50,Scissors,False,0,10,,independent,IND,,,₹10.00 L,Arjunan. M,93788,9th Grade
Male,69,36,Tooth brush,False,0,11,,independent,IND,,,₹nan,Udhayakumar. N,91275,10th Grade (SSLC)
Male,69,56,Saw,False,0,12,,independent,IND,,,"₹6,000",Kanniyappan. S,91276,10th Grade (SSLC)
Male,69,56,Gas Stove,False,0,13,,independent,IND,,,"₹75,000",Ponnambalam. P,91277,Bachelor's Degree
Female,69,53,Peas,False,0,14,,independent,IND,,,₹3.47 L,Rani. A,91278,Not Specified
Male,69,43,Pressure cooker,False,0,15,,independent,IND,,,"₹5,000",Jaisankar. M,91279,7th Grade
Male,70,36,Farmer Carrying Plough,False,0,1,,ntk,NTK,,,₹5.16 L,Advocate Krishnan E,91280,Bachelor's Degree
Male,70,70,Rising sun,True,0,2,,spa,DMK,,,₹1.19 Cr,Gingee Masthan K S,91281,8th Grade
Male,70,45,Elephant,False,0,3,,others,BSP,,,₹16.30 L,Rangarajan E,91282,Bachelor's Degree
Male,70,55,Camera,False,0,4,,others,TAVK,,,"₹20,000",Rasanayagam N,91283,12th Grade (HSC / +2)
Male,70,41,Mango,False,0,5,,nda,PMK,,,₹13.50 Cr,Ganeshkumar A,91284,Doctorate (Ph.D / MD)
Male,70,43,Matchbox,False,0,6,,others,TK,,,₹nan,Sakthivel A,91285,Not Specified
Male,70,41,Whistle,False,0,7,,tvk,TVK,,,₹83.27 L,Chandrasekaran B,91286,Bachelor's Degree
Male,70,56,Tiller,False,0,8,,others,ACDP,,,₹91.58 L,Thanigaimalai R,91287,10th Grade (SSLC)
Male,70,56,Gas cylinder,False,0,9,,ajpk,AJPK,,,₹13.50 L,Perumal N,91288,12th Grade (HSC / +2)
Male,70,45,Pestle and mortar,False,0,10,,others,VTVTK,,,₹6.00 L,Mohammad Siddiq M H,91289,Not Specified
Male,70,29,Grapes,False,0,11,,independent,IND,,,₹nan,Gokulraj S,91290,12th Grade (HSC / +2)
Male,70,35,Tyres,False,0,12,,independent,IND,,,"₹15,000",Devendiran M,91291,Bachelor's Degree
Male,70,43,Bucket,False,0,13,,independent,IND,,,₹9.02 L,Banukumar R,91292,Diploma / ITI
Male,70,56,Water melon,False,0,14,,independent,IND,,,₹4.20 L,Prabakaran M,91293,10th Grade (SSLC)
Male,70,59,Gramophone,False,0,15,,independent,IND,,,₹1.13 Cr,Poyyathappan K,91294,Doctorate (Ph.D / MD)
Male,70,65,Television,False,0,16,,independent,IND,,,₹nan,Munusamy A,91295,5th Grade
Male,70,55,Balloon,False,0,17,,independent,IND,,,₹21.14 L,Mohan A,91296,12th Grade (HSC / +2)
Male,70,31,Ship,False,0,18,,independent,IND,,,"₹25,000",Ramesh R,91297,Master's Degree
Male,70,43,Capsicum,False,0,19,,independent,IND,,,₹nan,Sridhar G,91298,Bachelor's Degree
Male,71,61,Two leaves,False,0,1,,nda,AIADMK,,,₹37.27 L,Shanmugam C Ve,91299,Bachelor's Degree
Male,71,31,Elephant,False,0,2,,others,BSP,,,"₹15,000",Ranjith Kumar M,91300,12th Grade (HSC / +2)
Male,71,37,Farmer Carrying Plough,False,0,3,,ntk,NTK,,,₹41.39 L,Vidjaivikram S,91301,Doctorate (Ph.D / MD)
Male,71,58,Nagara,False,0,4,,spa,DMDK,,,₹5.70 Cr,Venkatesan L,91302,Master's Degree
Male,71,53,Jackfruit,False,0,5,,others,ACDP,,,₹53.50 L,Ayyanar N,91303,8th Grade
Male,71,40,Camera,False,0,6,,others,TAVK,,,₹5.60 L,Anandhababu M,91304,10th Grade (SSLC)
Male,71,47,Gas cylinder,False,0,7,,others,IKK,,,₹7.66 L,Suresh Kumar S,91305,Master's Degree
Male,71,63,Coconut farm,False,0,8,,ajpk,AIPTMMK,,,₹13.75 L,Sekar Nayakar I M,91306,Bachelor's Degree
Female,71,32,Spanner,False,0,9,,others,NIP,,,₹5.76 L,Divya P,91307,Bachelor's Degree
Male,71,33,Mike,False,0,10,,others,DMSK,,,₹18.85 L,Purushothaman K,91308,Not Specified
Male,71,40,Pan,False,0,11,,others,AMGRDMAK,,,₹nan,Manavalan A,91309,12th Grade (HSC / +2)
Male,71,37,Matchbox,False,0,12,,others,TK,,,₹1.74 L,Vinoth R,91310,Bachelor's Degree
Male,71,28,Whistle,False,0,13,,tvk,TVK,,,₹68.19 L,Vijay Niranjan A,91311,Master's Degree
Male,71,38,Electric pole,False,0,14,,independent,IND,,,₹21.10 L,Karvannan K,91312,Master's Degree
Male,71,43,Diamond,False,0,15,,independent,IND,,,₹nan,Krishnamurthy K,91313,Bachelor's Degree
Male,71,46,Bat,False,0,16,,independent,IND,,,₹25.15 L,Gopu V S,91314,Bachelor's Degree
Male,71,50,Computer,False,0,17,,independent,IND,,,₹2.30 L,Siva S,91315,Master's Degree
Male,71,50,Pressure cooker,False,0,18,,independent,IND,,,"₹25,000",Sundar C,91316,10th Grade (SSLC)
Male,71,33,Pen nib with seven rays,False,0,19,,independent,IND,,,"₹70,000",Tamizharasan M,91317,Diploma / ITI
Female,71,35,Ship,False,0,20,,independent,IND,,,₹3.71 L,Ranjitha V,91318,Bachelor's Degree
Male,71,39,Grapes,False,0,21,,independent,IND,,,₹84.52 L,Vijayaganth K,91319,Bachelor's Degree
Male,72,56,Two leaves,True,0,1,,nda,AIADMK,,,₹24.27 Cr,Arjunan. P,91320,10th Grade (SSLC)
Male,72,34,Farmer Carrying Plough,False,0,2,,ntk,NTK,,,₹15.84 L,Pachimuthu. P,91321,Bachelor's Degree
Male,72,55,Pot,False,0,3,,spa,VCK,,,₹2.27 L,Vanni Arasu,91322,12th Grade (HSC / +2)
Male,72,56,Elephant,False,0,4,,others,BSP,,,₹1.13 L,Venkatachalapathy. A,91323,10th Grade (SSLC)
Male,72,45,Whistle,False,0,5,,tvk,TVK,,,₹9.32 L,Sakthivel. S,91324,Bachelor's Degree
Male,72,44,Bat,False,0,6,,others,MSK,,,"₹2,000",Mohan. A,91325,12th Grade (HSC / +2)
Male,72,38,Matchbox,False,0,7,,others,TK,,,₹69.21 L,Ramneshwaran. V,91326,Not Specified
Male,72,49,Camera,False,0,8,,others,TAVK,,,"₹15,000",Vanjinathan. C,91327,Master's Degree
Male,72,41,Ship,False,0,9,,independent,IND,,,"₹36,000",Chandaran. A,91328,Not Specified
Male,72,36,Toffees,False,0,10,,independent,IND,,,₹2.18 L,Durkali. N,91329,10th Grade (SSLC)
Male,72,33,Kettle,False,0,11,,independent,IND,,,₹2.94 L,Devakumaran. E,91330,Bachelor's Degree
Male,72,51,Gas cylinder,False,0,12,,independent,IND,,,₹7.79 L,Pon.Sivakumar,91331,Bachelor's Degree
Male,72,44,Bucket,False,0,13,,independent,IND,,,"₹10,800",Vinoth. S,91332,Not Specified
Male,72,49,Diamond,False,0,14,,independent,IND,,,"₹15,000",Viswanathan. S.A,91333,5th Grade
Male,73,28,Farmer Carrying Plough,False,0,1,,ntk,NTK,,,₹3.50 L,Karikalan B,91334,Bachelor's Degree
Male,73,32,Rising sun,False,0,2,,spa,DMK,,,₹1.33 Cr,Gowtham D,91335,Bachelor's Degree
Male,73,58,Two leaves,False,0,3,,nda,AIADMK,,,₹88.83 L,Murugan P,91336,Bachelor's Degree
Male,73,39,Elephant,False,0,4,,others,BSP,,,"₹50,000",Vinayagamoorthy M,91337,12th Grade (HSC / +2)
Male,73,36,Matchbox,False,0,5,,others,TK,,,₹5.83 L,Anandakumar P M,91338,Bachelor's Degree
Male,73,51,Camera,False,0,6,,others,TAVK,,,"₹45,000",Sakthivel S,91339,8th Grade
Male,73,41,Whistle,False,0,7,,tvk,TVK,,,₹1.14 Cr,Suresh P,91340,Bachelor's Degree
Male,73,40,Chappals,False,0,8,,independent,IND,,,₹nan,Ayyanar E,91341,Not Specified
Male,73,43,Diamond,False,0,9,,independent,IND,,,₹16.15 L,Sathyaraman P,91342,8th Grade
Male,73,49,Scissors,False,0,10,,independent,IND,,,"₹15,000",Sivakumar R,91343,12th Grade (HSC / +2)
Male,73,41,Bead necklace,False,0,11,,independent,IND,,,"₹5,980",Suresh C V,91344,Bachelor's Degree
Male,73,41,Ship,False,0,12,,independent,IND,,,"₹41,000",Thangarasu N,91345,10th Grade (SSLC)
Male,73,44,Electric pole,False,0,13,,independent,IND,,,₹3.20 L,Murali M,91346,8th Grade
Female,73,33,Balloon,False,0,14,,independent,IND,,,₹nan,Radhika S,91347,10th Grade (SSLC)
Male,73,34,Sitar,False,0,15,,independent,IND,,,₹4.43 L,Vetrivel G,90264,11th Grade
Female,74,30,Farmer Carrying Plough,False,0,1,,ntk,NTK,,,₹25.84 L,Abinaya Ponnivalavan,91349,Doctorate (Ph.D / MD)
Male,74,54,Rising sun,True,0,2,,spa,DMK,,,₹4.14 Cr,Lakshmanan R,91350,Bachelor's Degree
Male,74,46,Elephant,False,0,3,,others,BSP,,,"₹10,000",Murugan S,91351,9th Grade
Female,74,54,Two leaves,False,0,4,,nda,AIADMK,,,₹1.26 Cr,Vijayasureshbabu,91352,12th Grade (HSC / +2)
Male,74,52,Camera,False,0,5,,others,TAVK,,,₹43.85 L,Kumaran R,91353,9th Grade
Male,74,48,Pestle and mortar,False,0,6,,others,VTVTK,,,₹1.30 L,Nagarajan P,91354,Not Specified
Male,74,42,Whistle,False,0,7,,tvk,TVK,,,₹40.43 L,Mohanraj N,91355,8th Grade
Male,74,57,Electric pole,False,0,8,,independent,IND,,,"₹40,000",Akbar Ali P,91356,10th Grade (SSLC)
Male,74,59,Pen nib with seven rays,False,0,9,,independent,IND,,,"₹71,570",Arumugam M,91357,10th Grade (SSLC)
Male,74,38,Balloon,False,0,10,,independent,IND,,,"₹11,000",Raman K,91358,6th Grade
Male,74,42,Coconut farm,False,0,11,,independent,IND,,,₹10.01 L,Balamurugan N,91359,10th Grade (SSLC)
Male,74,26,Gas Stove,False,0,12,,independent,IND,,,"₹50,000",Praveen Kumar R,91360,Bachelor's Degree
Male,74,60,Peas,False,0,13,,independent,IND,,,₹1.76 L,Mohamed Ali Jinna M,91361,10th Grade (SSLC)
Male,74,52,Cauliflower,False,0,14,,independent,IND,,,₹1.38 L,Mohan C,91362,9th Grade
Male,74,32,Battery Torch,False,0,15,,independent,IND,,,₹nan,Raghul R,91363,Bachelor's Degree
Male,74,68,Air conditioner,False,0,16,,independent,IND,,,₹66.00 Cr,Rayar K,91364,Doctorate (Ph.D / MD)
Male,74,38,Pressure cooker,False,0,17,,independent,IND,,,"₹10,000",Rajkumar S,91365,12th Grade (HSC / +2)
Male,74,58,Cake,True,0,18,,independent,IND,,,₹nan,Lakshmanan R,91366,10th Grade (SSLC)
Male,74,43,Diamond,False,0,19,,independent,IND,,,"₹1,000",Lakshmanan K,91367,10th Grade (SSLC)
Male,74,46,Gas cylinder,True,0,20,,independent,IND,,,₹2.81 L,Lakshmanan R,91368,Not Specified
Female,74,64,Mike,False,0,21,,independent,IND,,,"₹16,500",Vijaya K,90896,3rd Grade
Female,74,52,Capsicum,False,0,22,,independent,IND,,,"₹89,000",Vijaya D,91370,12th Grade (HSC / +2)
Female,74,40,Gramophone,False,0,23,,independent,IND,,,₹5.18 L,Vijaya M,91773,5th Grade
Female,74,51,Nail cutter,False,0,24,,independent,IND,,,"₹15,000",Vijaya M,91372,9th Grade
Male,75,35,Elephant,False,0,1,,others,BSP,,,"₹10,000",Inbarasan G,91373,10th Grade (SSLC)
Male,75,54,Rising sun,False,0,2,,spa,DMK,,,₹5.50 Cr,Anniyur Siva @ Sivashanmugam A,91374,10th Grade (SSLC)
Female,75,36,Farmer Carrying Plough,False,0,3,,ntk,NTK,,,₹55.25 L,Subha Chandrasekaran A,91375,Bachelor's Degree
Male,75,52,Mango,False,0,4,,nda,PMK,,,₹1.46 Cr,Sivakumar C,91376,8th Grade
Male,75,43,Camera,False,0,5,,others,TAVK,,,₹42.38 L,Settu C,91377,8th Grade
Male,75,50,Football player,False,0,6,,others,DMSK,,,"₹40,000",Thamizhvengai Ka,91378,Not Specified
Female,75,26,Matchbox,False,0,7,,others,TK,,,₹11.33 L,Backiyalakshmi C,91379,Bachelor's Degree
Male,75,45,Pestle and mortar,False,0,8,,others,VTVTK,,,₹6.00 L,Mohammad Siddiq M H,91380,Diploma / ITI
Male,75,58,Capsicum,False,0,9,,others,ACDP,,,₹10.25 L,Ramachandran P,91381,12th Grade (HSC / +2)
Male,75,42,Whistle,False,0,10,,tvk,TVK,,,₹23.31 L,Vijai Vadivel A,91382,10th Grade (SSLC)
Male,75,47,Gas cylinder,False,0,11,,ajpk,AJPK,,,₹nan,Stalin D,91383,Not Specified
Male,75,41,Baby walker,False,0,12,,independent,IND,,,"₹71,000",Yeasuraja M,91384,Bachelor's Degree
Male,75,27,Balloon,False,0,13,,independent,IND,,,₹2.86 L,Gokul Raj B,91385,12th Grade (HSC / +2)
Male,75,40,Ship,False,0,14,,independent,IND,,,₹32.79 L,Sakthivel A,91386,Bachelor's Degree
Male,75,27,Diamond,False,0,15,,independent,IND,,,"₹20,000",Sanmugam B,91387,Bachelor's Degree
Male,75,47,Bead necklace,False,0,16,,independent,IND,,,"₹20,000",Shanmugam P,91388,Bachelor's Degree
Male,75,47,Cauliflower,False,0,17,,independent,IND,,,"₹20,000",Shanmugam R,91389,9th Grade
Male,75,48,Kettle,False,0,18,,independent,IND,,,₹7.00 L,Sivakumar S,91390,12th Grade (HSC / +2)
Male,75,30,Bucket,False,0,19,,independent,IND,,,₹1.95 L,Selvakumar S,91391,Bachelor's Degree
Male,75,31,Grapes,False,0,20,,independent,IND,,,₹2.53 L,Tamilselvan D,91392,Not Specified
Male,75,36,Electric pole,False,0,21,,independent,IND,,,₹2.95 L,Prabhakaran D,91393,8th Grade
Male,75,42,Road roller,False,0,22,,independent,IND,,,₹2.84 L,Murugan C,91394,12th Grade (HSC / +2)
Male,75,34,Chappals,False,0,23,,independent,IND,,,"₹19,000",Ramachandran A,91395,10th Grade (SSLC)
Male,75,58,CCTV Camera,False,0,24,,independent,IND,,,"₹60,500",Rajaram M,91396,Not Specified
Male,76,52,Elephant,False,0,1,,others,BSP,,,₹nan,Govindhakannan M,91397,10th Grade (SSLC)
Male,76,51,Rising sun,False,0,2,,spa,DMK,,,₹110.83 Cr,Dr Pon Gauthamsigamani,91398,Not Specified
Male,76,64,Two leaves,False,0,3,,nda,AIADMK,,,₹73.87 L,Palanisamy S,91399,10th Grade (SSLC)
Male,76,39,Farmer Carrying Plough,False,0,4,,ntk,NTK,,,₹21.40 L,Hemarajan K,91400,Bachelor's Degree
Male,76,55,Pestle and mortar,False,0,5,,others,VTVTK,,,₹30.86 L,Selvam K,91401,10th Grade (SSLC)
Male,76,33,Camera,False,0,6,,others,TAVK,,,₹nan,Tamilselvam R,91402,Diploma / ITI
Male,76,50,Whistle,False,0,7,,tvk,TVK,,,₹44.60 L,Vijay R Baranibalaaji,91403,Not Specified
Male,76,26,Bicycle pump,False,0,8,,independent,IND,,,₹10.44 L,Edwin Abinesh A,91404,Master's Degree
Male,76,31,Fountain,False,0,9,,independent,IND,,,"₹37,366",Karthick S,91405,Diploma / ITI
Male,76,25,Dish antenna,False,0,10,,independent,IND,,,"₹5,549",Gowtham S,91406,Bachelor's Degree
Male,76,57,Grapes,False,0,11,,independent,IND,,,₹2.66 L,Palanisamy E,91407,10th Grade (SSLC)
Male,76,36,Gas cylinder,False,0,12,,independent,IND,,,₹4.50 L,Prabhakaran V J,91408,Bachelor's Degree
Male,76,59,Ship,False,0,13,,independent,IND,,,₹28.15 L,Ravichandran G,91409,Master's Degree
Male,76,54,Tiller,False,0,14,,independent,IND,,,₹1.35 Cr,Ramakrishnan M,91410,10th Grade (SSLC)
Male,76,30,Chappals,False,0,15,,independent,IND,,,₹6.70 L,Vijayamoorthi E,91411,Bachelor's Degree
Male,77,64,Two leaves,False,0,1,,nda,AIADMK,,,₹1.19 Cr,Kumaraguru R,91412,12th Grade (HSC / +2)
Female,77,30,Farmer Carrying Plough,False,0,2,,ntk,NTK,,,₹13.83 L,Logeshwari S,91413,Bachelor's Degree
Male,77,60,Rising sun,False,0,3,,spa,DMK,,,₹39.16 L,Vasanthavel G R,91414,Bachelor's Degree
Male,77,40,Coconut farm,False,0,4,,ajpk,AIPTMMK,,,₹7.22 L,Udhayakumar R,91415,Bachelor's Degree
Male,77,39,Whistle,False,0,5,,tvk,TVK,,,₹8.70 Cr,Sudhakar M,91416,Diploma / ITI
Male,77,51,Letter box,False,0,6,,others,AMK,,,₹9.57 L,Balakrishnan K,91417,12th Grade (HSC / +2)
Male,77,70,Jackfruit,False,0,7,,independent,IND,,,₹22.30 L,Arasan K,91418,5th Grade
Male,77,35,Pen nib with seven rays,False,0,8,,independent,IND,,,₹4.08 L,Krishnamoorthy V,91419,Master's Degree
Male,77,56,Road roller,False,0,9,,independent,IND,,,"₹26,000",Sankar S,91420,Not Specified
Male,77,39,Camera,False,0,10,,independent,IND,,,₹8.40 L,Sasikumar N,91421,Bachelor's Degree
Male,77,45,Violin,False,0,11,,independent,IND,,,₹39.70 L,Senthil P,91422,9th Grade
Male,77,47,Electric pole,False,0,12,,independent,IND,,,₹13.97 L,Parthiban V,91423,Bachelor's Degree
Male,77,34,Ship,False,0,13,,independent,IND,,,"₹27,000",Manikandan P,91424,Master's Degree
Male,77,50,Gas cylinder,False,0,14,,independent,IND,,,₹3.61 L,Ramakrishnan R,91425,10th Grade (SSLC)
Male,78,48,Rising sun,True,0,1,,spa,DMK,,,₹2.01 Cr,Karthikeyan K,91426,Bachelor's Degree
Male,78,37,Elephant,False,0,2,,others,BSP,,,"₹56,200",Balakrishnan A,91427,7th Grade
Female,78,32,Farmer Carrying Plough,False,0,3,,ntk,NTK,,,₹nan,Radhika P,91428,Bachelor's Degree
Male,78,44,Whistle,False,0,4,,tvk,TVK,,,₹2.69 Cr,Ashok Kumar G,91429,8th Grade
Male,78,50,Bat,False,0,5,,others,PRP,,,₹nan,Arumugam G,91430,Not Specified
Male,78,34,Camera,False,0,6,,others,TAVK,,,₹7.50 L,Sankar R,91431,Not Specified
Female,78,54,Letter box,False,0,7,,others,AMK,,,₹50.10 L,Sevvantha G K,91432,10th Grade (SSLC)
Male,78,56,Mango,False,0,8,,nda,PMK,,,₹6.18 Cr,Chezhiyan P,91433,10th Grade (SSLC)
Male,78,50,Coconut farm,False,0,9,,ajpk,AIPTMMK,,,₹5.50 L,Ranganathan N,91434,10th Grade (SSLC)
Male,78,40,Pen nib with seven rays,False,0,10,,others,NMK,,,₹3.26 L,Venkatraman J,91196,Not Specified
Male,78,46,Grapes,False,0,11,,independent,IND,,,"₹58,000",Anbu D,91436,9th Grade
Male,78,46,Water melon,False,0,12,,independent,IND,,,₹5.46 L,Anbumurugan S,91437,10th Grade (SSLC)
Male,78,49,Calculator,False,0,13,,independent,IND,,,₹5.80 L,Karthikeyan A,91438,12th Grade (HSC / +2)
Male,78,41,Cauliflower,False,0,14,,independent,IND,,,₹nan,Karthikeyan V,91439,8th Grade
Male,78,32,Water tank,False,0,15,,independent,IND,,,₹25.12 L,Gowtham C,91440,Bachelor's Degree
Male,78,59,Ship,False,0,16,,independent,IND,,,₹1.37 L,Senthikumar V N,91441,Bachelor's Degree
Male,78,61,Gas cylinder,False,0,17,,independent,IND,,,₹32.92 L,Selvaraj P,91442,10th Grade (SSLC)
Male,78,44,Balloon,False,0,18,,independent,IND,,,₹25.63 L,Sezhiyan K,91443,10th Grade (SSLC)
Male,78,42,Box,False,0,19,,independent,IND,,,₹5.81 L,Narayanan L,91444,Not Specified
Male,78,42,Scissors,False,0,20,,independent,IND,,,₹68.61 L,Manikandan C,91445,12th Grade (HSC / +2)
Male,78,63,Pan,False,0,21,,independent,IND,,,"₹50,000",Marikkannu A,91446,Not Specified
Male,78,42,Bricks,False,0,22,,independent,IND,,,"₹59,000",Raja K,91447,9th Grade
Male,78,37,Belt,False,0,23,,independent,IND,,,₹4.47 L,Raja S,91448,Not Specified
Male,78,37,Frock,False,0,24,,independent,IND,,,₹5.09 L,Vinoth S,91449,10th Grade (SSLC)
Male,78,36,Bread,False,0,25,,independent,IND,,,"₹30,500",Vijayakumar G,91450,10th Grade (SSLC)
Male,79,62,Rising sun,True,0,1,,spa,DMK,,,₹92.42 L,Udhayasuriyan T,91451,Bachelor's Degree
Female,79,37,Elephant,False,0,2,,others,BSP,,,₹3.00 L,Sudha M,91452,Bachelor's Degree
Male,79,35,Farmer Carrying Plough,False,0,3,,ntk,NTK,,,₹7.08 L,Ramesh K,91453,Bachelor's Degree
Male,79,38,Two leaves,False,0,4,,nda,AIADMK,,,₹32.22 L,Rakesh R,91454,Bachelor's Degree
Male,79,47,Camera,False,0,5,,others,TAVK,,,"₹50,000",Ramachandiran M,91455,10th Grade (SSLC)
Male,79,42,Mike,False,0,6,,others,MSK,,,₹12.41 L,Gangasekar A,91456,12th Grade (HSC / +2)
Male,79,55,Pestle and mortar,False,0,7,,others,VTVTK,,,"₹10,000",Sanniyasi N,91457,Not Specified
Male,79,67,Coconut farm,False,0,8,,ajpk,AIPTMMK,,,"₹65,000",Nadarajan K,91458,Not Specified
Male,79,53,Whistle,False,0,9,,tvk,TVK,,,₹46.31 L,Jagadesan A,91459,Not Specified
Male,79,28,Grapes,False,0,10,,independent,IND,,,₹3.46 L,Anbazhagan S,91460,Diploma / ITI
Female,79,26,Ship,False,0,11,,independent,IND,,,₹1.46 L,Kavikuil V,91461,Bachelor's Degree
Male,79,44,Gas Stove,False,0,12,,independent,IND,,,"₹29,000",Samikkannu M,91462,10th Grade (SSLC)
Male,79,49,Electric pole,False,0,13,,independent,IND,,,₹nan,Durai Ezhilan P,91463,Diploma / ITI
Male,79,56,Peas,False,0,14,,independent,IND,,,"₹21,500",Pachaiyappan K,91464,10th Grade (SSLC)
Male,79,32,Ring,False,0,15,,independent,IND,,,₹7.42 L,Mani G,91465,Diploma / ITI
Male,79,33,Gift pack,False,0,16,,independent,IND,,,₹3.95 L,Manikandan P,91466,Bachelor's Degree
Male,79,49,Pan,False,0,17,,independent,IND,,,₹12.00 L,Mayilamparai Mari A,91467,Not Specified
Male,79,55,Gas cylinder,False,0,18,,independent,IND,,,₹nan,Dr.Murugu K,91468,Bachelor's Degree
Male,79,29,Box,False,0,19,,independent,IND,,,₹9.49 L,Vignesh R,91469,Bachelor's Degree
Male,79,34,Pen nib with seven rays,False,0,20,,independent,IND,,,₹nan,Vijay J,91470,Master's Degree
Male,79,47,Truck,False,0,21,,independent,IND,,,"₹48,000",Jayaprakash K,91471,Bachelor's Degree
Male,79,51,Bat,False,0,22,,independent,IND,,,₹20.61 L,Harun Rasheeth J,91472,Not Specified
Female,80,36,Farmer Carrying Plough,False,0,1,,ntk,NTK,,,₹37.38 L,Nagammal R,91473,Master's Degree
Female,80,46,Pot,False,0,2,,spa,VCK,,,₹3.47 Cr,Malathi K,91474,Doctorate (Ph.D / MD)
Male,80,41,Two leaves,False,0,3,,nda,AIADMK,,,₹73.24 L,Rajeevgandhi S,91475,Bachelor's Degree
Male,80,35,Whistle,False,0,4,,tvk,TVK,,,₹89.74 L,Arul Vignesh,91476,Master's Degree
Male,80,57,Cot,False,0,5,,independent,IND,,,₹7.85 L,Selvaraj M,91477,Not Specified
Male,80,43,Well,False,0,6,,independent,IND,,,₹3.05 L,Prabu C,91478,Not Specified
Female,80,28,Bucket,False,0,7,,independent,IND,,,₹3.00 L,Malathi K,91479,10th Grade (SSLC)
Male,80,40,Funnel,False,0,8,,independent,IND,,,₹2.15 Cr,Rajivgandhi S,91480,8th Grade
Male,80,41,Balloon,False,0,9,,independent,IND,,,₹3.16 L,Rajivgandhi P,91481,8th Grade
Male,80,27,Ship,False,0,10,,independent,IND,,,₹1.17 L,Vasanthakumar S,91482,Bachelor's Degree
Male,80,31,CCTV Camera,False,0,11,,independent,IND,,,"₹85,000",Vignesh G,91483,Bachelor's Degree
Female,81,31,Farmer Carrying Plough,False,0,1,,ntk,NTK,,,₹9.07 L,Abirami. A,91484,10th Grade (SSLC)
Male,81,59,Rising sun,False,0,2,,spa,DMK,,,₹1.68 Cr,Chinnadurai. K,91485,Bachelor's Degree
Male,81,61,Two leaves,False,0,3,,nda,AIADMK,,,₹22.13 L,Nallathambi. A,91486,10th Grade (SSLC)
Male,81,37,Elephant,False,0,4,,others,BSP,,,₹5.95 L,Balakrishnan. P,91487,12th Grade (HSC / +2)
Male,81,59,Letter box,False,0,5,,others,AMK,,,₹58.77 L,Anbazhagan. S,91488,Bachelor's Degree
Male,81,33,Camera,False,0,6,,others,TAVK,,,₹2.71 L,Kaviarasan. T.T,91489,12th Grade (HSC / +2)
Female,81,53,Whistle,False,0,7,,tvk,TVK,,,₹5.67 Cr,Sujatha. V,91490,Doctorate (Ph.D / MD)
Male,81,45,Gas cylinder,False,0,8,,others,PT,,,₹1.01 L,Marimuthu. S,91491,Not Specified
Male,81,54,Sitar,False,0,9,,independent,IND,,,"₹50,000",Kannan. S,91492,Not Specified
Male,81,26,Box,False,0,10,,independent,IND,,,₹1.95 L,Gunaprakash. D,91493,Bachelor's Degree
Male,81,40,Brush,False,0,11,,independent,IND,,,₹1.40 L,Tamilarasan. T,91494,10th Grade (SSLC)
Male,81,49,Balloon,False,0,12,,independent,IND,,,"₹36,237",Dhanapal. S,91495,12th Grade (HSC / +2)
Male,81,37,Grapes,False,0,13,,independent,IND,,,"₹98,890",Ramesh. S,91496,Not Specified
Male,82,49,Hand,False,0,1,,spa,INC,,,₹76.85 L,Arthanari. S.K,91497,Master's Degree
Female,82,52,Elephant,False,0,2,,others,BSP,,,₹3.01 L,Sellammal. V.M,91498,9th Grade
Female,82,36,Farmer Carrying Plough,False,0,3,,ntk,NTK,,,₹1.49 Cr,Monisha Chinnadurai,91499,Bachelor's Degree
Male,82,55,Two leaves,False,0,4,,nda,AIADMK,,,₹1.25 Cr,Jayasankaran. A.P,91500,Diploma / ITI
Male,82,38,Whistle,False,0,5,,tvk,TVK,,,₹nan,Selvabharathi. R,91501,Master's Degree
Female,82,49,Balloon,False,0,6,,others,DMSK,,,₹5.50 L,Palaniyammal. S,91502,8th Grade
Male,82,50,Camera,False,0,7,,others,TAVK,,,"₹50,000",Ramesh. G,91503,10th Grade (SSLC)
Male,82,47,Coat,False,0,8,,independent,IND,,,"₹11,100",Selvakannan. L,91504,8th Grade
Male,82,46,Pressure cooker,False,0,9,,independent,IND,,,"₹56,324",Poomalai. C,91505,Bachelor's Degree
Male,82,43,Chess board,False,0,10,,independent,IND,,,"₹65,000",Manikandan. M,91506,Bachelor's Degree
Male,82,47,Ring,False,0,11,,independent,IND,,,₹16.94 L,Manimaran. A,91507,8th Grade
Male,82,68,Air conditioner,False,0,12,,independent,IND,,,₹1.23 Cr,Manickam. K,91508,Doctorate (Ph.D / MD)
Male,82,34,Sitar,False,0,13,,independent,IND,,,₹21.35 L,Rajeshkannan. K,91509,8th Grade
Male,82,53,Gas cylinder,False,0,14,,independent,IND,,,"₹11,000",Varatharaj. G,91510,7th Grade
Male,82,35,Bat,False,0,15,,independent,IND,,,"₹18,167",Jagan. T,91511,10th Grade (SSLC)
Female,83,54,Two leaves,False,0,1,,nda,AIADMK,,,₹7.96 Cr,P.Usharani,91512,8th Grade
Male,83,54,Elephant,False,0,2,,others,BSP,,,₹5.00 L,K.Palanisamy,91513,10th Grade (SSLC)
Male,83,26,Farmer Carrying Plough,False,0,3,,ntk,NTK,,,₹7.37 L,Palanisamy.M,91514,Bachelor's Degree
Female,83,44,Rising sun,False,0,4,,spa,DMK,,,₹nan,T.M.Revathi,91515,Bachelor's Degree
Male,83,35,Flag with three stars,False,0,5,,others,CPI(ML),,,₹nan,C.Gopi,91516,9th Grade
Female,83,30,Whistle,False,0,6,,tvk,TVK,,,₹17.67 L,J.Lakshmi Janarthanan,91517,10th Grade (SSLC)
Male,83,48,Camera,False,0,7,,others,TAVK,,,"₹51,000",T.Vengateshsan,91518,5th Grade
Male,83,42,Flute,False,0,8,,independent,IND,,,₹8.00 L,N.Karthik,91519,5th Grade
Male,83,52,Tray,False,0,9,,independent,IND,,,₹5.16 L,A.Kaliyappan,91520,6th Grade
Male,83,49,Wallet,False,0,10,,independent,IND,,,₹5.93 L,Thangadurai.N,91521,8th Grade
Male,83,45,Belt,False,0,11,,independent,IND,,,₹5.16 L,K.Pazhanivel,91522,6th Grade
Male,83,27,Cake,False,0,12,,independent,IND,,,₹8.03 L,N.Vijayakumar,91523,10th Grade (SSLC)
Male,83,31,Diamond,False,0,13,,independent,IND,,,₹1.72 L,S.Venkatesan,91524,Bachelor's Degree
Male,84,59,Nagara,False,0,1,,spa,DMDK,,,₹1.95 Cr,Elangovan. A.R,91525,8th Grade
Male,84,27,Farmer Carrying Plough,False,0,2,,ntk,NTK,,,₹67.54 L,Sivasakthi. M,91526,Master's Degree
Male,84,48,Two leaves,False,0,3,,nda,AIADMK,,,₹4.02 Cr,Mani. R,91527,Bachelor's Degree
Male,84,29,Whistle,False,0,4,,tvk,TVK,,,₹1.06 Cr,Adhiyamaan. R.V,91528,Bachelor's Degree
Male,84,44,Camera,False,0,5,,others,TAVK,,,₹88.90 L,Krishnamoorthy. D,91529,Master's Degree
Male,84,47,Gas cylinder,False,0,6,,ajpk,AJPK,,,₹93.40 L,Sureshkumar. S,91530,Diploma / ITI
Male,84,33,Bucket,False,0,7,,independent,IND,,,₹6.60 L,Arulprakash. T,91531,10th Grade (SSLC)
Male,84,35,Tea filter,False,0,8,,independent,IND,,,₹nan,Gobinathan. R,91532,Not Specified
Male,84,32,Colour tray & brush,False,0,9,,independent,IND,,,₹2.86 L,Santhalingam. C,91533,Bachelor's Degree
Male,84,75,Ship,False,0,10,,independent,IND,,,"₹10,000",Perumal. S,91534,Bachelor's Degree
Male,84,45,Coconut farm,False,0,11,,independent,IND,,,"₹10,000",Mani. V,91535,5th Grade
Male,84,36,Electric pole,False,0,12,,independent,IND,,,₹5.80 L,Manokaran. A,91536,10th Grade (SSLC)
Male,84,33,Truck,False,0,13,,independent,IND,,,"₹52,100",Mayakkannan. R,91537,10th Grade (SSLC)
Male,84,47,Bat,False,0,14,,independent,IND,,,₹1.39 Cr,Mohanraj. P.M,91538,12th Grade (HSC / +2)
Male,84,42,Battery Torch,False,0,15,,independent,IND,,,₹6.66 L,Jeganathan. A,91539,5th Grade
Male,85,35,Rising sun,False,0,1,,spa,DMK,,,₹99.95 L,Midhun Chakravarthy.M,91540,Bachelor's Degree
Female,85,35,Farmer Carrying Plough,False,0,2,,ntk,NTK,,,₹6.98 L,Vidhya Veerappan,91541,12th Grade (HSC / +2)
Male,85,61,Two leaves,False,0,3,,nda,AIADMK,,,₹1.09 Cr,Venkatachalam.G,91542,9th Grade
Male,85,42,Whistle,False,0,4,,tvk,TVK,,,₹22.30 L,Selvam.K,91543,8th Grade
Male,85,62,Camera,False,0,5,,others,TAVK,,,₹11.50 L,Periyaponnu.O,91544,Diploma / ITI
Male,85,40,Bat,False,0,6,,others,VTNMK,,,"₹14,000",Velu.A,91545,8th Grade
Male,85,40,Tiller,False,0,7,,independent,IND,,,"₹30,000",Kannan.M,91546,Not Specified
Male,85,45,Flute,False,0,8,,independent,IND,,,₹7.75 L,Kannan.R,91547,10th Grade (SSLC)
Male,85,35,Peas,False,0,9,,independent,IND,,,₹62.61 L,Krishnamoorthy.P,91548,Diploma / ITI
Male,85,47,Diamond,False,0,10,,independent,IND,,,"₹20,000",Saravanakumar.M,91549,12th Grade (HSC / +2)
Male,85,42,Throwing a javelin,False,0,11,,independent,IND,,,"₹10,000",Chithambaram.A,91550,Not Specified
Male,85,46,Gas cylinder,False,0,12,,independent,IND,,,₹60.45 L,Durairaj.V,91551,Not Specified
Male,85,65,Tyres,False,0,13,,independent,IND,,,₹15.15 L,Dr.K.Padmarajan,91552,8th Grade
Male,85,34,Coconut farm,False,0,14,,independent,IND,,,"₹45,300",Prabakaran.S,91553,Master's Degree
Male,85,36,Bricks,False,0,15,,independent,IND,,,"₹56,000",Murugan.P,91554,12th Grade (HSC / +2)
Male,85,34,Laptop,False,0,16,,independent,IND,,,₹10.85 L,Ramkumar.D.M,91555,Diploma / ITI
Male,85,39,Electric pole,False,0,17,,independent,IND,,,₹nan,Venkatasalam.G,91556,Bachelor's Degree
Male,85,71,Bucket,False,0,18,,independent,IND,,,₹12.78 L,Jaganathan.A,91557,Master's Degree
Male,86,66,Rising sun,False,0,1,,spa,DMK,,,₹4.28 Cr,Kasi. C,91558,Not Specified
Male,86,72,Two leaves,True,0,2,,nda,AIADMK,,,₹50.87 L,Edappadi Palaniswami. K,91559,Bachelor's Degree
Female,86,37,Farmer Carrying Plough,False,0,3,,ntk,NTK,,,₹46.83 L,Priyadharshini. A,91560,Master's Degree
Male,86,36,Camera,False,0,4,,others,TAVK,,,₹11.01 L,Govindaraj.V,91561,Bachelor's Degree
Male,86,54,Coconut farm,False,0,5,,ajpk,AIPTMMK,,,₹28.24 L,Suresh. L,91562,10th Grade (SSLC)
Male,86,45,Gas cylinder,False,0,6,,independent,IND,,,₹10.31 L,Elumalai. P,91563,8th Grade
Male,86,41,Tea filter,False,0,7,,independent,IND,,,₹6.11 L,Iyyappan Perumal. P,91564,Not Specified
Male,86,70,Ring,False,0,8,,independent,IND,,,₹51.44 L,Kumaresan. M,91565,Diploma / ITI
Male,86,57,Bucket,False,0,9,,independent,IND,,,₹9.16 L,Sakthivel. S,91566,8th Grade
Male,86,42,Battery Torch,False,0,10,,independent,IND,,,"₹11,100",Subramani. P,91567,10th Grade (SSLC)
Male,86,38,Telephone,False,0,11,,independent,IND,,,₹nan,Thulasimani. P,91568,Not Specified
Male,86,43,Television,False,0,12,,independent,IND,,,₹5.64 L,Premkumar. K,91569,6th Grade
Male,86,47,Bat,False,0,13,,independent,IND,,,"₹31,750",Murugan. C,91570,Not Specified
Male,86,37,Diamond,False,0,14,,independent,IND,,,"₹10,000",Student'S Friend Murugan. M,91571,Bachelor's Degree
Male,86,65,Pen nib with seven rays,False,0,15,,independent,IND,,,₹1.53 Cr,Raja. K,91572,Bachelor's Degree
Male,87,54,Elephant,False,0,1,,others,BSP,,,₹1.01 L,Settumuthu. V,91573,Bachelor's Degree
Female,87,36,Farmer Carrying Plough,False,0,2,,ntk,NTK,,,₹75.60 L,Nithya. A,91574,Master's Degree
Male,87,37,Rising sun,False,0,3,,spa,DMK,,,₹61.24 L,Manikandan. M,91575,8th Grade
Male,87,54,Two leaves,False,0,4,,nda,AIADMK,,,₹29.84 L,Vetrivel. S,91576,Bachelor's Degree
Male,87,55,Gas cylinder,False,0,5,,others,IDMK,,,₹12.43 L,Dr. Gurunathan. S,91577,Doctorate (Ph.D / MD)
Male,87,44,Whistle,False,0,6,,tvk,TVK,,,₹4.01 Cr,Senthilkumar. K,91578,9th Grade
Male,87,49,Camera,False,0,7,,others,TAVK,,,₹1.08 Cr,Senthilkumar. R.S,91579,Master's Degree
Male,87,42,Grapes,False,0,8,,independent,IND,,,₹6.68 L,Sakthivel. G,91580,Diploma / ITI
Male,87,33,Ship,False,0,9,,independent,IND,,,₹nan,Sakthivel. D,91581,Bachelor's Degree
Male,87,32,Pen drive,False,0,10,,independent,IND,,,₹1.62 L,Salman. E,91582,Not Specified
Male,87,69,Ring,False,0,11,,independent,IND,,,₹12.60 L,Durairaj. C,91583,10th Grade (SSLC)
Male,87,40,Peas,False,0,12,,independent,IND,,,₹2.68 L,Paramasivam. R,91584,7th Grade
Male,87,29,Batsman,False,0,13,,independent,IND,,,₹4.27 L,Poovarasan. S,91585,Bachelor's Degree
Male,87,32,Gift pack,False,0,14,,independent,IND,,,₹1.65 L,Manikandan. D,91586,Bachelor's Degree
Male,87,30,Kitchen sink,False,0,15,,independent,IND,,,₹4.13 L,Manikandan. P,91587,9th Grade
Male,87,45,Truck,False,0,16,,independent,IND,,,₹13.90 L,Mayilkumar. M,91588,Master's Degree
Male,87,33,Bucket,False,0,17,,independent,IND,,,₹9.64 L,Ranjith Kumar. V,91589,7th Grade
Male,87,45,Almirah,False,0,18,,independent,IND,,,₹5.78 L,Rameshkumar. V,91590,5th Grade
Male,87,36,Bat,False,0,19,,independent,IND,,,₹1.51 L,Vignesh. A,91591,Diploma / ITI
Male,87,45,Bricks,False,0,20,,independent,IND,,,₹6.20 L,Vijayakumar. M,91592,10th Grade (SSLC)
Male,88,72,Nagara,False,0,1,,spa,DMDK,,,₹72.19 L,Alagaapuram. R.Mohanraj,91593,Bachelor's Degree
Male,88,30,Elephant,False,0,2,,others,BSP,,,₹nan,Gunasekaran.R,91594,9th Grade
Male,88,40,Farmer Carrying Plough,False,0,3,,ntk,NTK,,,₹1.87 Cr,Sureshkumar.R,91595,Master's Degree
Male,88,54,Gas cylinder,True,0,4,,ajpk,AJPK,,,₹4.21 Cr,Arul Ramadas,91596,Bachelor's Degree
Male,88,58,Mango,False,0,5,,nda,PMK,,,₹16.72 Cr,Karthe.M,91597,Bachelor's Degree
Male,88,44,Ring,False,0,6,,others,VTK,,,₹13.15 L,Prabu.K,91598,5th Grade
Male,88,44,Camera,False,0,7,,others,TAVK,,,₹30.00 L,Raj Kumar.G,91599,9th Grade
Male,88,58,Whistle,False,0,8,,tvk,TVK,,,₹90.03 L,Lakshmanan.S,91600,Bachelor's Degree
Male,88,40,Truck,False,0,9,,independent,IND,,,₹4.77 L,Amirthalingam.N,91601,Not Specified
Male,88,27,Water tank,False,0,10,,independent,IND,,,"₹36,290",Arul.S,91602,Bachelor's Degree
Male,88,27,Letter box,False,0,11,,independent,IND,,,"₹36,290",Arul.T,91603,Bachelor's Degree
Male,88,46,Clip,False,0,12,,independent,IND,,,₹1.24 Cr,Arul. D,91604,Diploma / ITI
Male,88,41,Noodles bowl,False,0,13,,independent,IND,,,"₹57,300",Arul. P,91605,Bachelor's Degree
Male,88,27,Water melon,False,0,14,,independent,IND,,,"₹16,621",Karthick. M,91606,10th Grade (SSLC)
Male,88,26,Grapes,False,0,15,,independent,IND,,,₹38.31 L,Karthick. R,91607,Bachelor's Degree
Male,88,51,Coconut farm,False,0,16,,independent,IND,,,₹2.00 L,Kumar.A.P,91608,5th Grade
Male,88,43,Tiller,False,0,17,,independent,IND,,,₹1.35 L,Chandrasekaran.G,91609,10th Grade (SSLC)
Male,88,56,Batsman,False,0,18,,independent,IND,,,"₹12,000",Selvam.R,91610,Not Specified
Male,88,76,Carpet,False,0,19,,independent,IND,,,₹3.33 L,Dhanapal,91611,9th Grade
Male,88,42,Chappals,False,0,20,,independent,IND,,,₹nan,Thiyagarajan.M,91612,12th Grade (HSC / +2)
Male,88,28,Pestle and mortar,False,0,21,,independent,IND,,,₹11.71 L,Bharath.S,91613,Bachelor's Degree
Male,88,43,Ship,False,0,22,,independent,IND,,,₹3.00 L,Bharanitharan. D.K,91614,Master's Degree
Male,88,44,Scissors,False,0,23,,independent,IND,,,"₹70,136",Panneerselvam.P,91615,12th Grade (HSC / +2)
Male,88,56,Jackfruit,False,0,24,,independent,IND,,,₹nan,Er Prabakaran. S,91616,Bachelor's Degree
Male,88,73,Baby walker,False,0,25,,independent,IND,,,₹41.05 L,Perumal.A,91617,12th Grade (HSC / +2)
Male,88,52,Television,False,0,26,,independent,IND,,,₹53.45 L,Manohar.C,91618,Diploma / ITI
Male,88,30,Gift pack,False,0,27,,independent,IND,,,₹98.34 L,Mohan Raj.R,91619,Diploma / ITI
Male,88,63,Diamond,False,0,28,,independent,IND,,,₹1.51 L,Radhakrishnan.R,91620,10th Grade (SSLC)
Male,88,32,Flute,False,0,29,,independent,IND,,,"₹84,000",Vijayakumar.S,91621,Bachelor's Degree
Male,88,40,Pressure cooker,False,0,30,,independent,IND,,,₹8.42 L,Velmanikandan.S,91622,12th Grade (HSC / +2)
Male,88,43,Petrol pump,False,0,31,,independent,IND,,,₹1.80 L,Srisabarinathan,91623,9th Grade
Male,89,66,Rising sun,False,0,1,,spa,DMK,,,₹76.68 L,Rajendran. R,91624,Bachelor's Degree
Female,89,39,Farmer Carrying Plough,False,0,2,,ntk,NTK,,,₹9.85 L,Gunaseela. M,91625,Bachelor's Degree
Male,89,59,Mango,False,0,3,,nda,PMK,,,₹1.16 Cr,Sadhasivam. S,91626,Master's Degree
Male,89,52,Whistle,False,0,4,,tvk,TVK,,,₹52.90 Cr,Sivakumar. K,91627,Master's Degree
Male,89,36,Camera,False,0,5,,others,TAVK,,,₹42.80 L,Mohanraj. S,91628,10th Grade (SSLC)
Female,89,40,Ring,False,0,6,,others,VTK,,,₹33.16 L,Jothilakshmi. R.S,91629,10th Grade (SSLC)
Male,89,38,Diamond,False,0,7,,independent,IND,,,₹2.00 L,Sabareesan. D,91630,Bachelor's Degree
Male,89,55,Table,False,0,8,,independent,IND,,,₹nan,Palanisamy. R,91631,10th Grade (SSLC)
Female,89,52,CCTV Camera,False,0,9,,independent,IND,,,₹21.01 Cr,Pravina. G,91632,Bachelor's Degree
Male,89,37,Balloon,False,0,10,,independent,IND,,,₹4.13 L,Manivannan. S,91633,Diploma / ITI
Male,89,49,Mike,False,0,11,,independent,IND,,,₹35.80 L,Mahabub John. K,91634,10th Grade (SSLC)
Male,89,58,Bricks,False,0,12,,independent,IND,,,"₹11,000",Rajasekar. S,91635,Not Specified
Male,89,58,Bucket,False,0,13,,independent,IND,,,₹74.14 L,Raja. A,91636,9th Grade
Male,89,66,Tube light,False,0,14,,independent,IND,,,₹25.37 L,Rajendran. A,91637,9th Grade
Female,90,33,Farmer Carrying Plough,False,0,1,,ntk,NTK,,,₹65.14 L,Sofia. S,91638,Master's Degree
Male,90,69,Rising sun,False,0,2,,spa,DMK,,,₹4.13 Cr,Loganathan. M,91639,10th Grade (SSLC)
Male,90,44,Two leaves,False,0,3,,nda,AIADMK,,,₹3.27 Cr,Vinoth. J,91640,10th Grade (SSLC)
Male,90,46,Camera,False,0,4,,others,TAVK,,,₹14.66 L,Bas Madheswaran,91641,5th Grade
Male,90,50,Whistle,False,0,5,,tvk,TVK,,,₹7.16 Cr,Vijay Tamilan Parthiban. A,91642,12th Grade (HSC / +2)
Male,90,47,Ship,False,0,6,,independent,IND,,,₹3.10 L,Ambedkar. C,91643,8th Grade
Male,90,36,Frying pan,False,0,7,,independent,IND,,,₹1.67 L,Santhosh. S,91644,10th Grade (SSLC)
Male,90,62,Gas cylinder,False,0,8,,independent,IND,,,₹9.75 L,Sundaram. R,91645,7th Grade
Female,90,33,Air conditioner,False,0,9,,independent,IND,,,₹15.13 L,Sumathi. P,91646,Bachelor's Degree
Male,90,67,Gas Stove,False,0,10,,independent,IND,,,₹1.43 L,Padmanapan. M,91647,6th Grade
Male,90,62,Diamond,False,0,11,,independent,IND,,,₹33.02 L,Palaniappan. M,91648,Not Specified
Male,90,31,Cake,False,0,12,,independent,IND,,,₹2.52 L,Parthiban. A,91649,10th Grade (SSLC)
Male,90,26,Belt,False,0,13,,independent,IND,,,₹6.57 L,Parthiban. V,91650,Diploma / ITI
Male,90,30,Chappals,False,0,14,,independent,IND,,,₹5.23 L,Praveen Kumar. M,91651,Bachelor's Degree
Male,90,45,Balloon,False,0,15,,independent,IND,,,₹nan,Mayakannan. N,91652,10th Grade (SSLC)
Male,90,43,Road roller,False,0,16,,independent,IND,,,₹74.71 L,Loganathan. M,91653,Bachelor's Degree
Male,90,32,Bucket,False,0,17,,independent,IND,,,₹1.47 L,Loganathan. M,91654,Master's Degree
Male,90,51,Batsman,False,0,18,,independent,IND,,,₹1.67 L,Varatharajan. S.P,91655,9th Grade
Male,90,48,Window,False,0,19,,independent,IND,,,₹5.01 L,Jayaraj. S,91656,8th Grade
Male,91,45,Rising sun,False,0,1,,spa,DMK,,,₹3.74 Cr,Tharun. A.K,91657,Master's Degree
Male,91,32,Farmer Carrying Plough,False,0,2,,ntk,NTK,,,₹23.65 L,Rajeshkumar. S,91658,10th Grade (SSLC)
Male,91,31,Two leaves,False,0,3,,nda,AIADMK,,,₹8.66 Cr,Sri Balaji Sugumar. S,91659,Bachelor's Degree
Male,91,58,Flag with three stars,False,0,4,,others,CPI(ML),,,"₹19,098",Anbazhagan. P,91660,10th Grade (SSLC)
Male,91,41,Pen nib with seven rays,False,0,5,,others,NMK,,,₹31.01 L,Sakthivel. M,91435,10th Grade (SSLC)
Male,91,57,Whistle,False,0,6,,tvk,TVK,,,₹29.64 Cr,Palanivel. M.S,91662,12th Grade (HSC / +2)
Male,91,33,Camera,False,0,7,,others,TAVK,,,₹98.10 L,Bramamoorthi. M,91663,Bachelor's Degree
Male,91,35,CCTV Camera,False,0,8,,independent,IND,,,₹5.31 L,Indrajith Guptha. G,91664,Diploma / ITI
Female,91,46,Stethoscope,False,0,9,,independent,IND,,,₹2.89 Cr,Kavitha. M.P,91665,12th Grade (HSC / +2)
Male,91,28,Tiller,False,0,10,,independent,IND,,,"₹64,100",Karthi. R,91666,Bachelor's Degree
Male,91,29,T.V.Remote,False,0,11,,independent,IND,,,₹45.87 L,Gopi. R,91667,9th Grade
Male,91,33,Ship,False,0,12,,independent,IND,,,"₹64,000",Gopinath. B,91668,Bachelor's Degree
Male,91,47,Diamond,False,0,13,,independent,IND,,,₹5.15 L,Senthilkumar. M,91669,Bachelor's Degree
Male,91,39,Belt,False,0,14,,independent,IND,,,₹1.36 L,Tamilarasan. D,91670,10th Grade (SSLC)
Male,91,25,Batsman,False,0,15,,independent,IND,,,"₹25,046",Devendhiraprabu. M,91671,Bachelor's Degree
Male,91,42,Gas cylinder,False,0,16,,independent,IND,,,₹26.84 L,Palanisamy. P,91672,Bachelor's Degree
Male,91,31,Computer mouse,False,0,17,,independent,IND,,,₹20.14 L,Prabhu. V,91673,Diploma / ITI
Male,91,37,Calculator,False,0,18,,independent,IND,,,"₹56,000",Ranganathan. D,91674,10th Grade (SSLC)
Male,91,46,Scissors,False,0,19,,independent,IND,,,₹16.80 L,Vaidesswara Prasad. N,91675,Bachelor's Degree
Male,91,50,Gramophone,False,0,20,,independent,IND,,,"₹6,500",Jayavel. M,91676,12th Grade (HSC / +2)
Male,92,46,Lotus,False,0,1,,nda,BJP,,,₹14.83 L,Premkumar S D,91677,Not Specified
Female,92,36,Farmer Carrying Plough,False,0,2,,ntk,NTK,,,₹nan,Sasikala S,91678,Bachelor's Degree
Male,92,41,Rising sun,True,0,3,,spa,DMK,,,₹2.41 Cr,Mathiventhan M Dr,91679,Not Specified
Male,92,27,Lady finger,False,0,4,,others,GPI,,,"₹21,500",Arulkumar P,91680,Bachelor's Degree
Male,92,54,Telephone,False,0,5,,others,AIADMSK,,,"₹8,697",Arulraju G,91681,Bachelor's Degree
Male,92,35,Camera,False,0,6,,others,TAVK,,,₹8.19 L,Krishnamoorthi P,91682,12th Grade (HSC / +2)
Male,92,40,Hand cart,False,0,7,,others,PT,,,₹2.51 L,Muniyappan M,91683,Bachelor's Degree
Male,92,60,Bucket,False,0,8,,others,SMNK,,,"₹24,000",Ramadass D,91684,Not Specified
Male,92,42,Whistle,False,0,9,,tvk,TVK,,,₹2.42 Cr,Logesh Tamilselvan D,91685,Master's Degree
Male,92,31,Television,False,0,10,,independent,IND,,,"₹83,500",Ampulimadhan M,91686,Bachelor's Degree
Female,92,35,Capsicum,False,0,11,,independent,IND,,,₹nan,Thangamani S,91687,10th Grade (SSLC)
Male,92,31,Gas cylinder,False,0,12,,independent,IND,,,₹1.07 L,Tamilazhagan M,91688,Diploma / ITI
Male,92,51,Grapes,False,0,13,,independent,IND,,,₹15.51 L,Nagarajan K,91689,12th Grade (HSC / +2)
Male,92,32,Ship,False,0,14,,independent,IND,,,₹nan,Neppoliyan K,91690,Bachelor's Degree
Male,92,35,Matchbox,False,0,15,,independent,IND,,,₹34.27 L,Manikandan C,91691,Master's Degree
Male,92,49,Diamond,False,0,16,,independent,IND,,,₹32.42 L,Murugesan A,91692,10th Grade (SSLC)
Male,92,44,Box,False,0,17,,independent,IND,,,"₹5,731",Rajeshkannan R,91693,12th Grade (HSC / +2)
Female,92,54,Coat,False,0,18,,independent,IND,,,₹10.51 L,Jayanthi M,91694,Master's Degree
Male,93,59,Two leaves,False,0,1,,nda,AIADMK,,,₹1.56 Cr,C Chandrasekaran,91695,10th Grade (SSLC)
Female,93,44,Rising sun,False,0,2,,spa,DMK,,,₹2.14 Cr,P Poomalar,91696,8th Grade
Female,93,26,Farmer Carrying Plough,False,0,3,,ntk,NTK,,,₹8.76 L,Ponnumani C,91697,Bachelor's Degree
Male,93,52,Whistle,False,0,4,,tvk,TVK,,,₹34.67 L,P Chandrasekar,91698,Bachelor's Degree
Male,93,65,Lady finger,False,0,5,,others,GPI,,,₹61.94 L,K Duraisamy,91699,Master's Degree
Male,93,45,Camera,False,0,6,,others,TAVK,,,₹1.86 L,P Ramasamy,91700,8th Grade
Male,93,40,Coconut farm,False,0,7,,ajpk,AIPTMMK,,,₹10.00 L,C Jaganathan,91701,Diploma / ITI
Male,93,29,Electric pole,False,0,8,,independent,IND,,,₹1.41 L,C Suthan,91702,10th Grade (SSLC)
Male,93,46,Pen nib with seven rays,False,0,9,,independent,IND,,,₹31.48 L,M Swaminathan,91703,9th Grade
Male,93,43,Bat,False,0,10,,independent,IND,,,₹3.75 L,A Balamurugan,91704,Master's Degree
Male,93,27,Diamond,False,0,11,,independent,IND,,,₹1.06 L,E Manikandan,91705,Master's Degree
Male,93,40,Kettle,False,0,12,,independent,IND,,,₹1.70 L,K Ramesh,91706,10th Grade (SSLC)
Male,94,61,Elephant,False,0,1,,others,BSP,,,"₹80,626",Ramasamy P,91707,12th Grade (HSC / +2)
Male,94,39,Farmer Carrying Plough,False,0,2,,ntk,NTK,,,₹nan,Praveenkumar K,91708,Master's Degree
Male,94,53,Two leaves,False,0,3,,nda,AIADMK,,,₹53.05 Cr,Sridevi Mohan P S,91709,Bachelor's Degree
Female,94,57,Rising sun,False,0,4,,spa,DMK,,,₹1.60 Cr,Rani P,91710,Master's Degree
Male,94,34,Jackfruit,False,0,5,,others,APTADMK,,,₹32.02 L,Aadithiyan A,91711,Diploma / ITI
Male,94,45,Mike,False,0,6,,others,ASP,,,₹16.06 L,Gandhian Ramesh T,91712,Diploma / ITI
Male,94,52,Lady finger,False,0,7,,others,GPI,,,"₹10,168",Sureshkannan P,91713,Not Specified
Male,94,32,Bucket,False,0,8,,others,SMNK,,,"₹20,085",Thiyagarajan R,91714,12th Grade (HSC / +2)
Male,94,33,Whistle,False,0,9,,tvk,TVK,,,₹4.63 Cr,Dilip C S,91715,Bachelor's Degree
Male,94,58,Coconut farm,False,0,10,,ajpk,AIPTMMK,,,₹3.28 L,Palanisamy M P,91716,Diploma / ITI
Male,94,45,Telephone,False,0,11,,others,AIADMSK,,,"₹23,000",Mahendran P,91717,Not Specified
Male,94,46,Gas cylinder,False,0,12,,others,PT,,,₹3.95 L,Matheswaran C,91718,7th Grade
Male,94,26,Laptop,False,0,13,,independent,IND,,,₹6.44 L,Abineshkumar T,91719,12th Grade (HSC / +2)
Male,94,33,Brief case,False,0,14,,independent,IND,,,₹4.30 L,Aravinth S,91720,Master's Degree
Male,94,54,Battery Torch,False,0,15,,independent,IND,,,₹23.30 L,Kanakaraj K,91721,Diploma / ITI
Female,94,60,Diamond,False,0,16,,independent,IND,,,₹64.74 L,Chandra P,91722,10th Grade (SSLC)
Male,94,59,Pressure cooker,False,0,17,,independent,IND,,,₹7.86 Cr,Natarajan M,91723,10th Grade (SSLC)
Male,94,45,Road roller,False,0,18,,independent,IND,,,₹6.00 L,Netajikaviarasu V,91724,Bachelor's Degree
Male,94,32,Bench,False,0,19,,independent,IND,,,₹4.04 L,Manikandan R,91725,Not Specified
Male,94,50,Spanner,False,0,20,,independent,IND,,,₹11.55 L,Muthusamy S,91726,8th Grade
Male,94,63,Electric pole,False,0,21,,independent,IND,,,₹nan,Mohan S,91727,12th Grade (HSC / +2)
Male,94,65,Binoculars,False,0,22,,independent,IND,,,₹11.11 L,Mohan P,91728,Bachelor's Degree
Male,94,52,Scissors,False,0,23,,independent,IND,,,₹1.39 Cr,Mohan M,91729,Bachelor's Degree
Male,94,52,Camera,False,0,24,,independent,IND,,,₹83.67 L,Ramesh A,91730,Not Specified
Male,94,54,Water tank,False,0,25,,independent,IND,,,₹14.60 L,Jayakumar R,91731,Bachelor's Degree
Male,94,47,Ring,False,0,26,,independent,IND,,,₹1.67 L,Jayaraman M,91732,Diploma / ITI
Male,94,37,Ship,False,0,27,,independent,IND,,,"₹81,600",Stalin R,91733,Master's Degree
Male,95,33,Farmer Carrying Plough,False,0,1,,ntk,NTK,,,₹16.14 Cr,Aravind M,91734,12th Grade (HSC / +2)
Male,95,52,Elephant,False,0,2,,others,BSP,,,₹2.35 L,Raman V,91735,6th Grade
Male,95,55,Two leaves,True,0,3,,nda,AIADMK,,,₹1.43 Cr,Sekar S,91736,Not Specified
Male,95,64,Rising sun,False,0,4,,spa,DMK,,,₹5.25 Cr,Moorthiy K S,91737,Bachelor's Degree
Male,95,50,Jackfruit,False,0,5,,others,APTADMK,,,₹14.12 L,Selvarasu S,91738,Not Specified
Female,95,42,Camera,False,0,6,,others,TAVK,,,₹40.60 L,Shailaja,91739,9th Grade
Male,95,51,Whistle,False,0,7,,tvk,TVK,,,₹2.59 Cr,Nandakumar A,91740,Master's Degree
Female,95,73,Telephone,False,0,8,,others,AIADMSK,,,"₹25,000",Bakkiam P,91741,Not Specified
Male,95,33,Coconut farm,False,0,9,,ajpk,AIPTMMK,,,₹18.86 Cr,Vijay Suryabhalaaji K R,91742,Bachelor's Degree
Male,95,59,Air conditioner,False,0,10,,independent,IND,,,₹4.50 L,Ramasamy,91743,Not Specified
Male,95,34,Capsicum,False,0,11,,independent,IND,,,"₹21,000",Kandasamy S,91744,10th Grade (SSLC)
Male,95,32,Bicycle pump,False,0,12,,independent,IND,,,"₹30,000",Karthik R,91745,12th Grade (HSC / +2)
Male,95,56,Matchbox,False,0,13,,independent,IND,,,"₹22,000",Gopalan G,91746,5th Grade
Male,95,26,Mike,False,0,14,,independent,IND,,,"₹29,000",Sudharsan K,91747,Bachelor's Degree
Male,95,37,Scissors,False,0,15,,independent,IND,,,"₹21,000",Suresh R,91748,5th Grade
Male,95,46,Peas,False,0,16,,independent,IND,,,₹nan,Sekar C,91749,10th Grade (SSLC)
Male,95,52,Diamond,False,0,17,,independent,IND,,,"₹20,000",Sekar V,90726,3rd Grade
Male,95,35,Electric pole,False,0,18,,independent,IND,,,"₹30,000",Thangarasu M,91751,9th Grade
Female,95,39,Balloon,False,0,19,,independent,IND,,,₹nan,Parameshwari S,91752,Diploma / ITI
Male,95,42,Almirah,False,0,20,,independent,IND,,,"₹21,000",Palanisamy S,91753,7th Grade
Male,95,45,Bangles,False,0,21,,independent,IND,,,"₹23,200",Balaji,91754,Diploma / ITI
Male,95,32,Baby walker,False,0,22,,independent,IND,,,₹1.08 L,Prathap K,91755,10th Grade (SSLC)
Male,95,26,Pen nib with seven rays,False,0,23,,independent,IND,,,₹1.74 L,Manojkumar M,91756,Master's Degree
Male,95,49,Wall hook,False,0,24,,independent,IND,,,"₹21,000",Murthi,91757,Not Specified
Male,95,61,Bead necklace,False,0,25,,independent,IND,,,₹1.29 L,Moorthi M,91758,Not Specified
Male,95,27,Grapes,False,0,26,,independent,IND,,,"₹23,000",Ranjith K,91759,Diploma / ITI
Male,95,43,Bench,False,0,27,,independent,IND,,,₹nan,Ramesh P,91760,5th Grade
Male,95,54,Belt,False,0,28,,independent,IND,,,"₹23,000",Ramesh R,91761,12th Grade (HSC / +2)
Male,95,46,Gas cylinder,False,0,29,,independent,IND,,,₹97.75 L,Raja R,91762,12th Grade (HSC / +2)
Female,95,40,Bat,False,0,30,,independent,IND,,,"₹21,550",Latha A,91763,7th Grade
Male,95,43,Clip,False,0,31,,independent,IND,,,"₹20,000",Vijayakumar A,91764,5th Grade
Male,96,64,Rising sun,True,0,1,,spa,DMK,,,₹25.97 Cr,Eswaran E R,91765,Bachelor's Degree
Male,96,58,Two leaves,False,0,2,,nda,AIADMK,,,₹2.05 Cr,Srmt Sekar (A) Chandrasekar R,91766,Not Specified
Female,96,28,Farmer Carrying Plough,False,0,3,,ntk,NTK,,,₹9.16 L,Revathi K,91767,Diploma / ITI
Male,96,46,Whistle,False,0,4,,tvk,TVK,,,₹6.85 Cr,Arunraj K G,91768,Bachelor's Degree
Male,96,40,Camera,False,0,5,,others,TAVK,,,₹3.69 L,Sharavanan A K,91769,Bachelor's Degree
Male,96,66,Ganna kisan,False,0,6,,others,RPI (A),,,₹13.46 L,Chinnathambi K,91770,Not Specified
Male,96,39,Coconut farm,False,0,7,,others,AIADMSK,,,₹7.32 L,Dhanapal Subramaniyam,91771,Master's Degree
Male,96,54,Matchbox,False,0,8,,others,MAMUK,,,₹25.00 L,Thirukkumaran P,91772,12th Grade (HSC / +2)
Male,96,65,Walking stick,False,0,9,,others,SMNK,,,₹87.56 L,Munusamy A T,91750,5th Grade
Male,96,68,Trumpet,False,0,10,,independent,IND,,,₹3.60 L,Arulprakasam S,91774,10th Grade (SSLC)
Male,96,49,Box,False,0,11,,independent,IND,,,₹22.90 L,Arjunan L K,91775,10th Grade (SSLC)
Male,96,55,Well,False,0,12,,independent,IND,,,"₹50,000",Eswaran M,91776,8th Grade
Male,96,44,Batsman,False,0,13,,independent,IND,,,₹10.46 L,Satheeskumar P,91777,Bachelor's Degree
Male,96,57,Ring,False,0,14,,independent,IND,,,₹nan,Saravanasundaram S,91778,Bachelor's Degree
Male,96,26,Door bell,False,0,15,,independent,IND,,,₹20.81 L,Dhinesh Karikalan,91779,Bachelor's Degree
Male,96,27,Tennis racket & ball,False,0,16,,independent,IND,,,₹nan,Deepakrajan V,91780,Not Specified
Male,96,63,Electric pole,False,0,17,,independent,IND,,,₹12.01 L,Palanisamy K,91781,10th Grade (SSLC)
Male,96,42,Scissors,False,0,18,,independent,IND,,,"₹10,000",Balaji Chezhian P,91782,Bachelor's Degree
Male,96,33,Gift pack,False,0,19,,independent,IND,,,₹16,Maheshkumar N,91783,12th Grade (HSC / +2)
Male,96,49,Helmet,False,0,20,,independent,IND,,,₹4.69 Cr,Ramesh S,91784,Not Specified
Male,96,47,Road roller,False,0,21,,independent,IND,,,₹17.62 L,Rajakumar P,91785,10th Grade (SSLC)
Male,96,27,Air conditioner,False,0,22,,independent,IND,,,"₹70,000",Revanth S N,91786,Bachelor's Degree
Male,96,56,Gas Stove,False,0,23,,independent,IND,,,"₹35,000",Viswanathan P,91787,5th Grade
Male,97,65,Two leaves,False,0,1,,nda,AIADMK,,,₹2.04 Cr,P.Thangamani,91788,12th Grade (HSC / +2)
Male,97,64,Rising sun,False,0,2,,spa,DMK,,,₹40.58 Cr,S.Balu,91789,10th Grade (SSLC)
Female,97,39,Farmer Carrying Plough,False,0,3,,ntk,NTK,,,₹25.29 L,Uvarani Suresh,91790,Master's Degree
Male,97,43,Ring,False,0,4,,others,VTK,,,₹1.11 L,J.Karthi,91791,10th Grade (SSLC)
Male,97,76,Walking stick,False,0,5,,others,SMNK,,,₹55.84 L,Palanisamy,92672,6th Grade
Male,97,65,Gas cylinder,False,0,6,,others,AIADMSK,,,₹8.68 L,Pannerselvam,91793,Not Specified
Female,97,50,Whistle,False,0,7,,tvk,TVK,,,₹84.02 L,C.Vijayalakshmi,91794,Not Specified
Male,97,54,Matchbox,False,0,8,,independent,IND,,,₹4.06 L,Amirthalingam,91795,8th Grade
Male,97,36,Pen nib with seven rays,False,0,9,,independent,IND,,,₹1.40 L,Karthi,91796,Not Specified
Male,97,50,Coconut farm,False,0,10,,independent,IND,,,₹55.60 L,R.Kumaresan,91797,10th Grade (SSLC)
Male,97,45,Water melon,False,0,11,,independent,IND,,,₹18.15 L,Gopalakrishnan,91798,Bachelor's Degree
Male,97,48,Mike,False,0,12,,independent,IND,,,₹17.50 L,Saravanan,91799,8th Grade
Male,97,77,Ship,False,0,13,,independent,IND,,,"₹5,000",G.Samuelraj,91800,10th Grade (SSLC)
Male,97,28,Pen stand,False,0,14,,independent,IND,,,₹nan,Sivaraj,91801,Bachelor's Degree
Male,97,47,Toffees,False,0,15,,independent,IND,,,₹1.60 L,P.Senthilkumar,91802,9th Grade
Male,97,51,Iron,False,0,16,,independent,IND,,,"₹28,020",Selvaraj,91803,10th Grade (SSLC)
Male,97,50,Tooth paste,False,0,17,,independent,IND,,,₹1.30 L,K.Palanivel,92622,6th Grade
Male,97,37,Trumpet,False,0,18,,independent,IND,,,"₹20,000",A.Muruganandhan,91805,8th Grade
Male,97,45,Truck,False,0,19,,independent,IND,,,₹16.26 L,R.Raja,91806,Not Specified
Male,97,49,Gas Stove,False,0,20,,independent,IND,,,₹11.35 L,Venkatachalam,91807,10th Grade (SSLC)
Male,97,44,Diamond,False,0,21,,independent,IND,,,₹10.86 L,S Jayavel,91808,5th Grade
Male,98,51,Hand,False,0,1,,spa,INC,,,₹16.49 Cr,Gopinath Palaniyappan,91809,Master's Degree
Female,98,30,Elephant,False,0,2,,others,BSP,,,₹1.76 L,B.Chitra,91810,Bachelor's Degree
Male,98,42,Farmer Carrying Plough,False,0,3,,ntk,NTK,,,₹39.77 L,S.Thandavamoorthy,91811,Bachelor's Degree
Male,98,65,Two leaves,False,0,4,,nda,AIADMK,,,₹14.19 Cr,R.Manoharan,91812,Bachelor's Degree
Male,98,29,Ring,False,0,5,,others,VTK,,,₹7.63 L,M.Kamal Kumar,91813,8th Grade
Male,98,49,Pestle and mortar,False,0,6,,others,VTVTK,,,"₹10,000",R.Dhandapani,91814,8th Grade
Male,98,43,Gas cylinder,False,0,7,,others,TAMNK,,,₹35.60 L,K.Dhavasiappan,91815,8th Grade
Male,98,44,Camera,False,0,8,,others,TAVK,,,₹3.02 L,A.Manikandan,91816,6th Grade
Male,98,64,Walking stick,False,0,9,,others,SMNK,,,"₹81,235",K.Manikannan,91817,Not Specified
Male,98,39,Whistle,False,0,10,,tvk,TVK,,,₹1.13 Cr,M.Vijay Balaji,91818,Bachelor's Degree
Male,98,34,Cube,False,0,11,,independent,IND,,,"₹98,000",M.V.Karthy,91819,Master's Degree
Male,98,48,Matchbox,False,0,12,,independent,IND,,,"₹11,000",Shanmugam.P,91820,10th Grade (SSLC)
Male,98,31,Chappals,False,0,13,,independent,IND,,,₹9.34 L,M.Dharani Kumar,91821,Bachelor's Degree
Male,98,48,Pressure cooker,False,0,14,,independent,IND,,,₹2.86 Cr,C.Thiyagarajan,91822,Master's Degree
Female,98,39,Diamond,False,0,15,,independent,IND,,,"₹12,200",Nathiya.S,91823,8th Grade
Male,98,52,Helmet,False,0,16,,independent,IND,,,"₹50,000",H.Mohamed Gaipeer,91824,8th Grade
Male,98,32,Pen nib with seven rays,False,0,17,,independent,IND,,,₹17.34 L,J.Muthu Bava,91825,7th Grade
Male,98,63,Almirah,False,0,18,,independent,IND,,,₹6.47 L,M.Murugesan,91826,Master's Degree
Male,98,49,Batsman,False,0,19,,independent,IND,,,"₹10,866",S.Lakshmanathan,91827,Not Specified
Male,98,66,Box,False,0,20,,independent,IND,,,₹11.30 L,R.Vairam,91828,10th Grade (SSLC)
Male,99,61,Elephant,False,0,1,,others,BSP,,,₹39.60 L,V . Palani,91829,10th Grade (SSLC)
Male,99,77,Rising sun,False,0,2,,spa,DMK,,,₹1.80 Cr,S.Muthusamy,91830,Master's Degree
Male,99,45,Lotus,False,0,3,,nda,BJP,,,₹5.79 Cr,M.Yuvaraja,91831,Bachelor's Degree
Male,99,40,Farmer Carrying Plough,False,0,4,,ntk,NTK,,,₹2.52 L,N.Vijay,91832,Master's Degree
Male,99,38,Whistle,False,0,5,,tvk,TVK,,,₹56.77 Cr,Ananth Moghan K.K,91833,Master's Degree
Male,99,65,Laptop,False,0,6,,others,SFRBC,,,₹1.44 Cr,K.Kalaiyarasan,91834,12th Grade (HSC / +2)
Female,99,37,Camera,False,0,7,,others,TAVK,,,₹48.48 L,V.Dhanalakshmi,91369,5th Grade
Male,99,54,Ring,False,0,8,,others,VTK,,,₹31.11 L,M.Nataraj,91836,5th Grade
Female,99,45,Walking stick,False,0,9,,others,SMNK,,,₹9.06 L,M.Rukmani,91837,10th Grade (SSLC)
Male,99,52,Gas cylinder,False,0,10,,independent,IND,,,₹8.50 L,Shanmugam M,91838,8th Grade
Male,99,41,Truck,False,0,11,,independent,IND,,,₹nan,Moorthi P,91839,Diploma / ITI
Male,99,47,Water tank,False,0,12,,independent,IND,,,₹5.48 L,A.Ramu,91840,10th Grade (SSLC)
Male,99,69,Scissors,False,0,13,,independent,IND,,,₹3.50 L,C.Rajendran,91841,Master's Degree
Male,100,45,Farmer Carrying Plough,False,0,1,,ntk,NTK,,,₹63.82 L,M.Arunkumar,91842,Bachelor's Degree
Female,100,40,Lotus,False,0,2,,nda,BJP,,,₹5.32 Cr,S.Kirthika,91843,Master's Degree
Male,100,51,Rising sun,False,0,3,,spa,DMK,,,₹110.00 Cr,S.Senthilnathan,91844,Bachelor's Degree
Male,100,54,Elephant,False,0,4,,others,BSP,,,₹15.00 L,K.Muniyappan,91845,10th Grade (SSLC)
Male,100,42,Camera,False,0,5,,others,TAVK,,,₹12.04 L,R.Karthikeyan,91846,10th Grade (SSLC)
Male,100,57,Whistle,False,0,6,,tvk,TVK,,,₹15.48 Cr,D.Shanmugan,91847,Bachelor's Degree
Male,100,45,Gas cylinder,False,0,7,,others,NKMK,,,₹5.10 Cr,M.Ramesh,91848,Bachelor's Degree
Male,100,55,Lady finger,False,0,8,,others,GPI,,,₹1.21 L,M.Ravikumar,91849,Not Specified
Male,100,61,Television,False,0,9,,independent,IND,,,"₹10,500",A.Kathirvel,91850,9th Grade
Male,100,38,Balloon,False,0,10,,independent,IND,,,₹5.53 L,K.Dhanabal,91851,Master's Degree
Male,100,49,Road roller,False,0,11,,independent,IND,,,₹1.10 L,A.Duraisamy,91835,5th Grade
Male,100,65,Scissors,False,0,12,,independent,IND,,,₹41.30 L,R.Natarajan,91853,Not Specified
Female,100,52,Helmet,False,0,13,,independent,IND,,,₹4.35 L,L.Bharathi,91854,5th Grade
Male,100,42,Diamond,False,0,14,,independent,IND,,,"₹21,000",R.Velusamy,91855,5th Grade
Female,101,64,Rising sun,False,0,1,,spa,DMK,,,₹5.08 Cr,Indirani.T,91856,Diploma / ITI
Female,101,51,Two leaves,False,0,2,,nda,AIADMK,,,₹2.48 Cr,Sathyabama.P,91857,10th Grade (SSLC)
Female,101,28,Farmer Carrying Plough,False,0,3,,ntk,NTK,,,₹4.77 L,Dhivya,91858,Bachelor's Degree
Female,101,54,Whistle,False,0,4,,tvk,TVK,,,₹12.80 L,Gowri Chitra,91859,Master's Degree
Female,101,41,Bat,False,0,5,,independent,IND,,,₹10.03 L,Ananthi.S,91860,Master's Degree
Female,101,51,Battery Torch,False,0,6,,independent,IND,,,"₹20,564",Indhirani.C,91861,Not Specified
Female,101,36,Electric pole,False,0,7,,independent,IND,,,"₹83,422",Gowri.P,91862,Diploma / ITI
Male,101,25,Bead necklace,False,0,8,,independent,IND,,,"₹10,006",Mohanraj.M,91863,Master's Degree
Female,101,27,Mike,False,0,9,,independent,IND,,,"₹74,000",Rohini.S,91864,Bachelor's Degree
Male,102,68,Farmer Carrying Plough,False,0,1,,ntk,NTK,,,₹18.36 Cr,Karmegan.M,91865,Doctorate (Ph.D / MD)
Male,102,61,Rising sun,False,0,2,,spa,DMK,,,₹6.04 Cr,M.P.Saminathan,91866,Bachelor's Degree
Male,102,68,Two leaves,False,0,3,,nda,AIADMK,,,₹nan,Nsn Nataraj,91867,Bachelor's Degree
Male,102,50,Laptop,False,0,4,,others,SFRBC,,,₹70.19 L,P.Thirugnanasambantham,91868,Bachelor's Degree
Male,102,72,Whistle,False,0,5,,tvk,TVK,,,₹3.44 Cr,Mani Gounder,91869,Bachelor's Degree
Female,102,49,Lady finger,False,0,6,,others,GPI,,,₹20.54 L,R.Vijayalakshmi,91870,10th Grade (SSLC)
Male,102,59,Bat,False,0,7,,independent,IND,,,₹4.94 L,K.Arumugam,91871,Bachelor's Degree
Male,102,40,Coconut farm,False,0,8,,independent,IND,,,₹3.85 L,R.Immanuvel,91872,12th Grade (HSC / +2)
Male,102,41,CCTV Camera,False,0,9,,independent,IND,,,₹3.40 L,Karthikeyan,91873,6th Grade
Male,102,37,Dish antenna,False,0,10,,independent,IND,,,₹10.74 L,Gowtham,91874,Master's Degree
Male,102,73,Electric pole,False,0,11,,independent,IND,,,₹nan,T.Nataraj,91875,5th Grade
Male,102,46,Telephone,False,0,12,,independent,IND,,,"₹51,000",Palanisamy,91876,Not Specified
Male,102,37,Pen nib with seven rays,False,0,13,,independent,IND,,,₹7.20 L,P.Parthiban,91877,10th Grade (SSLC)
Male,102,47,Trumpet,False,0,14,,independent,IND,,,"₹87,000",P.Mani,91878,6th Grade
Male,102,69,Mixee,False,0,15,,independent,IND,,,"₹90,000",B.Rajendran,91879,Bachelor's Degree
Male,103,43,Elephant,False,0,1,,others,BSP,,,₹14.05 L,Eswaran. P,91880,Bachelor's Degree
Male,103,49,Farmer Carrying Plough,False,0,2,,ntk,NTK,,,₹69.48 L,Ingur. C.Loganathan,91881,Diploma / ITI
Male,103,62,Rising sun,False,0,3,,spa,DMK,,,₹nan,Thoppu Venkatachalam (Alias) N.D.Venkatachalam,91882,Bachelor's Degree
Male,103,46,Two leaves,False,0,4,,nda,AIADMK,,,₹24.51 Cr,Jayakumar. S,91883,Not Specified
Male,103,73,Whistle,False,0,5,,tvk,TVK,,,₹59.01 Cr,Arunachalam. V.P,91884,12th Grade (HSC / +2)
Male,103,42,Camera,False,0,6,,others,TAVK,,,"₹79,000",Shanthosh Krishnan. S,91885,Diploma / ITI
Female,103,53,Walking stick,False,0,7,,others,SMNK,,,"₹11,259",Valarmathi. P,91886,8th Grade
Male,103,29,CCTV Camera,False,0,8,,independent,IND,,,₹nan,Santhosh. S,91887,Diploma / ITI
Male,103,42,Gas cylinder,False,0,9,,independent,IND,,,₹10.88 L,Selvaraju. M,91888,Bachelor's Degree
Male,103,50,Gas Stove,False,0,10,,independent,IND,,,₹20.81 L,Palanisamy. M,91889,10th Grade (SSLC)
Male,103,70,Tea filter,False,0,11,,independent,IND,,,₹67.32 L,Venkatachalam. C,91890,7th Grade
Male,103,45,Grapes,False,0,12,,independent,IND,,,₹1.10 L,George Stephen. A,91891,Diploma / ITI
Male,103,45,Diamond,False,0,13,,independent,IND,,,₹nan,Jayaprakash. K,91892,Not Specified
Male,104,69,Two leaves,True,0,1,,nda,AIADMK,,,₹12.28 Cr,Karuppanan. K.C,91893,10th Grade (SSLC)
Male,104,51,Rising sun,False,0,2,,spa,DMK,,,₹3.60 Cr,Chandrasekar. K.A,91894,12th Grade (HSC / +2)
Male,104,50,Elephant,False,0,3,,others,BSP,,,₹4.24 L,Sekar. K,91895,5th Grade
Female,104,25,Farmer Carrying Plough,False,0,4,,ntk,NTK,,,₹4.08 L,Mohanadevi. R,91896,Master's Degree
Male,104,62,Walking stick,False,0,5,,others,SMNK,,,₹3.24 L,Parasakthi. P,91897,8th Grade
Male,104,51,Camera,False,0,6,,others,TAVK,,,₹89.40 L,Palanisamy. P.K,91898,10th Grade (SSLC)
Male,104,70,Whistle,False,0,7,,tvk,TVK,,,₹10.23 Cr,Balakrishnan,91899,Bachelor's Degree
Male,104,32,Matchbox,False,0,8,,others,MML,,,₹2.10 L,Vimalraj. R,91900,Diploma / ITI
Male,104,51,Gas cylinder,False,0,9,,independent,IND,,,₹1.41 Cr,Arumugam. P.V,91901,10th Grade (SSLC)
Male,104,40,Scissors,False,0,10,,independent,IND,,,₹1.59 Cr,Kannan. M,91902,Bachelor's Degree
Male,104,46,Truck,False,0,11,,independent,IND,,,₹3.76 L,Karthikeyan. P,91903,Bachelor's Degree
Male,104,40,Electric pole,False,0,12,,independent,IND,,,₹5.51 L,Boopathi Rajaraja Chozhan. M,91904,6th Grade
Male,104,72,Black board,False,0,13,,independent,IND,,,"₹15,000",Perumal. V.M,91905,Not Specified
Male,104,39,Sofa,False,0,14,,independent,IND,,,"₹60,000",Manikkam. P,91906,9th Grade
Female,105,40,Farmer Carrying Plough,False,0,1,,ntk,NTK,,,₹16.11 L,Aalangattur Anandhi,91907,Master's Degree
Male,105,35,Elephant,False,0,2,,others,BSP,,,₹8.30 L,Kavibharathi.K,91908,6th Grade
Male,105,42,Rising sun,False,0,3,,spa,DMK,,,₹nan,Sivabalan.M,91909,Bachelor's Degree
Male,105,39,Two leaves,False,0,4,,nda,AIADMK,,,₹1.92 Cr,Haribaskar.P,91910,Not Specified
Male,105,39,Bucket,False,0,5,,others,SMNK,,,"₹11,523",Ramasamy.S,91911,Bachelor's Degree
Male,105,50,Camera,False,0,6,,others,TAVK,,,₹78.21 L,Easwaramurthi.K,91912,Master's Degree
Male,105,69,Gas cylinder,False,0,7,,ajpk,AJPK,,,₹13.12 L,Gobal.S.C.R,91913,6th Grade
Male,105,35,Whistle,False,0,8,,tvk,TVK,,,₹68.10 L,Vijay Venkatesh.M,91914,Bachelor's Degree
Male,105,33,Syringe,False,0,9,,independent,IND,,,₹12.25 L,Karthi.M,91915,10th Grade (SSLC)
Male,105,40,Pressure cooker,False,0,10,,independent,IND,,,₹4.00 L,Sankarkumar.K.A,91916,Master's Degree
Female,105,48,Almirah,False,0,11,,independent,IND,,,₹6.30 L,Selvi.A,91917,9th Grade
Male,105,44,Peas,False,0,12,,independent,IND,,,₹2.30 L,Dhanabal.C,91918,Master's Degree
Male,105,42,Diamond,False,0,13,,independent,IND,,,"₹17,500",Veeran.K,91919,10th Grade (SSLC)
Male,105,62,Bead necklace,False,0,14,,independent,IND,,,"₹75,000",Sheik Davood.A.M,91920,Bachelor's Degree
Female,106,51,Farmer Carrying Plough,False,0,1,,ntk,NTK,,,₹31.53 L,Seethalakshmi.M.K,91921,Master's Degree
Male,106,58,Rising sun,False,0,2,,spa,DMK,,,₹86.00 L,Nallasivam.N,91922,Bachelor's Degree
Male,106,43,Two leaves,False,0,3,,nda,AIADMK,,,₹10.79 Cr,Prabhu.V.B,91923,Diploma / ITI
Male,106,42,Elephant,False,0,4,,others,BSP,,,₹3.24 L,Ravikumar.R,91924,6th Grade
Male,106,78,Whistle,True,0,5,,tvk,TVK,,,₹35.82 L,Sengottaiyan.K.A,91925,10th Grade (SSLC)
Male,106,28,Camera,False,0,6,,others,TAVK,,,₹4.65 L,Thiruvengatesh.M,91926,Not Specified
Female,106,43,Laptop,False,0,7,,others,SFRBC,,,₹15.41 L,Malarvizhi,91927,Master's Degree
Male,106,43,Matchbox,False,0,8,,independent,IND,,,₹5.20 L,Anandhakumar.M,91928,7th Grade
Male,106,51,Battery Torch,False,0,9,,independent,IND,,,₹5.20 L,Sakthivel.G,91929,10th Grade (SSLC)
Male,106,56,Biscuit,False,0,10,,independent,IND,,,₹6.60 L,Shanmugam.G,91930,7th Grade
Female,106,46,Nail cutter,False,0,11,,independent,IND,,,₹16.25 L,Seetha.R,91931,10th Grade (SSLC)
Female,106,57,Frying pan,False,0,12,,independent,IND,,,₹15.36 L,Sumathi.G,91932,10th Grade (SSLC)
Male,106,33,Tyres,False,0,13,,independent,IND,,,"₹65,078",Selvakumar.R,91933,12th Grade (HSC / +2)
Male,106,40,Jackfruit,False,0,14,,independent,IND,,,₹1.01 Cr,Dhanapal.K,91934,7th Grade
Male,106,72,Rubber stamp,False,0,15,,independent,IND,,,₹22.08 L,Palanisamyraaj.M,91935,Not Specified
Female,106,30,Tea filter,False,0,16,,independent,IND,,,"₹25,000",Bhuvaneshwari.A,91936,9th Grade
Male,106,40,Pen drive,False,0,17,,independent,IND,,,₹1.40 L,Ramesh.P,91937,9th Grade
Male,106,70,Binoculars,False,0,18,,independent,IND,,,₹6.60 L,Venkatachalam,91938,Not Specified
Male,107,57,Ears of corn and sickle,False,0,1,,spa,CPI,,,"₹64,120",P.L.Sundaram,91939,9th Grade
Female,107,26,Farmer Carrying Plough,False,0,2,,ntk,NTK,,,₹5.75 L,S.Soundarya,91940,12th Grade (HSC / +2)
Male,107,47,Two leaves,True,0,3,,nda,AIADMK,,,₹nan,A.Bannari,91941,Bachelor's Degree
Male,107,34,Elephant,False,0,4,,others,BSP,,,₹2.06 L,B.Palaniswamy,91942,Master's Degree
Female,107,59,Whistle,False,0,5,,tvk,TVK,,,₹2.52 Cr,V.P.Tamilselvi,91943,Master's Degree
Male,107,65,Coconut farm,False,0,6,,ajpk,AIPTMMK,,,"₹50,000",Rakki,91944,Not Specified
Male,107,31,Chess board,False,0,7,,independent,IND,,,₹nan,A.Amrish,91945,Bachelor's Degree
Male,107,60,Balloon,False,0,8,,independent,IND,,,₹12.30 L,Gopalan.M,91946,Not Specified
Male,107,59,Diamond,False,0,9,,independent,IND,,,"₹10,000",C.Palanichamy,91947,Bachelor's Degree
Male,107,62,Stethoscope,False,0,10,,independent,IND,,,₹76.85 L,S.Palaniswamy,91948,Not Specified
Male,107,35,Electric pole,False,0,11,,independent,IND,,,"₹10,000",Ramakrishnan,91949,10th Grade (SSLC)
Male,107,49,Ring,False,0,12,,independent,IND,,,₹8.43 L,Dr.Hanumaiah.C,91950,Doctorate (Ph.D / MD)
Male,108,79,Lotus,False,0,1,,nda,BJP,,,₹nan,Bhojarajan.M,91951,Bachelor's Degree
Male,108,48,Farmer Carrying Plough,False,0,2,,ntk,NTK,,,₹nan,Ragupathy.B,91952,Doctorate (Ph.D / MD)
Male,108,59,Hand,False,0,3,,spa,INC,,,₹85.13 L,Ramachandran.B,91953,Bachelor's Degree
Male,108,40,Whistle,False,0,4,,tvk,TVK,,,₹nan,Ibrahim.R,91954,12th Grade (HSC / +2)
Female,108,43,Camera,False,0,5,,others,TAVK,,,₹45.00 L,Saveetha.R,91955,Diploma / ITI
Male,108,48,CCTV Camera,False,0,6,,independent,IND,,,₹26.18 L,Manian.R,91956,12th Grade (HSC / +2)
Male,109,31,Farmer Carrying Plough,False,0,1,,ntk,NTK,,,₹7.84 L,Karthik.R,91957,Bachelor's Degree
Male,109,66,Rising sun,False,0,2,,spa,DMK,,,₹55.48 L,Dhravidamani.M,91958,Master's Degree
Male,109,53,Two leaves,True,0,3,,nda,AIADMK,,,₹76.43 L,Pon.Jayaseelan,91959,Bachelor's Degree
Male,109,47,Whistle,False,0,4,,tvk,TVK,,,₹3.51 L,Deepak Sai Kishore.A,91960,Bachelor's Degree
Male,109,58,Pestle and mortar,False,0,5,,others,VTVTK,,,₹12.21 L,Raj.S.K,91961,8th Grade
Male,109,45,Bat,False,0,6,,independent,IND,,,₹1.50 L,Thilagaraj.N,91962,Not Specified
Female,110,37,Farmer Carrying Plough,False,0,1,,ntk,NTK,,,₹10.10 L,K.Deenu,91963,Bachelor's Degree
Male,110,62,Two leaves,False,0,2,,nda,AIADMK,,,₹20.27 Cr,A.Ramu,91964,Master's Degree
Male,110,60,Rising sun,False,0,3,,spa,DMK,,,₹2.91 Cr,M.Raju,91965,12th Grade (HSC / +2)
Male,110,58,Whistle,False,0,4,,tvk,TVK,,,₹16.99 Cr,C.Thangaraju,91966,Bachelor's Degree
Male,110,34,Trumpet,False,0,5,,independent,IND,,,₹6.40 L,C.Dinesh Kumar,91967,Bachelor's Degree
Male,110,28,Gift pack,False,0,6,,independent,IND,,,₹3.63 L,D.Vidhyasagar,91968,Bachelor's Degree
Female,111,47,Rising sun,False,0,1,,spa,DMK,,,₹120.41 Cr,Smt.Kavitha Kalyanasundaram,91969,Master's Degree
Male,111,42,Farmer Carrying Plough,False,0,2,,ntk,NTK,,,₹2.59 Cr,S.Gopalakrishnan,91970,Diploma / ITI
Male,111,72,Two leaves,False,0,3,,nda,AIADMK,,,₹39.43 L,O.K.Chinnaraj,91971,12th Grade (HSC / +2)
Male,111,64,Pestle and mortar,False,0,4,,others,VTVTK,,,"₹30,000",S.Abdul Rahiman,91972,Diploma / ITI
Female,111,44,Pen nib with seven rays,False,0,5,,others,NMK,,,₹3.00 L,R.Sangeetha,91661,10th Grade (SSLC)
Male,111,50,Jackfruit,False,0,6,,others,APTADMK,,,₹11.06 L,Sivarajr,91974,10th Grade (SSLC)
Male,111,53,Whistle,False,0,7,,tvk,TVK,,,₹5.35 Cr,Sunilanand,91975,Not Specified
Male,111,33,Coconut farm,False,0,8,,ajpk,AIPTMMK,,,"₹5,527",Dhamotharanv,91976,10th Grade (SSLC)
Male,111,62,Laptop,False,0,9,,others,SFRBC,,,₹67.52 L,C.Nagaraj,91977,10th Grade (SSLC)
Male,111,67,Dish antenna,False,0,10,,independent,IND,,,"₹50,000",T.Amirthalingam,91978,10th Grade (SSLC)
Male,111,32,Kettle,False,0,11,,independent,IND,,,"₹50,000",V.Anandkumar,91979,Bachelor's Degree
Female,111,46,Violin,False,0,12,,independent,IND,,,₹42.50 L,S.Kavitha,91980,10th Grade (SSLC)
Male,111,65,Bucket,False,0,13,,independent,IND,,,₹3.95 Cr,T.R.Shanmugasundaram,91981,6th Grade
Female,111,67,Brush,False,0,14,,independent,IND,,,₹1.05 Cr,A.Sathiyaleela,91982,10th Grade (SSLC)
Male,111,32,Helmet,False,0,15,,independent,IND,,,"₹42,824",N.Saravana Kumar,91983,10th Grade (SSLC)
Male,111,60,Mike,False,0,16,,independent,IND,,,₹3.55 L,R.Chinnaraj,91984,10th Grade (SSLC)
Male,111,51,Diamond,False,0,17,,independent,IND,,,₹11.25 L,V.Senthil Kumar,91985,Diploma / ITI
Male,111,57,Computer,False,0,18,,independent,IND,,,"₹50,000",M.Palanichami,91986,5th Grade
Male,111,65,Gramophone,False,0,19,,independent,IND,,,"₹50,000",C.Mahendran,91987,10th Grade (SSLC)
Male,111,65,Funnel,False,0,20,,independent,IND,,,"₹50,000",Manoharan,91988,7th Grade
Male,111,83,Gas cylinder,False,0,21,,independent,IND,,,"₹50,000",Rangasamyp,90713,3rd Grade
Male,111,41,Ring,False,0,22,,independent,IND,,,"₹11,032",P.Ravichandran,91990,12th Grade (HSC / +2)
Female,112,28,Rising sun,False,0,1,,spa,DMK,,,₹32.78 L,Dr. Gokilamani.V,91991,Bachelor's Degree
Male,112,65,Elephant,False,0,2,,others,BSP,,,₹10.28 L,Govindan.P,91992,10th Grade (SSLC)
Male,112,48,Lotus,False,0,3,,nda,BJP,,,₹75.85 L,Dr. L.Murugan,91993,Bachelor's Degree
Female,112,28,Farmer Carrying Plough,False,0,4,,ntk,NTK,,,₹4.88 L,Menaka. V,91994,Bachelor's Degree
Male,112,62,Lady finger,False,0,5,,others,GPI,,,₹5.31 L,Arumugam.R,91995,Not Specified
Female,112,28,Whistle,False,0,6,,tvk,TVK,,,₹26.14 L,Kamali.S,91996,Master's Degree
Male,112,45,Camera,False,0,7,,others,TAVK,,,₹25.40 L,Chinnasamy.V,91997,8th Grade
Male,112,50,Gas cylinder,False,0,8,,independent,IND,,,₹nan,Arumugam. P,91998,Not Specified
Female,112,46,Tube light,False,0,9,,independent,IND,,,₹27.31 L,Anandhi.S,91999,Not Specified
Female,112,49,Diamond,False,0,10,,independent,IND,,,₹1.07 L,Gokilamani. M,92000,7th Grade
Male,112,38,Bat,False,0,11,,independent,IND,,,₹1.34 L,Sathiyarasu. R,92001,7th Grade
Male,112,59,Balloon,False,0,12,,independent,IND,,,"₹68,622",Subramani.C.K,92002,Not Specified
Male,112,45,Road roller,False,0,13,,independent,IND,,,₹1.07 L,Dhanabal.R,92003,10th Grade (SSLC)
Male,112,32,Ring,False,0,14,,independent,IND,,,"₹11,000",Moorthi.R,92004,6th Grade
Female,113,29,Farmer Carrying Plough,False,0,1,,ntk,NTK,,,₹70.98 L,R.Abinaya,92005,Bachelor's Degree
Male,113,64,Two leaves,False,0,2,,nda,AIADMK,,,₹21.35 L,M.S.M.Anandan,92006,10th Grade (SSLC)
Male,113,70,Ears of corn and sickle,False,0,3,,spa,CPI,,,₹2.99 Cr,M.Ravi Alias M.Subramanian,92007,10th Grade (SSLC)
Male,113,47,Elephant,False,0,4,,others,BSP,,,₹1.82 L,L.James Reynold,92008,9th Grade
Male,113,65,Jackfruit,False,0,5,,others,APTADMK,,,₹11.58 L,T.Krishnaswamy,92009,Not Specified
Female,113,54,Whistle,False,0,6,,tvk,TVK,,,₹52.94 L,V.Sathyabama,92010,Master's Degree
Male,113,72,Camera,False,0,7,,others,TAVK,,,₹1.30 L,Py.Dhatchinamurthy,92011,10th Grade (SSLC)
Male,113,44,Electric pole,False,0,8,,independent,IND,,,₹nan,S.Anandhakumar,92012,12th Grade (HSC / +2)
Male,113,45,Lady finger,False,0,9,,independent,IND,,,"₹15,000",K.Anand,92013,Not Specified
Male,113,28,Stethoscope,False,0,10,,independent,IND,,,"₹64,564",Ganishkar,92014,Bachelor's Degree
Male,113,43,Helmet,False,0,11,,independent,IND,,,₹35.16 L,G.Balakrishnan,92015,9th Grade
Male,113,55,Gas cylinder,False,0,12,,independent,IND,,,₹7.60 L,M.Rangasamy,92016,8th Grade
Male,113,55,Ship,False,0,13,,independent,IND,,,₹12.93 L,P.Ravi,92017,7th Grade
Male,113,46,Water tank,False,0,14,,independent,IND,,,"₹26,700",R.Vishnumoorthy,92018,7th Grade
Male,113,68,Coconut farm,False,0,15,,independent,IND,,,₹74.39 L,K.Venkadaswamy,92019,10th Grade (SSLC)
Male,114,47,Lotus,False,0,1,,nda,BJP,,,₹nan,Thangaraj. S,92020,9th Grade
Male,114,38,Farmer Carrying Plough,False,0,2,,ntk,NTK,,,₹15.86 L,Dinesh. P.N,92021,Master's Degree
Male,114,47,Rising sun,False,0,3,,spa,DMK,,,₹3.84 Cr,Dineshkumar. N,92022,Not Specified
Male,114,41,Elephant,False,0,4,,others,BSP,,,₹1.66 L,Rangasamy. S,92023,8th Grade
Male,114,42,Lion,False,0,5,,others,AIFB,,,₹2.77 Cr,Kalimuthu. K,92024,9th Grade
Male,114,49,Whistle,False,0,6,,tvk,TVK,,,₹2.34 Cr,Balamurugan. S,92025,12th Grade (HSC / +2)
Female,114,52,Television,False,0,7,,others,IDMK,,,₹10.54 L,Malarvizhi. G,92026,Diploma / ITI
Male,114,42,Lady finger,False,0,8,,others,GPI,,,₹1.08 L,Mohamed Mubarak Ali,92027,10th Grade (SSLC)
Male,114,50,Jackfruit,False,0,9,,others,APTADMK,,,₹5.92 L,Vijayakumar. M,92028,12th Grade (HSC / +2)
Male,114,40,Camera,False,0,10,,others,TAVK,,,₹15.50 L,John Basha. A,92029,12th Grade (HSC / +2)
Male,114,44,Truck,False,0,11,,independent,IND,,,₹48.51 L,Amuthavel. P,92030,Bachelor's Degree
Male,114,43,Ship,False,0,12,,independent,IND,,,₹9.66 L,Dr. Ramakrishnan. S,92031,Doctorate (Ph.D / MD)
Female,114,31,Brief case,False,0,13,,independent,IND,,,₹1.05 L,Karthikadevi. K,92032,7th Grade
Male,114,43,Battery Torch,False,0,14,,independent,IND,,,₹1.04 Cr,Kesavamurthi. N,92033,10th Grade (SSLC)
Male,114,47,Pressure cooker,False,0,15,,independent,IND,,,₹2.05 Cr,Dhanabal. D,92034,Bachelor's Degree
Male,114,34,Diamond,False,0,16,,independent,IND,,,"₹22,693",Dineshkumar,92035,12th Grade (HSC / +2)
Male,114,28,Boat with man and sail,False,0,17,,independent,IND,,,₹43.26 L,Dineshkumar,92036,Bachelor's Degree
Male,114,33,Mike,False,0,18,,independent,IND,,,₹1.48 L,Dineshkumar. V,92037,10th Grade (SSLC)
Male,114,59,Belt,False,0,19,,independent,IND,,,₹2.16 L,Mahalingam. V,92038,Not Specified
Male,114,51,Ring,False,0,20,,independent,IND,,,₹17.61 L,Rathinavel. M,92039,12th Grade (HSC / +2)
Male,114,48,Matchbox,False,0,21,,independent,IND,,,₹11.37 L,Ramesh. S,92040,10th Grade (SSLC)
Female,114,56,Dustbin,False,0,22,,independent,IND,,,₹8.52 L,Vasanthamani. K,92041,Not Specified
Male,114,68,Gas cylinder,False,0,23,,independent,IND,,,₹17.39 L,Venkadasamy. K,92042,10th Grade (SSLC)
Male,114,63,Pen nib with seven rays,False,0,24,,independent,IND,,,₹7.60 L,Venkatachalam. G,92043,10th Grade (SSLC)
Male,115,70,Rising sun,False,0,1,,spa,DMK,,,₹1.37 Cr,K.Selvaraj,92044,5th Grade
Male,115,28,Farmer Carrying Plough,False,0,2,,ntk,NTK,,,₹26.70 L,K.V.Thamiliniyan,92045,Bachelor's Degree
Male,115,70,Two leaves,False,0,3,,nda,AIADMK,,,₹16.41 Cr,K.P.Paramasivam,92046,9th Grade
Male,115,48,Elephant,False,0,4,,others,BSP,,,₹4.67 L,K.Rathinasamy,92047,5th Grade
Male,115,46,Jackfruit,False,0,5,,others,APTADMK,,,₹11.06 L,K.Sakthivel,92048,10th Grade (SSLC)
Male,115,69,Electric pole,False,0,6,,others,TAMNK,,,₹500,S.Dharmaraj,92049,8th Grade
Male,115,37,Whistle,False,0,7,,tvk,TVK,,,₹12.35 L,K.Ramkumar,92050,9th Grade
Male,115,53,Gas cylinder,False,0,8,,independent,IND,,,₹3.08 L,A.Annadurai,92051,10th Grade (SSLC)
Male,115,53,Battery Torch,False,0,9,,independent,IND,,,₹5.25 L,Annadurai.R,92052,Not Specified
Male,115,42,Road roller,False,0,10,,independent,IND,,,₹3.35 L,S.Arumugam,92053,Bachelor's Degree
Male,115,52,Bucket,False,0,11,,independent,IND,,,₹3.35 L,A.Saravanan,92054,Not Specified
Male,115,65,Lady finger,False,0,12,,independent,IND,,,₹1.78 L,G.Selvaraj,92055,7th Grade
Male,115,51,Fountain,False,0,13,,independent,IND,,,"₹28,020",M.Selvaraj,92056,6th Grade
Male,115,27,Diamond,False,0,14,,independent,IND,,,₹8.31 L,V.Mohanraj,92057,Diploma / ITI
Male,115,43,Coconut farm,False,0,15,,independent,IND,,,₹1.72 L,A.Ramesh,92058,12th Grade (HSC / +2)
Male,116,66,Two leaves,False,0,1,,nda,AIADMK,,,₹1.89 Cr,V.P.Kandasamy,92059,Bachelor's Degree
Male,116,64,Rising sun,False,0,2,,spa,DMK,,,₹1.09 Cr,Thalapathy Murugesan,92060,10th Grade (SSLC)
Male,116,53,Farmer Carrying Plough,False,0,3,,ntk,NTK,,,₹7.68 Cr,Dr.S.Rajasekaran,92061,Doctorate (Ph.D / MD)
Male,116,46,Jackfruit,False,0,4,,others,APTADMK,,,₹2.25 L,Kanthasamy.K,92062,10th Grade (SSLC)
Male,116,56,Whistle,False,0,5,,tvk,TVK,,,₹1.70 Cr,Nm.Sukumar,92063,Diploma / ITI
Male,116,29,Camera,False,0,6,,others,TAVK,,,₹1.04 Cr,Suman Singh.R,92064,Bachelor's Degree
Male,116,62,Lady finger,False,0,7,,others,GPI,,,₹6.79 L,Nagaraj.K,92065,Not Specified
Male,116,62,Electric pole,False,0,8,,others,TAMNK,,,₹nan,Nelson.W,92066,6th Grade
Male,116,68,Laptop,False,0,9,,others,SFRBC,,,₹1.03 Cr,Palanisamy.M,92067,Master's Degree
Female,116,45,Coconut farm,False,0,10,,ajpk,AIPTMMK,,,₹86.02 L,Pappa Muthulakshmi.P,92068,Master's Degree
Male,116,55,Tongs,False,0,11,,independent,IND,,,₹7.98 L,Kandasamy.A,92069,10th Grade (SSLC)
Male,116,53,Peas,False,0,12,,independent,IND,,,₹4.03 L,Kandasamy.R,92070,Diploma / ITI
Male,116,58,Green chilli,True,0,13,,independent,IND,,,₹87.40 L,Kandasamy.V,92071,12th Grade (HSC / +2)
Male,116,42,Bat,False,0,14,,independent,IND,,,₹1.51 L,Murugesan.N,92072,8th Grade
Male,116,51,Water melon,False,0,15,,independent,IND,,,"₹90,000",Murugesh.R,92073,5th Grade
Male,117,64,Two leaves,False,0,1,,nda,AIADMK,,,₹nan,Arunkumar Prg,92074,10th Grade (SSLC)
Female,117,38,Farmer Carrying Plough,False,0,2,,ntk,NTK,,,₹2.80 Cr,Kalamani Jaganathan,92075,Bachelor's Degree
Male,117,29,Hand,False,0,3,,spa,INC,,,₹8.27 L,Surya Prakash K.P,92076,Bachelor's Degree
Male,117,62,Elephant,False,0,4,,others,BSP,,,₹1.10 Cr,K.Velmurugan,92077,Master's Degree
Male,117,40,Camera,False,0,5,,others,TAVK,,,₹45.33 L,Thozhar.N.Arunkumar,92078,Diploma / ITI
Female,117,37,Whistle,False,0,6,,tvk,TVK,,,₹16.03 Cr,Kanimozhi Santhosh,92079,Bachelor's Degree
Male,117,42,Laptop,False,0,7,,others,SFRBC,,,₹15.12 L,S.Thamarai Kannan,92080,Bachelor's Degree
Male,117,57,Gas cylinder,False,0,8,,others,TMMK,,,"₹52,000",V.Pushpanantham,92081,Bachelor's Degree
Female,117,44,Coconut farm,False,0,9,,ajpk,AIPTMMK,,,₹5.56 L,Malliga.M,92082,Master's Degree
Female,117,37,Road roller,False,0,10,,independent,IND,,,₹8.02 L,Kanimozhi.K,92083,10th Grade (SSLC)
Male,117,37,Ring,False,0,11,,independent,IND,,,₹39.81 L,Suriyakumar.K,92084,Master's Degree
Male,117,40,Diamond,False,0,12,,independent,IND,,,₹1.07 Cr,A.Balamurugan,92085,Primary (Up to 4th)
Male,117,43,Air conditioner,False,0,13,,independent,IND,,,₹3.97 L,M.Rajalingam,92086,Master's Degree
Male,117,54,Balloon,False,0,14,,independent,IND,,,₹nan,M.John Bosco,92087,Bachelor's Degree
Male,118,59,Elephant,False,0,1,,others,BSP,,,₹19.90 L,P.Krishnasamy,92088,6th Grade
Male,118,38,Rising sun,False,0,2,,spa,DMK,,,₹55.21 L,Durai. Senthamil Selvan B.E,92089,Bachelor's Degree
Female,118,44,Farmer Carrying Plough,False,0,3,,ntk,NTK,,,₹70.92 L,Narmadha. G,92090,Master's Degree
Female,118,55,Lotus,False,0,4,,nda,BJP,,,₹nan,Vanathi Srinivasan,92091,Master's Degree
Male,118,56,Drill machine,False,0,5,,others,TPMK,,,₹1.22 L,K.Udhayakumar,92092,9th Grade
Male,118,47,Whistle,False,0,6,,tvk,TVK,,,₹1.09 Cr,V.Sampathkumar,92093,Master's Degree
Male,118,49,Walking stick,False,0,7,,others,SMNK,,,"₹44,000",S.Senthilkumar,92094,12th Grade (HSC / +2)
Male,118,39,Gas cylinder,False,0,8,,others,TMMK,,,"₹52,800",S.Meenakshi Sundaram,92095,Bachelor's Degree
Male,118,37,Coconut farm,False,0,9,,ajpk,AIPTMMK,,,₹2.05 L,K.Raghul Gandhi,92096,10th Grade (SSLC)
Male,118,47,Camera,False,0,10,,others,TAVK,,,"₹87,000",Rajasekaran. B,92097,10th Grade (SSLC)
Male,118,49,Plate containing food,False,0,11,,independent,IND,,,₹78.63 L,G.D.Krishnakumar,92098,8th Grade
Male,118,55,Lady finger,False,0,12,,independent,IND,,,₹2.01 Cr,V.Krishnan,93710,8th Grade
Male,118,47,Harmonium,False,0,13,,independent,IND,,,₹4.28 L,R.Sathish Kumar,92100,10th Grade (SSLC)
Male,118,53,Bangles,False,0,14,,independent,IND,,,₹21.39 L,K.Sampath Kumar,92101,10th Grade (SSLC)
Male,118,57,Telephone,False,0,15,,independent,IND,,,₹59.45 L,S.Sampathkumar,92102,8th Grade
Male,118,40,CCTV Camera,False,0,16,,independent,IND,,,₹7.15 L,R.Sampath Kumar,92103,10th Grade (SSLC)
Male,118,40,Stool,False,0,17,,independent,IND,,,₹15.59 L,P.Saravanan,92104,Not Specified
Male,118,42,Trumpet,False,0,18,,independent,IND,,,₹38.31 L,A.K.Senthamizh Selvan,92105,Master's Degree
Male,118,53,Flute,False,0,19,,independent,IND,,,"₹43,000",R.Sethuragunathan,92106,12th Grade (HSC / +2)
Male,118,43,Refrigerator,False,0,20,,independent,IND,,,₹6.50 L,S.Dhana Raj,92107,Bachelor's Degree
Male,118,40,Sitar,False,0,21,,independent,IND,,,₹17.96 L,Palanikumar. V,92108,Diploma / ITI
Male,118,41,Diamond,False,0,22,,independent,IND,,,₹3.25 L,Balu. P.M,92109,Master's Degree
Male,118,51,Violin,False,0,23,,independent,IND,,,"₹7,426",R.Manian,92110,8th Grade
Male,118,45,Batsman,False,0,24,,independent,IND,,,"₹9,426",A.Marimuthu,92111,8th Grade
Male,118,48,Chappals,False,0,25,,independent,IND,,,"₹75,017",A.Ramesh,92112,Bachelor's Degree
Male,118,63,Binoculars,False,0,26,,independent,IND,,,"₹61,000",Ravi. V,92113,10th Grade (SSLC)
Male,118,63,Football player,False,0,27,,independent,IND,,,"₹4,024",G.Rajkumar,92114,12th Grade (HSC / +2)
Male,118,39,Road roller,False,0,28,,independent,IND,,,₹3.31 L,V.Lingaraja,92115,Bachelor's Degree
Male,119,57,Rising sun,False,0,1,,spa,DMK,,,₹33.27 L,N.R.Karthikeyan,92116,Bachelor's Degree
Female,119,25,Farmer Carrying Plough,False,0,2,,ntk,NTK,,,₹79.14 L,Rajabu Nisha.Z,92117,12th Grade (HSC / +2)
Male,119,56,Two leaves,True,0,3,,nda,AIADMK,,,₹6.95 Cr,S.P.Velumani,92118,Not Specified
Male,119,44,Whistle,False,0,4,,tvk,TVK,,,₹nan,Sathish Raju (Alias) K.P.R.Sathish,92119,Master's Degree
Male,119,47,Camera,False,0,5,,others,TAVK,,,₹11.76 L,Shajahan.S,92120,Bachelor's Degree
Male,119,33,Air conditioner,False,0,6,,independent,IND,,,₹13.90 L,Arulkumar.P,92121,Bachelor's Degree
Female,119,33,CCTV Camera,False,0,7,,independent,IND,,,₹27.25 L,Kalaivani.S,92122,Diploma / ITI
Male,119,30,Bat,False,0,8,,independent,IND,,,"₹14,500",Karthikeyan.M,92123,Bachelor's Degree
Male,119,49,Gas cylinder,False,0,9,,independent,IND,,,₹23.46 L,Karthikeyan.R,92124,12th Grade (HSC / +2)
Male,119,44,Tooth brush,False,0,10,,independent,IND,,,₹3.04 L,Karthikeyan.R-Thondamuthur,92125,6th Grade
Male,119,48,Pen nib with seven rays,False,0,11,,independent,IND,,,₹14.49 L,Karthikeyan.R-Pooluvapatti,92126,5th Grade
Female,119,27,Ship,False,0,12,,independent,IND,,,"₹15,000",Kowsalya.V,92127,12th Grade (HSC / +2)
Male,119,43,Diamond,False,0,13,,independent,IND,,,₹nan,Sivaraman.C,92128,Bachelor's Degree
Female,119,48,Gift pack,False,0,14,,independent,IND,,,₹5.14 L,Deepa.G.S,92129,12th Grade (HSC / +2)
Male,119,58,Coconut farm,False,0,15,,independent,IND,,,₹1.63 L,Devadass.K,92130,Not Specified
Male,119,28,Cot,False,0,16,,independent,IND,,,₹1.34 L,Nirmalkumar.R,92131,10th Grade (SSLC)
Female,119,40,Diesel pump,False,0,17,,independent,IND,,,"₹22,000",Balamani.V,92132,5th Grade
Male,119,49,Wheel barrow,False,0,18,,independent,IND,,,"₹15,500",Manokaran.K,92133,5th Grade
Male,119,56,Helmet,False,0,19,,independent,IND,,,"₹25,600",Rafeeq.A.M,92134,10th Grade (SSLC)
Female,119,39,Battery Torch,False,0,20,,independent,IND,,,₹nan,Vijaya.K,92135,Not Specified
Male,119,42,Ring,False,0,21,,independent,IND,,,"₹30,001",Viswanathan.M,92136,7th Grade
Male,120,68,Two leaves,False,0,1,,nda,AIADMK,,,₹8.51 Cr,Amman K.Arjunan,92137,10th Grade (SSLC)
Male,120,50,Rising sun,False,0,2,,spa,DMK,,,₹2.47 Cr,V Senthilbalaji,92138,Bachelor's Degree
Male,120,25,Farmer Carrying Plough,False,0,3,,ntk,NTK,,,"₹58,134",Perarivalan. V,92139,10th Grade (SSLC)
Male,120,26,Camera,False,0,4,,others,TAVK,,,₹4.47 Cr,Gokula Krishnan.S,92140,Bachelor's Degree
Male,120,47,Whistle,False,0,5,,tvk,TVK,,,₹1.44 L,V.Senthilkumar,92141,9th Grade
Male,120,53,Battery Torch,False,0,6,,others,NGPP,,,₹50.25 L,B.Dhandapani,92142,6th Grade
Male,120,41,Gas cylinder,False,0,7,,others,TMMK,,,"₹12,000",G.Maheshwaran,92143,Master's Degree
Male,120,37,Balloon,False,0,8,,independent,IND,,,₹7.08 L,N.Abilazan,92144,Bachelor's Degree
Male,120,36,Diamond,False,0,9,,independent,IND,,,₹1.95 L,Imthiyas,92145,10th Grade (SSLC)
Male,120,32,Mike,False,0,10,,independent,IND,,,₹3.13 L,P.Kathiravan,92146,Bachelor's Degree
Male,120,46,Belt,False,0,11,,independent,IND,,,₹13.12 L,Gopalakrishnan,92147,Bachelor's Degree
Male,120,44,Gas Stove,False,0,12,,independent,IND,,,₹nan,P.Sangararaj,92148,10th Grade (SSLC)
Male,120,31,Mixee,False,0,13,,independent,IND,,,₹14.20 L,J.Suriyakumar,92149,Master's Degree
Male,120,55,Pen nib with seven rays,False,0,14,,independent,IND,,,₹2.39 L,M.Senthilkumar,92150,10th Grade (SSLC)
Male,120,42,Lady finger,False,0,15,,independent,IND,,,₹1.47 Cr,V.Senthilkumar,92151,Bachelor's Degree
Male,120,28,Electric pole,False,0,16,,independent,IND,,,₹57.80 Cr,K.Dinesh Kumar,92152,Bachelor's Degree
Male,120,45,Ginger,False,0,17,,independent,IND,,,₹6.12 L,P.Palanivel,92153,Bachelor's Degree
Male,120,28,Letter box,False,0,18,,independent,IND,,,₹57.80 Cr,J.Praveenkumar,92154,Bachelor's Degree
Male,120,29,Bat,False,0,19,,independent,IND,,,₹10.08 L,T.Magizhan,92155,Bachelor's Degree
Male,120,32,Kettle,False,0,20,,independent,IND,,,₹18.30 L,P.Manoj,92156,10th Grade (SSLC)
Male,120,28,Bangles,False,0,21,,independent,IND,,,₹12.58 L,B.Yuvaraj,92157,Bachelor's Degree
Male,120,64,Crane,False,0,22,,independent,IND,,,₹62.69 L,S.Rangaraj,92158,Bachelor's Degree
Male,120,57,Grapes,False,0,23,,independent,IND,,,"₹41,000",M.Ravichandran,92159,Bachelor's Degree
Male,120,38,Ring,False,0,24,,independent,IND,,,₹10.65 L,K.S.Rajagopal,92160,Bachelor's Degree
Male,120,30,Telephone,False,0,25,,independent,IND,,,₹6.80 L,K.Rajapandian,92161,Bachelor's Degree
Male,120,34,Violin,False,0,26,,independent,IND,,,₹16.53 L,D.Vigneshwaran,92162,Bachelor's Degree
Male,120,40,Water melon,False,0,27,,independent,IND,,,₹23.31 L,K.Vijayan,92163,10th Grade (SSLC)
Male,120,46,Ship,False,0,28,,independent,IND,,,₹2.27 L,Venkatachalam Paramasivam,92164,Bachelor's Degree
Male,120,45,Helmet,False,0,29,,independent,IND,,,"₹10,000",V.Velmurugan,92165,5th Grade
Male,120,54,Green chilli,False,0,30,,independent,IND,,,₹2.13 Cr,M.John Bosco,92166,Bachelor's Degree
Male,120,26,Matchbox,False,0,31,,independent,IND,,,₹9.99 L,L.Hakkim,92167,10th Grade (SSLC)
Male,121,51,Elephant,False,0,1,,others,BSP,,,"₹95,500",Sivaji Perumal,92168,7th Grade
Male,121,32,Farmer Carrying Plough,False,0,2,,ntk,NTK,,,₹88.55 L,Nehruji Gunasekaran,92169,Bachelor's Degree
Male,121,53,Two leaves,False,0,3,,nda,AIADMK,,,₹87.86 Cr,K.R.Jayaram,92170,10th Grade (SSLC)
Female,121,37,Hand,False,0,4,,spa,INC,,,₹1.61 Cr,V.Srinidhi,92171,Bachelor's Degree
Male,121,75,Coconut farm,False,0,5,,ajpk,AIPTMMK,,,₹5.12 Cr,N.R.Appathurai,92172,Bachelor's Degree
Male,121,58,Laptop,False,0,6,,others,SFRBC,,,₹1.84 Cr,Sarveswaran,92173,Bachelor's Degree
Male,121,54,Pressure cooker,False,0,7,,others,RSD (R),,,₹6.41 L,S.S.Sundharam,92174,Bachelor's Degree
Male,121,50,Lady finger,False,0,8,,others,GPI,,,₹12.33 L,Murugan.O,92175,Not Specified
Male,121,43,Whistle,False,0,9,,tvk,TVK,,,₹4.80 Cr,K.S.Sri Giri Prasath,92176,Bachelor's Degree
Male,121,58,Pen nib with seven rays,False,0,10,,independent,IND,,,"₹14,500",Akbar Ali,92177,8th Grade
Male,121,33,Bat,False,0,11,,independent,IND,,,₹2.87 L,M.Ashok Kumar,92178,Bachelor's Degree
Male,121,36,Triangle,False,0,12,,independent,IND,,,"₹11,525",Ayoob Riyas,92179,Master's Degree
Male,121,50,Tennis racket & ball,False,0,13,,independent,IND,,,₹7.70 L,N.Rajasekaran,92180,Bachelor's Degree
Female,121,33,Flute,False,0,14,,independent,IND,,,₹nan,Uma Paramasivam,92181,Master's Degree
Male,121,37,Wall hook,False,0,15,,independent,IND,,,₹8.52 L,Karthik,92182,10th Grade (SSLC)
Male,121,64,Ring,False,0,16,,independent,IND,,,₹nan,K.Kumar Babu,92183,9th Grade
Male,121,54,School bag,False,0,17,,independent,IND,,,₹5.08 L,S.Satheesh,92184,8th Grade
Male,121,74,Gas cylinder,False,0,18,,independent,IND,,,"₹37,000",Subaramanian.N,92185,9th Grade
Female,121,66,Matchbox,False,0,19,,independent,IND,,,₹6.65 L,P.Tamilselvi,92186,10th Grade (SSLC)
Male,121,29,Diamond,False,0,20,,independent,IND,,,₹32.11 L,Thahir Hussain,92187,Bachelor's Degree
Male,121,50,Balloon,False,0,21,,independent,IND,,,₹4.03 L,V.Balamurugan,92188,Master's Degree
Male,121,38,Ship,False,0,22,,independent,IND,,,₹3.73 L,R.Manikandabrabhu,92189,10th Grade (SSLC)
Male,121,26,Stumps,False,0,23,,independent,IND,,,₹1.10 L,A.Mounakumar,92190,Bachelor's Degree
Male,121,45,Bucket,False,0,24,,independent,IND,,,₹2.15 L,Dr.K.Rajkumar,92191,Doctorate (Ph.D / MD)
Male,121,45,Jackfruit,False,0,25,,independent,IND,,,"₹90,000",Rajkumar.M,92192,10th Grade (SSLC)
Female,121,45,Bangles,False,0,26,,independent,IND,,,₹4.30 L,Vasanthi,92193,10th Grade (SSLC)
Male,121,61,Bricks,False,0,27,,independent,IND,,,"₹16,000",Vijayakumar,92194,8th Grade
Female,121,26,Mike,False,0,28,,independent,IND,,,₹5.43 L,Janani.D,92195,Master's Degree
Male,122,46,Rising sun,False,0,1,,spa,DMK,,,₹62.58 Cr,Sabari Karthikeyan K.V.K.S,92196,Master's Degree
Male,122,75,Two leaves,True,0,2,,nda,AIADMK,,,₹1.04 Cr,Damodaran S,92197,10th Grade (SSLC)
Female,122,42,Farmer Carrying Plough,False,0,3,,ntk,NTK,,,₹16.77 L,Banupriya M,92198,Bachelor's Degree
Male,122,48,Lady finger,False,0,4,,others,GPI,,,"₹24,720",Mariyappan R,92199,Not Specified
Male,122,38,Whistle,False,0,5,,tvk,TVK,,,₹3.86 Cr,Vignesh K,92200,Bachelor's Degree
Male,123,60,Elephant,False,0,1,,others,BSP,,,₹15.40 L,C.M.Aruchamy,92201,6th Grade
Male,123,51,Farmer Carrying Plough,False,0,2,,ntk,NTK,,,₹7.65 Cr,N.Senthil Kumar,92202,Master's Degree
Male,123,54,Rising sun,False,0,3,,spa,DMK,,,₹16.70 Cr,K.Nithyanandhan,92203,Bachelor's Degree
Male,123,72,Two leaves,True,0,4,,nda,AIADMK,,,₹85.11 Cr,Pollachi V.Jayaraman,92204,Not Specified
Male,123,33,Whistle,False,0,5,,tvk,TVK,,,₹1.35 Cr,G.Ramanathan,92205,Bachelor's Degree
Male,123,30,Throwing a javelin,False,0,6,,independent,IND,,,"₹82,018",V.Karthikeyan,92206,Bachelor's Degree
Male,123,70,Bench,False,0,7,,independent,IND,,,₹2.15 L,P.Nagaraj,92207,10th Grade (SSLC)
Male,123,34,Socks,False,0,8,,independent,IND,,,₹8.20 L,T.Nithyanantham,92208,10th Grade (SSLC)
Male,123,51,Shutter,False,0,9,,independent,IND,,,₹nan,K.Nithyanandan,92209,Not Specified
Male,123,32,Dolli,False,0,10,,independent,IND,,,₹4.80 L,M.Jayaprathap,92210,Bachelor's Degree
Male,123,38,Tennis racket & ball,False,0,11,,independent,IND,,,₹2.86 L,S.Jeyaram,92211,12th Grade (HSC / +2)
Male,123,44,Tea filter,False,0,12,,independent,IND,,,₹7.69 L,M.Jayaram,92212,12th Grade (HSC / +2)
Male,123,32,CCTV Camera,False,0,13,,independent,IND,,,₹4.80 L,M.Jayaraman,92213,Bachelor's Degree
Female,124,29,Farmer Carrying Plough,False,0,1,,ntk,NTK,,,₹6.29 L,Umadevi. P,92214,Master's Degree
Male,124,49,Rising sun,False,0,2,,spa,DMK,,,₹14.08 L,Kutty (Alias) Sudhakar. A,92215,12th Grade (HSC / +2)
Male,124,57,Two leaves,False,0,3,,nda,AIADMK,,,₹1.05 Cr,Lekshmana Singh. D,92216,12th Grade (HSC / +2)
Male,124,69,Whistle,False,0,4,,tvk,TVK,,,₹10.08 Cr,Dr. Sridharan. A,92217,Doctorate (Ph.D / MD)
Male,124,30,Bat,False,0,5,,independent,IND,,,₹1.37 L,Perumal. K,92218,Not Specified
Female,124,44,Electric pole,False,0,6,,independent,IND,,,₹1.24 L,Lakshmi. N,92219,Not Specified
Male,125,60,Two leaves,False,0,1,,nda,AIADMK,,,₹35.21 L,Radhakrishnan K,92220,Bachelor's Degree
Male,125,30,Farmer Carrying Plough,False,0,2,,ntk,NTK,,,₹4.63 L,Ram Kumar M,92221,Bachelor's Degree
Male,125,50,Rising sun,False,0,3,,spa,DMK,,,₹63.13 L,Jayakumar M,92222,Master's Degree
Male,125,50,Whistle,False,0,4,,tvk,TVK,,,₹26.29 L,Sankar K,92223,Primary (Up to 4th)
Male,125,58,Battery Torch,False,0,5,,independent,IND,,,₹20.40 L,Umar Ali D,92224,Not Specified
Female,125,66,Electric pole,False,0,6,,independent,IND,,,₹2.37 L,Elsy C,92225,Diploma / ITI
Male,125,31,Coconut farm,False,0,7,,independent,IND,,,"₹11,001",Ganesh S,92226,8th Grade
Male,125,37,Bat,False,0,8,,independent,IND,,,₹33.02 L,Kalimuthu S,92227,Diploma / ITI
Male,125,48,Pen nib with seven rays,False,0,9,,independent,IND,,,"₹67,950",Padmendraprakash A,92228,8th Grade
Male,125,34,Ring,False,0,10,,independent,IND,,,"₹11,009",Mahendran A,92229,8th Grade
Male,125,67,Letter box,False,0,11,,independent,IND,,,₹28.50 L,Ramasamy S,92230,12th Grade (HSC / +2)
Female,126,38,Farmer Carrying Plough,False,0,1,,ntk,NTK,,,₹55.39 L,M Radhamani,92231,Bachelor's Degree
Male,126,59,Rising sun,False,0,2,,spa,DMK,,,₹2.64 Cr,R Jayaramakrishnan,92232,Bachelor's Degree
Male,126,76,Pressure cooker,False,0,3,,nda,AMMK,,,₹87.46 L,C Shanmugavelu,92233,Master's Degree
Male,126,54,Gas cylinder,False,0,4,,others,PT,,,"₹49,743",Ak Senthilkumar,92234,Bachelor's Degree
Male,126,33,Whistle,False,0,5,,tvk,TVK,,,₹14.65 L,R Thirumalai,92235,Bachelor's Degree
Male,126,46,Camera,False,0,6,,independent,IND,,,₹5.35 L,M Ahamed Ali,92236,Diploma / ITI
Male,126,60,Pestle and mortar,False,0,7,,independent,IND,,,₹13.91 L,A Shanmugavel,92237,6th Grade
Male,126,37,Noodles bowl,False,0,8,,independent,IND,,,₹69.59 L,K Shanmugavel,92238,10th Grade (SSLC)
Male,126,52,Kettle,False,0,9,,independent,IND,,,₹5.12 L,S Shanmugavel,92239,Not Specified
Male,126,45,Diamond,False,0,10,,independent,IND,,,₹7.84 L,M Shanugavel,92240,9th Grade
Male,126,51,Ring,False,0,11,,independent,IND,,,₹nan,P Thangaraj,92241,Primary (Up to 4th)
Male,126,39,Electric pole,False,0,12,,independent,IND,,,₹19.91 L,Sp Mahendran,92242,Master's Degree
Male,126,38,Telephone,False,0,13,,independent,IND,,,₹nan,K Vadivazhagan Balaji,92243,Master's Degree
Male,127,50,Elephant,False,0,1,,others,BSP,,,₹23.42 L,Nachimuthu. S,92244,10th Grade (SSLC)
Male,127,68,Hammer Sickle and Star,False,0,2,,spa,CPI(M),,,₹1.43 L,Pandi. N,92245,10th Grade (SSLC)
Female,127,27,Farmer Carrying Plough,False,0,3,,ntk,NTK,,,₹nan,Murugeswari. B,92246,Not Specified
Male,127,57,Two leaves,False,0,4,,nda,AIADMK,,,₹nan,Ravimanoharan. K,92247,Diploma / ITI
Male,127,40,Whistle,False,0,5,,tvk,TVK,,,₹1.80 Cr,Dr. Praveen Kumar. M,92248,Doctorate (Ph.D / MD)
Male,127,50,Ring,False,0,6,,others,RSD (R),,,₹6.76 Cr,Ramamoorthi. G,92249,Diploma / ITI
Male,127,47,Gas cylinder,False,0,7,,others,PT,,,₹18.71 L,Vaykkaldurai. K,92250,10th Grade (SSLC)
Male,127,32,Computer,False,0,8,,independent,IND,,,₹2.19 Cr,Ashokkumar. G,92251,Bachelor's Degree
Male,127,46,Dish antenna,False,0,9,,independent,IND,,,₹4.01 L,Anbarasu. R,92252,10th Grade (SSLC)
Male,127,64,Coconut farm,False,0,10,,independent,IND,,,₹5.50 L,Thannasiappan. P,92253,Not Specified
Male,127,51,Sewing machine,False,0,11,,independent,IND,,,₹17.98 L,Thirumalaisamy. B,92254,10th Grade (SSLC)
Male,127,47,Electric pole,False,0,12,,independent,IND,,,₹19.24 L,Balachandran. M,92255,Diploma / ITI
Male,127,29,Bat,False,0,13,,independent,IND,,,"₹54,020",Praveenkumar. R,92256,Bachelor's Degree
Female,127,45,Bead necklace,False,0,14,,independent,IND,,,₹16.91 L,Madheswari. R,92257,5th Grade
Male,127,29,Pen nib with seven rays,False,0,15,,independent,IND,,,₹1.20 L,Jayakumar. T,92258,Bachelor's Degree
Male,128,64,Rising sun,True,0,1,,spa,DMK,,,₹5.41 Cr,Sakkarapani. R,92259,Bachelor's Degree
Male,128,41,Elephant,False,0,2,,others,BSP,,,"₹30,803",Murugaraj. P,92260,10th Grade (SSLC)
Male,128,56,Farmer Carrying Plough,False,0,3,,ntk,NTK,,,₹35.41 L,Ragupathi. P,92261,Master's Degree
Male,128,59,Lotus,False,0,4,,nda,BJP,,,₹99.97 L,Vidiyal S.Sekar,92262,Master's Degree
Male,128,46,Whistle,False,0,5,,tvk,TVK,,,₹1.59 Cr,Mohan. S,92263,Diploma / ITI
Male,128,60,Pen nib with seven rays,False,0,6,,independent,IND,,,₹1.32 Cr,Alagiyannan. A,92264,8th Grade
Male,128,59,Gas cylinder,False,0,7,,independent,IND,,,"₹66,000",Arumugam. M,92265,6th Grade
Male,128,40,Cauliflower,False,0,8,,independent,IND,,,₹3.78 L,Ananthraj. T,92266,12th Grade (HSC / +2)
Male,128,55,Sitar,False,0,9,,independent,IND,,,"₹11,826",Kumarrathinam. M,92267,Master's Degree
Male,128,61,Cake,False,0,10,,independent,IND,,,₹32.05 L,Chellamuthu. K,92268,Bachelor's Degree
Male,128,32,Trumpet,False,0,11,,independent,IND,,,₹3.70 L,Nagul Prakash. A,92269,Bachelor's Degree
Male,128,35,Diamond,False,0,12,,independent,IND,,,₹23.45 L,Prabaharan. M,92270,Bachelor's Degree
Male,128,26,Coconut farm,False,0,13,,independent,IND,,,₹1.42 L,Manikannan. A,92271,Bachelor's Degree
Male,128,29,Computer,False,0,14,,independent,IND,,,₹4.50 L,Raghunath. K,92272,Bachelor's Degree
Male,129,30,Elephant,False,0,1,,others,BSP,,,"₹41,000",S.Karthigaiselvan,92273,Bachelor's Degree
Male,129,44,Farmer Carrying Plough,False,0,2,,ntk,NTK,,,"₹57,764",Dr. A.Simon Justin,92274,Doctorate (Ph.D / MD)
Male,129,73,Rising sun,False,0,3,,spa,DMK,,,₹2.81 Cr,I.Periasamy,92275,Bachelor's Degree
Male,129,72,Two leaves,False,0,4,,nda,AIADMK,,,₹1.99 Cr,A.Viswanathan,92276,Bachelor's Degree
Female,129,50,Whistle,False,0,5,,tvk,TVK,,,₹83.52 L,N.Kalaiselvi,92277,Not Specified
Male,129,42,Pen nib with seven rays,False,0,6,,others,NMK,,,₹14.25 L,D.Sankar,91973,10th Grade (SSLC)
Male,129,56,Pressure cooker,False,0,7,,ajpk,AJPK,,,₹4.44 Cr,M.K.Nagendran,92279,7th Grade
Male,129,35,Camera,False,0,8,,others,TAVK,,,₹11.97 L,S.Bala Murugan,92280,8th Grade
Male,129,41,Gas cylinder,False,0,9,,others,PT,,,₹9.85 L,K.Jayaprakash,92281,10th Grade (SSLC)
Male,129,48,Coconut farm,False,0,10,,independent,IND,,,₹40.20 L,K.Kathiresan,92282,Master's Degree
Male,129,46,Air conditioner,False,0,11,,independent,IND,,,"₹37,760",D.Nagaraj,92283,Not Specified
Male,129,47,Bat,False,0,12,,independent,IND,,,"₹3,000",M.Periyasamy,92284,10th Grade (SSLC)
Male,129,44,Truck,False,0,13,,independent,IND,,,"₹10,000",P.Manivel,92285,Master's Degree
Male,129,62,Cot,False,0,14,,independent,IND,,,"₹29,810",K.Visvanathan,92286,Not Specified
Male,129,47,Electric pole,False,0,15,,independent,IND,,,"₹34,750",K.Velmurugan,92287,Not Specified
Male,130,74,Farmer Carrying Plough,False,0,1,,ntk,NTK,,,₹52.16 L,D.Kailai Rajan,92288,Not Specified
Female,130,64,Two leaves,True,0,2,,nda,AIADMK,,,₹3.22 Cr,S.Thenmozhi,92289,12th Grade (HSC / +2)
Female,130,42,Rising sun,False,0,3,,spa,DMK,,,₹1.78 Cr,S.Nagajothi,92290,Bachelor's Degree
Female,130,34,Elephant,False,0,4,,others,BSP,,,₹24.21 L,Rajalakshmi.M,92291,Not Specified
Male,130,38,Whistle,False,0,5,,tvk,TVK,,,₹3.67 L,R.Ayyanar,92292,Master's Degree
Male,130,74,Coconut farm,False,0,6,,ajpk,AIPTMMK,,,₹91.00 L,G.Anbalagan,92293,Doctorate (Ph.D / MD)
Male,130,46,Gas cylinder,False,0,7,,others,PT,,,₹3.32 L,P.Sankar,92294,Master's Degree
Male,130,45,Ganna kisan,False,0,8,,others,RPI(A),,,₹7.00 L,P.Selvam,92295,Bachelor's Degree
Male,130,44,Sitar,False,0,9,,independent,IND,,,"₹50,000",A.Alappan,92296,Master's Degree
Male,130,45,Electric pole,False,0,10,,independent,IND,,,₹2.46 L,S.Karuppaiah,92297,Bachelor's Degree
Male,130,71,Iron,False,0,11,,independent,IND,,,₹13.10 L,Chellam,92298,Not Specified
Male,130,73,Television,False,0,12,,independent,IND,,,₹9.94 L,N.Perumal,92299,10th Grade (SSLC)
Male,130,46,Peas,False,0,13,,independent,IND,,,"₹32,744",P.Manikandan,92300,Not Specified
Male,130,61,Ring,False,0,14,,independent,IND,,,₹51.69 L,M.Manoharan,92301,Not Specified
Male,130,26,Pen nib with seven rays,False,0,15,,independent,IND,,,"₹55,000",M.Vijayapandian,92302,10th Grade (SSLC)
Female,131,36,Farmer Carrying Plough,False,0,1,,ntk,NTK,,,₹3.08 L,Alagammal A,92303,Bachelor's Degree
Male,131,46,Rising sun,False,0,2,,spa,DMK,,,₹nan,Selvakumar K,92304,Bachelor's Degree
Male,131,76,Two leaves,True,0,3,,nda,AIADMK,,,₹nan,Natham R Viswanathan,92305,Bachelor's Degree
Male,131,43,Camera,False,0,4,,others,TAVK,,,"₹30,000",Alex S,92306,6th Grade
Male,131,47,Whistle,False,0,5,,tvk,TVK,,,₹1.45 Cr,Ramesh L N,92307,Master's Degree
Male,131,27,Gas cylinder,False,0,6,,ajpk,AJPK,,,₹1.31 L,Rajasekaran P,92308,Diploma / ITI
Male,131,31,Box,False,0,7,,others,PT,,,₹4.35 L,Vijayakumar S,92309,Bachelor's Degree
Male,131,49,Diamond,False,0,8,,independent,IND,,,"₹40,000",Gopal R,92310,10th Grade (SSLC)
Male,131,30,Bat,False,0,9,,independent,IND,,,"₹48,883",Satham Usain M,92311,12th Grade (HSC / +2)
Male,131,45,Balloon,False,0,10,,independent,IND,,,₹4.40 L,Sundar C,92312,12th Grade (HSC / +2)
Male,131,54,Dish antenna,False,0,11,,independent,IND,,,₹3.85 L,Dhandabani K,92313,10th Grade (SSLC)
Male,131,43,Flute,False,0,12,,independent,IND,,,₹1.00 L,Tamilselvan C,92314,Bachelor's Degree
Male,131,49,Road roller,False,0,13,,independent,IND,,,"₹2,057",Manikandan V,92315,10th Grade (SSLC)
Male,131,57,Cot,False,0,14,,independent,IND,,,"₹84,288",Maria Arockiam S,92316,6th Grade
Male,131,44,Black board,False,0,15,,independent,IND,,,₹8.85 L,Murugan K,92317,10th Grade (SSLC)
Male,131,48,Television,False,0,16,,independent,IND,,,₹2.80 L,Murugesan C,92318,Bachelor's Degree
Male,131,45,Laptop,False,0,17,,independent,IND,,,₹32.71 L,Rama Janarthanan S,92319,Master's Degree
Male,131,46,Water tank,False,0,18,,independent,IND,,,₹7.78 L,Vadivel K,92320,10th Grade (SSLC)
Male,131,31,Bucket,False,0,19,,independent,IND,,,₹4.35 L,Vijayakumar S,92321,Bachelor's Degree
Male,131,54,Computer,False,0,20,,independent,IND,,,₹14.46 L,Venkatesan G,92322,Not Specified
Male,131,34,Cauliflower,False,0,21,,independent,IND,,,"₹34,000",Venkatesh P,92323,10th Grade (SSLC)
Male,132,78,Two leaves,True,0,1,,nda,AIADMK,,,₹46.07 L,Sreenivasan. C,92324,Master's Degree
Male,132,47,Rising sun,False,0,2,,spa,DMK,,,₹6.05 Cr,Senthilkumar. I.P,92325,Master's Degree
Female,132,35,Farmer Carrying Plough,False,0,3,,ntk,NTK,,,₹4.58 L,Mutharasi. S,92326,Master's Degree
Male,132,58,Ring,False,0,4,,others,RSD (R),,,₹2.80 L,Gopi Krishnan Pillai. S,92327,5th Grade
Male,132,38,Camera,False,0,5,,others,TAVK,,,₹16.57 L,Sheik Bareeth.B,92328,9th Grade
Male,132,49,Whistle,False,0,6,,tvk,TVK,,,₹1.16 Cr,Nazeer Raja. G,92329,10th Grade (SSLC)
Male,132,34,Gas cylinder,False,0,7,,others,PT,,,₹36.95 L,Pradeep. M,92330,10th Grade (SSLC)
Male,132,69,Coconut farm,False,0,8,,ajpk,AIPTMMK,,,₹2.21 Cr,Ramuthevar. P,92331,5th Grade
Male,132,42,Diamond,False,0,9,,independent,IND,,,"₹30,000",Anis Babu. M,92332,9th Grade
Male,132,42,Balloon,False,0,10,,independent,IND,,,₹8.75 L,Arockia Dass. J,92333,Master's Degree
Male,132,36,Computer,False,0,11,,independent,IND,,,"₹21,801",Umar Ali. R,92334,7th Grade
Male,132,27,Batsman,False,0,12,,independent,IND,,,"₹5,080",Ganesh Perumal. D,92335,Bachelor's Degree
Male,132,52,Laptop,False,0,13,,independent,IND,,,₹56.77 L,Karmegam. R,92336,Diploma / ITI
Female,132,33,Truck,False,0,14,,independent,IND,,,₹49.56 L,Saranya. M,92337,Master's Degree
Male,132,35,Battery Torch,False,0,15,,independent,IND,,,₹nan,Seenivasan. P,92338,6th Grade
Male,132,29,Socks,False,0,16,,independent,IND,,,"₹29,960",Selvadhayanithi. M,92339,12th Grade (HSC / +2)
Male,132,41,Road roller,False,0,17,,independent,IND,,,₹9.26 L,Nagaraj. N,92340,Master's Degree
Male,132,60,Pencil box,False,0,18,,independent,IND,,,₹41.52 L,Babu. S,92341,Bachelor's Degree
Male,132,40,Belt,False,0,19,,independent,IND,,,₹9.64 L,Muniyappan. M,92342,8th Grade
Male,132,61,Bat,False,0,20,,independent,IND,,,₹9.61 L,Rajendran. G,92343,Master's Degree
Male,133,27,Farmer Carrying Plough,False,0,1,,ntk,NTK,,,₹nan,Khaja Hussain Ahamed. A,92344,Master's Degree
Male,133,56,Rising sun,False,0,2,,spa,DMK,,,₹8.27 Cr,Saminathan. T,92345,Bachelor's Degree
Male,133,45,Two leaves,False,0,3,,nda,AIADMK,,,₹73.41 L,Paramasivam. V.P.B,92346,Doctorate (Ph.D / MD)
Female,133,49,Whistle,False,0,4,,tvk,TVK,,,₹64.73 L,Dr.Nakajothi. N,92347,Master's Degree
Male,133,30,Walking stick,False,0,5,,others,SMNK,,,"₹25,000",Boomiraj. K,92348,Bachelor's Degree
Male,133,33,Camera,False,0,6,,others,TAVK,,,₹6.02 L,Ramesh. T,92349,9th Grade
Male,133,44,Flag with three stars,False,0,7,,others,CPI(ML),,,₹1.27 L,Ravi. R,92350,10th Grade (SSLC)
Male,133,32,Bat,False,0,8,,independent,IND,,,"₹99,279",Suresh. B,92351,Bachelor's Degree
Male,133,55,Computer,False,0,9,,independent,IND,,,"₹25,000",Selvaraj. V,92352,10th Grade (SSLC)
Male,133,27,Gift pack,False,0,10,,independent,IND,,,₹5.82 L,Dhivakar. A,92353,Bachelor's Degree
Male,133,40,Box,False,0,11,,independent,IND,,,₹10.50 L,Natchimuthu. R,92354,10th Grade (SSLC)
Male,133,25,Pressure cooker,False,0,12,,independent,IND,,,₹7.18 L,Manikandaprabhu. N C,92355,Master's Degree
Male,133,51,Jackfruit,False,0,13,,independent,IND,,,₹nan,Maneeshankar. M.G,92356,Not Specified
Male,133,31,Table,False,0,14,,independent,IND,,,₹5.52 L,Marimuthu. S,92357,Diploma / ITI
Male,133,53,Diamond,False,0,15,,independent,IND,,,₹13.92 L,Murugan. V,92358,Doctorate (Ph.D / MD)
Male,134,55,Rising sun,True,0,1,,spa,DMK,,,₹87.93 L,Elango R,92359,Bachelor's Degree
Female,134,32,Elephant,False,0,2,,others,BSP,,,₹5.28 L,Suganya S,92360,Master's Degree
Male,134,41,Two leaves,False,0,3,,nda,AIADMK,,,₹63.13 L,Selvakumar K,92361,Bachelor's Degree
Male,134,28,Farmer Carrying Plough,False,0,4,,ntk,NTK,,,₹21.15 L,Naren S,92362,Not Specified
Female,134,55,Coconut farm,False,0,5,,ajpk,AIPTMMK,,,₹4.85 L,Asiya Begum,92363,Not Specified
Male,134,57,Whistle,False,0,6,,tvk,TVK,,,₹1.46 Cr,Karthikeyan P,92364,9th Grade
Male,134,43,Gas cylinder,False,0,7,,others,VKK,,,₹57.49 L,Sakthivel R,92365,10th Grade (SSLC)
Male,134,56,Camera,False,0,8,,others,TAVK,,,₹15.11 L,Ravi Ag,92366,12th Grade (HSC / +2)
Male,134,37,Road roller,False,0,9,,independent,IND,,,₹1.28 L,Arasumani G,92367,Bachelor's Degree
Male,134,67,Bench,False,0,10,,independent,IND,,,₹nan,Arivalagan M,92368,Not Specified
Male,134,29,Flute,False,0,11,,independent,IND,,,₹2.86 L,Kathiresan M,92369,Bachelor's Degree
Male,134,29,Scissors,False,0,12,,independent,IND,,,₹5.65 L,Kaviyarasu T,92370,Bachelor's Degree
Male,134,36,Cauliflower,False,0,13,,independent,IND,,,₹5.99 L,Kirubananth S,92371,Bachelor's Degree
Male,134,39,Head phone,False,0,14,,independent,IND,,,₹10.60 L,Silambarasan P,92372,Master's Degree
Male,134,37,Pen drive,False,0,15,,independent,IND,,,₹16.55 L,Sivalingam T,92373,Bachelor's Degree
Female,134,43,Calculator,False,0,16,,independent,IND,,,₹8.64 L,Sowmiya R,92374,Bachelor's Degree
Male,134,26,Football player,False,0,17,,independent,IND,,,"₹68,222",Tamilarasan M,92375,Bachelor's Degree
Male,134,54,Diamond,False,0,18,,independent,IND,,,₹5.34 L,Natarajan P,92376,10th Grade (SSLC)
Male,134,30,Black board,False,0,19,,independent,IND,,,"₹38,000",Narendrakumar G,92377,Bachelor's Degree
Male,134,54,Hand cart,False,0,20,,independent,IND,,,"₹5,566",Natchimuthu V,92378,Not Specified
Male,134,27,Truck,False,0,21,,independent,IND,,,₹8.67 L,Praveen S,92379,Master's Degree
Male,134,33,Sitar,False,0,22,,independent,IND,,,₹9.78 L,Boopathy S,92380,Bachelor's Degree
Male,134,35,CCTV Camera,False,0,23,,independent,IND,,,"₹92,791",Manikandan T,92381,Bachelor's Degree
Male,134,33,Telephone,False,0,24,,independent,IND,,,₹1.98 L,Mathiyalagan P,92382,Bachelor's Degree
Male,134,34,Baby walker,False,0,25,,independent,IND,,,₹1.21 L,Murugesan R,92383,12th Grade (HSC / +2)
Male,134,28,Batsman,False,0,26,,independent,IND,,,₹3.06 L,Mohankumar K,92384,12th Grade (HSC / +2)
Male,134,39,Electric pole,False,0,27,,independent,IND,,,₹6.02 L,Ragupathi S,92385,Master's Degree
Male,134,31,Grapes,False,0,28,,independent,IND,,,₹3.22 L,Ramalingam V,92386,10th Grade (SSLC)
Male,134,48,Water melon,False,0,29,,independent,IND,,,₹1.03 L,Rajasekaran N,92387,Bachelor's Degree
Male,134,48,Gas Stove,False,0,30,,independent,IND,,,₹7.21 L,Rajendaran N,92388,10th Grade (SSLC)
Male,135,60,Farmer Carrying Plough,False,0,1,,ntk,NTK,,,₹nan,Karuppaiya. R,92389,Not Specified
Male,135,64,Rising sun,False,0,2,,spa,DMK,,,₹6.74 Cr,Aasee.M.Thiagarajan,92390,Bachelor's Degree
Male,135,62,Two leaves,False,0,3,,nda,AIADMK,,,₹5.64 Cr,M.R.Vijayabhaskar,92391,Not Specified
Male,135,61,Elephant,False,0,4,,others,BSP,,,₹67.83 L,Jayagopal. P,92392,Diploma / ITI
Male,135,34,Walking stick,False,0,5,,others,SMNK,,,"₹52,500",Kalimuthu. V,92393,7th Grade
Male,135,62,Camera,False,0,6,,others,TAVK,,,₹9.36 L,Gunasekaran. K,92394,9th Grade
Male,135,50,Whistle,False,0,7,,tvk,TVK,,,₹1.14 Cr,Mathiyalagan V.P,92395,8th Grade
Male,135,50,Lady finger,False,0,8,,others,GPI,,,₹1.67 L,Ramachandran. A,92396,Not Specified
Male,135,29,Harmonium,False,0,9,,independent,IND,,,₹1.48 L,Asarudheen. A,92397,Master's Degree
Male,135,37,Diesel pump,False,0,10,,independent,IND,,,₹5.50 L,Arulmaniyarasu. P,92398,Bachelor's Degree
Male,135,32,Jackfruit,False,0,11,,independent,IND,,,₹12.64 L,Anbarasan. N,92399,Bachelor's Degree
Male,135,37,Diamond,False,0,12,,independent,IND,,,₹3.45 L,Anbazhagan. T,92400,Bachelor's Degree
Female,135,34,Pen drive,False,0,13,,independent,IND,,,₹2.54 L,Elamathi. S,92401,Bachelor's Degree
Male,135,32,Table,False,0,14,,independent,IND,,,₹2.98 L,Kathiravan. P,92402,Bachelor's Degree
Male,135,45,Bench,False,0,15,,independent,IND,,,₹57.23 L,Kathirvel. K,92403,Bachelor's Degree
Male,135,46,Door bell,False,0,16,,independent,IND,,,₹3.95 L,Kandasamy. P,92404,Master's Degree
Male,135,36,Tennis racket & ball,False,0,17,,independent,IND,,,"₹88,500",Karunamoorthy. S,92405,Bachelor's Degree
Male,135,35,Water melon,False,0,18,,independent,IND,,,₹1.42 L,Kalairaj. K,92406,Bachelor's Degree
Male,135,41,Tiller,False,0,19,,independent,IND,,,₹12.38 L,Kanagaraj. S,92407,Bachelor's Degree
Male,135,36,Pen stand,False,0,20,,independent,IND,,,₹25.71 L,Kanagaraj. P,92408,Bachelor's Degree
Male,135,33,Letter box,False,0,21,,independent,IND,,,₹19.64 L,Karthikperumal. R,92409,Bachelor's Degree
Male,135,40,Hand cart,False,0,22,,independent,IND,,,₹29.45 L,Kalimuthu. R,92410,Bachelor's Degree
Male,135,34,Computer,False,0,23,,independent,IND,,,₹11.47 L,Krishnakumar. K,92411,Bachelor's Degree
Male,135,40,Pestle and mortar,False,0,24,,independent,IND,,,₹3.82 L,Gopala Krishnan. A,92412,Bachelor's Degree
Male,135,35,Gramophone,False,0,25,,independent,IND,,,₹21.32 L,Sathish Kumar. S,92413,Bachelor's Degree
Male,135,37,Ring,False,0,26,,independent,IND,,,₹33.17 L,Sathish. P,92414,Bachelor's Degree
Male,135,49,CCTV Camera,False,0,27,,independent,IND,,,₹2.22 L,Sampath. S,92415,Bachelor's Degree
Male,135,53,Gas Stove,False,0,28,,independent,IND,,,₹7.16 L,Saravanan. R,92416,Bachelor's Degree
Male,135,46,Matchbox,False,0,29,,independent,IND,,,₹1.15 L,Sivakumar. A,92417,Bachelor's Degree
Male,135,59,Laptop,False,0,30,,independent,IND,,,"₹11,876",Sivakumar. N,92418,Bachelor's Degree
Male,135,45,Chess board,False,0,31,,independent,IND,,,₹3.95 L,Sivakumar. V,92419,Bachelor's Degree
Female,135,33,T.V.Remote,False,0,32,,independent,IND,,,₹15.93 L,Seetha Lakshmi. D,92420,Master's Degree
Male,135,30,Rubber stamp,False,0,33,,independent,IND,,,₹1.75 L,Subash Malayalam. T,92421,Bachelor's Degree
Male,135,31,Funnel,False,0,34,,independent,IND,,,₹54.05 L,Suriyakumar. J,92422,Master's Degree
Male,135,31,Grapes,False,0,35,,independent,IND,,,₹2.79 L,Senbagakumar. L,92423,Bachelor's Degree
Male,135,47,Bat,False,0,36,,independent,IND,,,₹22.34 L,Senthilkumar. G,92424,Not Specified
Male,135,35,Chakki,False,0,37,,independent,IND,,,₹11.78 L,Senthilkumar. M,92425,Bachelor's Degree
Male,135,63,Stool,False,0,38,,independent,IND,,,₹2.19 L,Soundara Rajan. R,92426,12th Grade (HSC / +2)
Male,135,27,Black board,False,0,39,,independent,IND,,,₹2.62 L,Soundaryan. K,92427,Bachelor's Degree
Female,135,47,Gas cylinder,False,0,40,,independent,IND,,,₹26.68 L,Daniya. P,92428,Bachelor's Degree
Male,135,60,Chimney,False,0,41,,independent,IND,,,₹26.12 L,Thangavelraj. S,92429,Bachelor's Degree
Male,135,40,Immersion rod,False,0,42,,independent,IND,,,₹9.27 L,Thamilalagan. A,92430,Bachelor's Degree
Male,135,69,Lighter,False,0,43,,independent,IND,,,₹6.04 L,Thiyagarajan. M,92431,10th Grade (SSLC)
Male,135,30,Nail cutter,False,0,44,,independent,IND,,,₹9.69 L,Thirugnanam. M,92432,Bachelor's Degree
Male,135,36,Bangles,False,0,45,,independent,IND,,,₹3.60 L,Dinesh. B,92433,Not Specified
Male,135,26,Coat,False,0,46,,independent,IND,,,₹8.26 L,Dinesh Kumar. K,92434,Bachelor's Degree
Male,135,42,Chain,False,0,47,,independent,IND,,,₹2.95 L,Duraisamy. J,92435,Bachelor's Degree
Male,135,43,Tooth paste,False,0,48,,independent,IND,,,₹11.41 L,Devastin Augustin. G,92436,Bachelor's Degree
Male,135,26,Brief case,False,0,49,,independent,IND,,,₹6.27 L,Nandhakumar. A,92437,Bachelor's Degree
Female,135,34,Coconut farm,False,0,50,,independent,IND,,,₹5.52 L,Parameswari,92438,Bachelor's Degree
Male,135,50,Ship,False,0,51,,independent,IND,,,₹26.35 L,Palamuthir Selvan. O,92439,Bachelor's Degree
Male,135,47,Refrigerator,False,0,52,,independent,IND,,,"₹40,800",Palanirajan. K,92440,Bachelor's Degree
Male,135,45,Pressure cooker,False,0,53,,independent,IND,,,₹5.97 L,Palanivel. P,92441,Bachelor's Degree
Male,135,40,Pen nib with seven rays,False,0,54,,independent,IND,,,₹17.51 L,Babu. G,92442,Bachelor's Degree
Male,135,41,Balloon,False,0,55,,independent,IND,,,₹42.20 L,Bharathi. P,92443,Master's Degree
Male,135,55,Batsman,False,0,56,,independent,IND,,,₹3.61 L,Baskar. P,92444,Master's Degree
Male,135,46,Noodles bowl,False,0,57,,independent,IND,,,₹17.67 L,Prakash. N,92445,Bachelor's Degree
Male,135,34,Television,False,0,58,,independent,IND,,,₹8.02 L,Prasanth. S,92446,Bachelor's Degree
Male,135,28,Peas,False,0,59,,independent,IND,,,₹9.65 Cr,Praveenkumar. J,92447,Bachelor's Degree
Male,135,43,Capsicum,False,0,60,,independent,IND,,,₹23.39 L,Manikandan,92448,Bachelor's Degree
Male,135,29,Ludo,False,0,61,,independent,IND,,,₹2.64 L,Mathanraj. P,92449,Bachelor's Degree
Male,135,49,Sitar,False,0,62,,independent,IND,,,₹1.96 L,Mailvaganan. B,92450,Bachelor's Degree
Male,135,32,Football player,False,0,63,,independent,IND,,,₹11.30 L,Manoj. P,92451,10th Grade (SSLC)
Female,135,35,Box,False,0,64,,independent,IND,,,₹5.24 L,Mariammal. P.M,92452,Bachelor's Degree
Male,135,27,Mike,False,0,65,,independent,IND,,,₹12.78 L,Mohamad Ismail. M,92453,Bachelor's Degree
Male,135,38,Scissors,False,0,66,,independent,IND,,,₹nan,Muthu. K.R,92454,Bachelor's Degree
Male,135,39,Computer mouse,False,0,67,,independent,IND,,,₹nan,Murali. M,92455,Bachelor's Degree
Male,135,37,Cake,False,0,68,,independent,IND,,,₹4.42 L,Yoonus Ali. R,92456,10th Grade (SSLC)
Male,135,35,Gift pack,False,0,69,,independent,IND,,,"₹26,000",Raguraman Muruganantham,92457,Bachelor's Degree
Male,135,30,Hour glass,False,0,70,,independent,IND,,,₹6.85 L,Rajapandian. K,92458,Bachelor's Degree
Female,135,42,Flute,False,0,71,,independent,IND,,,₹6.48 L,Vanitha. K.M,92459,Bachelor's Degree
Male,135,34,Calculator,False,0,72,,independent,IND,,,₹14.38 L,Vigneshwaran. D,92460,Bachelor's Degree
Male,135,27,Drill machine,False,0,73,,independent,IND,,,₹44.26 L,Vineeth. B,92461,Bachelor's Degree
Male,135,44,Dish antenna,False,0,74,,independent,IND,,,₹22.83 L,Vinothkumar. N,92462,Master's Degree
Male,135,55,Brush,False,0,75,,independent,IND,,,₹3.61 L,Vijaya Baskar. R.V,92463,Master's Degree
Male,135,40,Electric pole,False,0,76,,independent,IND,,,₹22.75 L,Vijayan. K,92464,10th Grade (SSLC)
Male,135,31,Helmet,False,0,77,,independent,IND,,,₹23.79 L,Stephenraj. L,92465,Bachelor's Degree
Male,135,26,Air conditioner,False,0,78,,independent,IND,,,₹16.83 L,Hari Raaj. B,92466,Bachelor's Degree
Male,135,39,Well,False,0,79,,independent,IND,,,₹26.96 L,Hariharan. S,92467,Bachelor's Degree
Female,136,40,Elephant,False,0,1,,others,BSP,,,₹2.26 L,Gomathi. M,92468,Not Specified
Female,136,32,Farmer Carrying Plough,False,0,2,,ntk,NTK,,,₹3.31 L,Sathiya. V,92469,Master's Degree
Female,136,38,Two leaves,False,0,3,,nda,AIADMK,,,₹nan,Dr. Dhivya. S,92470,Not Specified
Male,136,38,Rising sun,False,0,4,,spa,DMK,,,₹1.09 Cr,Raja. C.K,92471,10th Grade (SSLC)
Female,136,39,Whistle,False,0,5,,tvk,TVK,,,₹11.85 L,Sathya. M,92472,Master's Degree
Male,136,49,Camera,False,0,6,,others,TAVK,,,₹22.50 L,Saravanan. V,92473,Diploma / ITI
Male,136,56,Lady finger,False,0,7,,others,GPI,,,"₹1,000",Soundrapandian. S,92474,10th Grade (SSLC)
Male,136,36,Pen nib with seven rays,False,0,8,,others,NMK,,,₹nan,Balsamy. B,92278,10th Grade (SSLC)
Male,136,42,Walking stick,False,0,9,,others,SMNK,,,₹17.42 L,Rajaguru.M,92476,Bachelor's Degree
Female,136,41,Jackfruit,False,0,10,,independent,IND,,,₹4.31 L,Indragandhi. P,92477,Master's Degree
Male,136,43,Computer,False,0,11,,independent,IND,,,"₹65,789",Ganesan. P,92478,10th Grade (SSLC)
Male,136,41,Television,False,0,12,,independent,IND,,,₹20.24 L,Sakthivel. A,92479,Bachelor's Degree
Male,136,35,Coconut farm,False,0,13,,independent,IND,,,₹nan,Sasikumar. M,92480,Bachelor's Degree
Male,136,42,Bat,False,0,14,,independent,IND,,,₹4.52 L,Senthil. P.M,92481,Bachelor's Degree
Male,136,51,Pressure cooker,False,0,15,,independent,IND,,,₹1.11 L,Chelladurai. M,92482,Diploma / ITI
Male,136,52,Matchbox,False,0,16,,independent,IND,,,₹5.37 L,Selvakumar. S,92483,Bachelor's Degree
Male,136,34,Ring,False,0,17,,independent,IND,,,₹9.14 L,Dinesh Kumar.A,92484,Bachelor's Degree
Male,136,35,Laptop,False,0,18,,independent,IND,,,₹8.75 L,Dinesh Kumar. N,92485,Master's Degree
Male,136,28,Chess board,False,0,19,,independent,IND,,,₹8.37 L,Naveenth. M,92486,Bachelor's Degree
Male,136,51,Electric pole,False,0,20,,independent,IND,,,₹55.38 L,Parameswaran. M,92487,Bachelor's Degree
Male,136,32,Cauliflower,False,0,21,,independent,IND,,,₹5.18 L,Prasanth. D,92488,Bachelor's Degree
Female,136,45,Bench,False,0,22,,independent,IND,,,₹15.25 L,Baby. P,92489,9th Grade
Male,136,41,Gift pack,False,0,23,,independent,IND,,,₹6.88 L,Porselvan. B.S,92490,Master's Degree
Male,136,42,Biscuit,False,0,24,,independent,IND,,,"₹85,000",Mahamuni. A,92491,Bachelor's Degree
Male,136,43,Diamond,False,0,25,,independent,IND,,,₹5.90 L,Manickavel. R,92492,Bachelor's Degree
Male,136,36,Battery Torch,False,0,26,,independent,IND,,,₹nan,Murugan. S,92493,Bachelor's Degree
Male,136,44,Harmonium,False,0,27,,independent,IND,,,₹2.36 L,Muruganandham. P.K,92494,10th Grade (SSLC)
Male,136,33,Telephone,False,0,28,,independent,IND,,,₹9.35 L,Vimalraj. S,92495,Bachelor's Degree
Male,137,65,Two leaves,False,0,1,,nda,AIADMK,,,₹3.25 Cr,S.Karunakaran,92496,Diploma / ITI
Male,137,59,Rising sun,False,0,2,,spa,DMK,,,₹nan,Suriyanur A Chandran,92497,Master's Degree
Male,137,43,Farmer Carrying Plough,False,0,3,,ntk,NTK,,,₹nan,Selva.Nanmaaran,92498,Bachelor's Degree
Male,137,49,Whistle,False,0,4,,tvk,TVK,,,₹8.58 Cr,Balasubramani G,92499,8th Grade
Male,137,41,Lady finger,False,0,5,,others,GPI,,,₹1.09 L,P.Murugan,92500,Bachelor's Degree
Male,137,37,Bread,False,0,6,,independent,IND,,,₹2.11 L,M.Arunkumar,92501,Bachelor's Degree
Male,137,32,Bucket,False,0,7,,independent,IND,,,₹4.90 L,R.Arunkumar,92502,5th Grade
Male,137,43,Belt,False,0,8,,independent,IND,,,₹42.08 L,S.Imrankhan,92503,Bachelor's Degree
Male,137,44,Camera,False,0,9,,independent,IND,,,"₹40,000",O.Kathalingam,92504,Bachelor's Degree
Female,137,27,Brief case,False,0,10,,independent,IND,,,₹2.31 L,M.Gayathiri,92505,Bachelor's Degree
Male,137,53,Bangles,False,0,11,,independent,IND,,,₹3.09 L,B.Kajaa Mohideen,92506,Bachelor's Degree
Male,137,45,Gas cylinder,False,0,12,,independent,IND,,,₹9.92 L,Chandrasekar.P,92507,Bachelor's Degree
Male,137,26,Black board,False,0,13,,independent,IND,,,₹8.10 L,J.Santhosh Kumar,92508,Bachelor's Degree
Male,137,39,Bead necklace,False,0,14,,independent,IND,,,₹6.45 L,B.Sampathkumar,92509,Bachelor's Degree
Male,137,40,Baby walker,False,0,15,,independent,IND,,,₹5.27 L,D.Saravanan,92510,Bachelor's Degree
Male,137,63,Box,False,0,16,,independent,IND,,,"₹61,842",V.Chinnasamy,92511,Master's Degree
Male,137,46,Batsman,False,0,17,,independent,IND,,,₹32.35 L,S.Senthil Kumar,92512,Bachelor's Degree
Male,137,40,Almirah,False,0,18,,independent,IND,,,₹8.16 L,P.Selvakumar,92513,Bachelor's Degree
Male,137,70,Helmet,False,0,19,,independent,IND,,,₹nan,T.Selvaraj,92514,10th Grade (SSLC)
Male,137,44,Boat with man and sail,False,0,20,,independent,IND,,,₹9.65 L,K.Sheik Anwardeen,92515,Bachelor's Degree
Male,137,49,Biscuit,False,0,21,,independent,IND,,,₹16.28 L,M.Tamilselvan,92516,Bachelor's Degree
Male,137,32,Bench,False,0,22,,independent,IND,,,₹10.56 L,J.Prathap,92517,Diploma / ITI
Male,137,50,Cake,False,0,23,,independent,IND,,,₹9.37 L,M.Mayilvaganan,92518,Not Specified
Male,137,35,Air conditioner,False,0,24,,independent,IND,,,₹7.22 L,J.Madhavan,92519,Bachelor's Degree
Male,137,42,Television,False,0,25,,independent,IND,,,₹7.76 L,T.Murugantham,92520,Bachelor's Degree
Male,137,36,Bat,False,0,26,,independent,IND,,,₹22.39 L,N.Ramakrishnan,92521,Diploma / ITI
Male,137,34,Brush,False,0,27,,independent,IND,,,₹2.31 L,M.Vadivelan,92522,Bachelor's Degree
Male,137,48,Bicycle pump,False,0,28,,independent,IND,,,₹7.97 L,K.Veeramalai,92523,Bachelor's Degree
Male,137,36,Balloon,False,0,29,,independent,IND,,,₹1.05 L,K.Hakkim,92524,Bachelor's Degree
Male,138,57,Rising sun,False,0,1,,spa,DMK,,,₹5.50 L,P.Abdul Samed,92525,10th Grade (SSLC)
Male,138,36,Farmer Carrying Plough,False,0,2,,ntk,NTK,,,₹10.21 L,M.Arunagiri,92526,Bachelor's Degree
Male,138,48,Two leaves,False,0,3,,nda,AIADMK,,,₹9.59 Cr,Dr. Pl. Vijayakumar,92527,Not Specified
Male,138,47,Walking stick,False,0,4,,others,SMNK,,,₹95.93 L,Arockiaraj .A,92528,8th Grade
Male,138,33,Whistle,False,0,5,,tvk,TVK,,,₹50.37 L,R.Kathiravan,92529,Bachelor's Degree
Female,138,35,Gas cylinder,False,0,6,,others,PT,,,₹33.70 L,P.Meena,92530,8th Grade
Male,138,29,Camera,False,0,7,,others,TAVK,,,₹2.70 L,Rajavarman .R,92531,10th Grade (SSLC)
Male,138,56,Water melon,False,0,8,,independent,IND,,,"₹76,846",A.Raman,92532,10th Grade (SSLC)
Male,138,39,Ship,False,0,9,,independent,IND,,,₹32.00 L,Kathiravan .M,92533,Not Specified
Male,138,31,Diamond,False,0,10,,independent,IND,,,₹10.52 L,M.Karuppan,92534,10th Grade (SSLC)
Male,138,61,Bucket,False,0,11,,independent,IND,,,"₹5,000",Kuttaian,92535,Not Specified
Male,138,67,Television,False,0,12,,independent,IND,,,₹1.00 L,Sarphudin,92536,Primary (Up to 4th)
Male,138,51,Cake,False,0,13,,independent,IND,,,₹49.80 L,P.Chinnan,92537,5th Grade
Male,138,41,Gift pack,False,0,14,,independent,IND,,,₹10.42 L,A.Senthil Kumar,92538,10th Grade (SSLC)
Female,138,53,Matchbox,False,0,15,,independent,IND,,,₹1.05 L,Periyakka,92539,5th Grade
Male,138,27,Tennis racket & ball,False,0,16,,independent,IND,,,₹9.13 L,Rajesh .M,92540,Bachelor's Degree
Male,138,42,Balloon,False,0,17,,independent,IND,,,"₹5,000",P.Vijayakumar,92541,10th Grade (SSLC)
Male,138,63,Scissors,False,0,18,,independent,IND,,,"₹6,000",M.Vijaya Kumar,92542,10th Grade (SSLC)
Male,139,60,Elephant,False,0,1,,others,BSP,,,₹23.56 L,Allimuthu.M,92543,12th Grade (HSC / +2)
Male,139,25,Farmer Carrying Plough,False,0,2,,ntk,NTK,,,₹10.16 L,Dharmaraj. M,92544,Master's Degree
Male,139,49,Rising sun,False,0,3,,spa,DMK,,,₹82.91 L,S.Durairaj,92545,Master's Degree
Male,139,70,Two leaves,False,0,4,,nda,AIADMK,,,₹2.86 Cr,R.Manoharan,92546,Bachelor's Degree
Male,139,59,Walking stick,False,0,5,,others,SMNK,,,₹2.41 L,Kamaraj.K,92547,10th Grade (SSLC)
Male,139,48,Bicycle pump,False,0,6,,others,AIMMK,,,₹1.11 L,Kumar. P,92548,Not Specified
Male,139,47,Jackfruit,False,0,7,,others,APTADMK,,,₹36.00 L,K.Sakthivel,92549,12th Grade (HSC / +2)
Male,139,36,Gas cylinder,False,0,8,,others,PT,,,"₹51,000",Newton.A,92550,Bachelor's Degree
Male,139,43,Camera,False,0,9,,others,TAVK,,,₹3.62 L,Murali .N,92551,8th Grade
Male,139,31,Whistle,False,0,10,,tvk,TVK,,,₹24.17 L,Ramesh,92552,Bachelor's Degree
Male,139,43,Coconut farm,False,0,11,,ajpk,AIPTMMK,,,₹15.60 L,Vijay .A,92553,Bachelor's Degree
Male,139,55,CCTV Camera,False,0,12,,independent,IND,,,₹20.59 L,Anbarasan.M,92554,Bachelor's Degree
Male,139,31,Gas Stove,False,0,13,,independent,IND,,,₹1.62 L,Karthick.S,92555,Diploma / ITI
Male,139,33,Batsman,False,0,14,,independent,IND,,,₹1.36 L,Krishnakumar.A,92556,Diploma / ITI
Male,139,32,Diamond,False,0,15,,independent,IND,,,₹3.25 L,Shashi Kiran .K .N,92557,Master's Degree
Male,139,45,Cauliflower,False,0,16,,independent,IND,,,₹7.41 L,S.Durairaj,92558,Bachelor's Degree
Male,139,55,Box,False,0,17,,independent,IND,,,₹1.37 L,Paramasivam,92559,6th Grade
Male,139,51,Pen stand,False,0,18,,independent,IND,,,"₹11,000",Mohamed Musthafa. M,92560,Primary (Up to 4th)
Male,139,50,Air conditioner,False,0,19,,independent,IND,,,₹1.36 L,Muthukumar.P,92561,Bachelor's Degree
Male,139,46,Clip,False,0,20,,independent,IND,,,₹6.01 L,Ramesh.R,92562,10th Grade (SSLC)
Male,139,60,Belt,False,0,21,,independent,IND,,,₹7.53 L,Ravichandiran.N,92563,9th Grade
Male,140,41,Elephant,False,0,1,,others,BSP,,,₹1.35 L,Chinnaiyan Poosari,92564,8th Grade
Male,140,73,Rising sun,False,0,2,,spa,DMK,,,₹nan,K.N.Nehru,92565,12th Grade (HSC / +2)
Female,140,40,Farmer Carrying Plough,False,0,3,,ntk,NTK,,,"₹99,000",K.Bhuvaneswari,92566,Bachelor's Degree
Male,140,66,Pressure cooker,False,0,4,,nda,AMMK,,,₹2.05 Cr,M.Rajasekaran,92567,Master's Degree
Male,140,46,Camera,False,0,5,,others,TAVK,,,₹2.53 Cr,R.Prabu,92568,Bachelor's Degree
Male,140,70,Whistle,False,0,6,,tvk,TVK,,,₹1.01 Cr,G.Ramamoorthi,92569,Not Specified
Male,140,69,Walking stick,False,0,7,,others,SMNK,,,₹3.01 L,A.Veeramani,92570,10th Grade (SSLC)
Male,140,46,Matchbox,False,0,8,,independent,IND,,,"₹65,000",M.Kalaimani,92571,10th Grade (SSLC)
Male,140,66,Flute,False,0,9,,independent,IND,,,₹nan,M.Chandrasekaran,92572,Bachelor's Degree
Male,140,59,Battery Torch,False,0,10,,independent,IND,,,"₹23,137",Sampath,92573,10th Grade (SSLC)
Male,140,36,Gas cylinder,False,0,11,,independent,IND,,,₹nan,Sundarapandiyaraja,92574,Not Specified
Male,140,70,Coconut farm,False,0,12,,independent,IND,,,"₹11,000",P.Rajendran,92575,10th Grade (SSLC)
Male,140,62,Almirah,False,0,13,,independent,IND,,,"₹50,000",A.Vasudevan,92576,Master's Degree
Male,140,49,Diamond,False,0,14,,independent,IND,,,₹1.41 Cr,Jeevanantham.M,92577,Master's Degree
Male,141,60,Elephant,False,0,1,,others,BSP,,,"₹26,000",R.Elangovan,92578,10th Grade (SSLC)
Male,141,53,Rising sun,False,0,2,,spa,DMK,,,₹11.05 Cr,S.Inigo Irudayaraj,92579,Doctorate (Ph.D / MD)
Male,141,38,Farmer Carrying Plough,False,0,3,,ntk,NTK,,,₹4.20 Cr,Dr.Krishnasamy .V,92580,Not Specified
Male,141,53,Two leaves,False,0,4,,nda,AIADMK,,,₹43.48 Cr,G.Rajasekaran,92581,Bachelor's Degree
Male,141,37,Ship,False,0,5,,others,NMSP,,,₹14.38 L,Anand Selvaraj,92582,Diploma / ITI
Male,141,46,Gas cylinder,False,0,6,,others,PT,,,"₹51,000",N.Gobinath,92583,Bachelor's Degree
Male,141,63,Drill machine,False,0,7,,others,TPMK,,,"₹10,000",Sukumar .S,92584,10th Grade (SSLC)
Male,141,30,Coconut farm,False,0,8,,ajpk,AIPTMMK,,,₹4.02 Cr,C.Nanda Kumar,92585,Master's Degree
Male,141,61,Walking stick,False,0,9,,others,SMNK,,,₹2.42 L,R.Muthukumar,92586,9th Grade
Male,141,42,Camera,False,0,10,,others,TAVK,,,₹7.95 L,Royal Raja,92587,Bachelor's Degree
Male,141,46,Trumpet,False,0,11,,others,AIJMK,,,₹1.13 L,Vijay .K,92588,Bachelor's Degree
Male,141,73,Chappals,False,0,12,,others,VVP,,,₹4.60 Cr,Vijaia Mohanaaji .Ma,92589,Bachelor's Degree
Male,141,51,Whistle,False,0,13,,tvk,TVK,,,₹602.91 Cr,C.Joseph Vijay,92590,Bachelor's Degree
Male,141,47,Ring,False,0,14,,independent,IND,,,"₹15,000",T.Gangai Ulaganathan,92591,10th Grade (SSLC)
Male,141,31,Mike,False,0,15,,independent,IND,,,₹7.11 L,Kannan .S,92592,12th Grade (HSC / +2)
Male,141,49,Plate stand,False,0,16,,independent,IND,,,₹14.55 L,P.Charles Sagayaraj,92593,Master's Degree
Male,141,37,Diamond,False,0,17,,independent,IND,,,₹8.31 L,G.Sebastian Anand,92594,Bachelor's Degree
Male,141,59,Scissors,False,0,18,,independent,IND,,,₹3.75 L,S.Panneer Selvam,92595,6th Grade
Male,141,62,Matchbox,False,0,19,,independent,IND,,,₹18.51 L,J.Robert Christy,92596,10th Grade (SSLC)
Male,141,70,Bat,False,0,20,,independent,IND,,,"₹11,000",P.Rajendran,92597,10th Grade (SSLC)
Male,142,48,Rising sun,True,0,1,,spa,DMK,,,₹5.05 Cr,Anbil Mahesh Poyyamozhi,92598,Not Specified
Male,142,62,Two leaves,False,0,2,,nda,AIADMK,,,₹39.03 L,Kumar. P,92599,Diploma / ITI
Male,142,46,Farmer Carrying Plough,False,0,3,,ntk,NTK,,,₹33.88 L,Rajessh. T,92600,Bachelor's Degree
Female,142,31,Elephant,False,0,4,,others,BSP,,,₹1.35 L,Visithra. S,92601,Bachelor's Degree
Male,142,51,Drill machine,False,0,5,,others,TPMK,,,₹33.15 L,Kumaravel. T,92602,10th Grade (SSLC)
Male,142,52,Gas cylinder,False,0,6,,others,PT,,,₹8.77 L,Pitchaimuthu. A,92603,Master's Degree
Male,142,39,Camera,False,0,7,,others,TAVK,,,"₹15,600",Ranjith. S,92604,Diploma / ITI
Male,142,56,Whistle,False,0,8,,tvk,TVK,,,"₹71,000",Vijayakumar (A) Navalpattu S.Viji,92605,10th Grade (SSLC)
Male,142,53,Walking stick,False,0,9,,others,SMNK,,,₹16.57 L,Joseph. L,92606,5th Grade
Male,142,66,Bucket,False,0,10,,independent,IND,,,"₹20,000",Yesuraj. I,92607,Not Specified
Male,142,74,Box,False,0,11,,independent,IND,,,"₹51,200",Kumar. K,92608,10th Grade (SSLC)
Male,142,62,Air conditioner,False,0,12,,independent,IND,,,₹39.03 L,Kumar. P,92609,Diploma / ITI
Male,142,71,Gramophone,False,0,13,,independent,IND,,,₹2.40 L,Charles. S,92610,12th Grade (HSC / +2)
Female,142,43,Battery Torch,False,0,14,,independent,IND,,,₹6.55 L,Subbulakshmi. R,92611,Diploma / ITI
Male,142,44,Throwing a javelin,False,0,15,,independent,IND,,,₹29.54 L,Deepak. P,92612,Doctorate (Ph.D / MD)
Male,142,49,Ship,False,0,16,,independent,IND,,,₹63.25 L,Poulosh. D,92613,Diploma / ITI
Male,142,46,Scissors,False,0,17,,independent,IND,,,₹1.16 Cr,Muruganantham. G,92614,Bachelor's Degree
Male,142,52,Telephone,False,0,18,,independent,IND,,,₹1.52 L,Dr. Mohana Chelvan. P,92615,Not Specified
Male,142,69,Matchbox,False,0,19,,independent,IND,,,₹18.98 L,Ramachandran. V,92616,5th Grade
Male,142,48,Table,False,0,20,,independent,IND,,,₹5.21 L,Vincentraj. A,92617,10th Grade (SSLC)
Male,142,45,Bricks,False,0,21,,independent,IND,,,₹7.09 L,Vijayakumar. C,92618,Bachelor's Degree
Male,142,64,Road roller,False,0,22,,independent,IND,,,₹1.03 Cr,Vijayakumar. N,92619,Not Specified
Male,142,28,Diamond,False,0,23,,independent,IND,,,₹4.67 L,Vetrivel Kanna. P,92620,Diploma / ITI
Male,142,55,Room cooler,False,0,24,,independent,IND,,,₹20.29 L,Jayachandran. P,92621,10th Grade (SSLC)
Male,142,54,Computer mouse,False,0,25,,independent,IND,,,"₹26,000",Shajagan. A,91852,6th Grade
Male,142,29,Dish antenna,False,0,26,,independent,IND,,,"₹25,800",Habeeb Rahaman. H,92623,Diploma / ITI
Male,143,50,Rising sun,False,0,1,,spa,DMK,,,₹nan,T.Parivallal,92624,12th Grade (HSC / +2)
Female,143,44,Elephant,False,0,2,,others,BSP,,,₹5.67 L,Pratheeba,92625,Diploma / ITI
Male,143,30,Farmer Carrying Plough,False,0,3,,ntk,NTK,,,₹2.07 Cr,N.Madhan,92626,Bachelor's Degree
Female,143,58,Two leaves,False,0,4,,nda,AIADMK,,,₹1049.57 Cr,Leemarose Martin,92627,10th Grade (SSLC)
Female,143,49,Air conditioner,False,0,5,,others,SMNK,,,₹3.45 L,K.Immaculate Mary,92628,10th Grade (SSLC)
Male,143,43,Gas cylinder,False,0,6,,others,PT,,,₹6.12 L,P.Elanchezhiyan,92629,Bachelor's Degree
Male,143,59,Electric pole,False,0,7,,others,TAMNK,,,₹15.16 L,E.Yesudoss,92630,Diploma / ITI
Male,143,76,Whistle,False,0,8,,tvk,TVK,,,₹4.93 Cr,Ku Pa Krishnan,92631,Bachelor's Degree
Male,143,49,Camera,False,0,9,,others,TAVK,,,"₹51,500",P.Saravanan,92632,10th Grade (SSLC)
Female,143,50,Coconut farm,False,0,10,,ajpk,AIPTMMK,,,₹4.08 L,Josephin,92633,10th Grade (SSLC)
Male,143,76,Tooth paste,False,0,11,,independent,IND,,,₹1.83 L,A.Amalan Savarimuthu,92634,Not Specified
Male,143,56,Letter box,False,0,12,,independent,IND,,,₹6.85 L,M.Krishnan,92635,10th Grade (SSLC)
Male,143,47,Gramophone,False,0,13,,independent,IND,,,"₹13,500",K.Senthilkumar,92636,9th Grade
Male,143,53,Gas Stove,False,0,14,,independent,IND,,,₹8.72 L,R.Tamilarasan,92637,10th Grade (SSLC)
Male,143,54,Iron,False,0,15,,independent,IND,,,₹3.90 L,K.Dharmaraj,92638,8th Grade
Male,143,42,T.V.Remote,False,0,16,,independent,IND,,,₹50.70 L,Dhanamoorthy .R,92639,9th Grade
Male,143,36,Batsman,False,0,17,,independent,IND,,,₹21.10 L,R.Dineshkumar,92640,Bachelor's Degree
Female,143,36,Pen nib with seven rays,False,0,18,,independent,IND,,,₹13.30 L,R.Ponsilambu,92641,Master's Degree
Male,143,63,Truck,False,0,19,,independent,IND,,,₹9.13 L,Mansoor Alikhan,92642,10th Grade (SSLC)
Male,143,75,Water tank,False,0,20,,independent,IND,,,₹19.74 L,V.Muthusamy,92643,10th Grade (SSLC)
Male,143,53,Gift pack,False,0,21,,independent,IND,,,"₹18,500",Mohamed Abubakkar Siddiq,92644,8th Grade
Male,143,39,Diamond,False,0,22,,independent,IND,,,₹6.60 L,M.Rameshkumar,92645,9th Grade
Male,143,50,Pressure cooker,False,0,23,,independent,IND,,,₹2.72 Cr,Jinnah Jakeer Hussain,92646,Bachelor's Degree
Male,143,47,Scissors,False,0,24,,independent,IND,,,₹nan,A.Jegan Salamondoss,92647,8th Grade
Male,144,51,Rising sun,False,0,1,,spa,DMK,,,₹40.69 Cr,Kathiravan. S,92648,Bachelor's Degree
Female,144,31,Farmer Carrying Plough,False,0,2,,ntk,NTK,,,₹3.26 L,Thenmozhi. R,92649,Master's Degree
Male,144,44,Two leaves,False,0,3,,nda,AIADMK,,,₹14.62 Cr,R.V.Bharathan,92650,Bachelor's Degree
Male,144,60,Elephant,False,0,4,,others,BSP,,,"₹31,000",Balakrishnan (A) Amoor Balu,92651,12th Grade (HSC / +2)
Male,144,42,Whistle,False,0,5,,tvk,TVK,,,₹1.38 Cr,V.Saravanan,92652,10th Grade (SSLC)
Male,144,47,Bucket,False,0,6,,others,SMNK,,,"₹13,500",K.Senthilkumar,92653,9th Grade
Male,144,46,Gas cylinder,False,0,7,,others,PT,,,"₹51,000",Balu. M,92654,10th Grade (SSLC)
Female,144,42,Balloon,False,0,8,,others,AIMMK,,,₹1.48 L,Revathi. S,92655,10th Grade (SSLC)
Male,144,57,Camera,False,0,9,,others,TAVK,,,₹12.91 L,Veeraiya. C,92656,12th Grade (HSC / +2)
Male,144,47,Computer,False,0,10,,independent,IND,,,₹57.80 L,Karthikeyan. P,92657,Bachelor's Degree
Male,144,54,Calculator,False,0,11,,independent,IND,,,₹3.02 L,Gopalakrishnan. V,92658,Master's Degree
Male,144,52,Ship,False,0,12,,independent,IND,,,₹7.18 L,Shanmugam. V.T,92659,Bachelor's Degree
Male,144,47,Box,False,0,13,,independent,IND,,,"₹13,500",Satheeskumar. K,92660,9th Grade
Male,144,38,Matchbox,False,0,14,,independent,IND,,,"₹25,971",Saravanakumar. S,92661,10th Grade (SSLC)
Male,144,40,Chess board,False,0,15,,independent,IND,,,₹3.45 L,Divesh. S,92662,Not Specified
Male,144,39,Pestle and mortar,False,0,16,,independent,IND,,,₹4.60 L,Nagarajan. V,92663,Bachelor's Degree
Male,144,48,Bat,False,0,17,,independent,IND,,,"₹71,496",Ramesh Kumar. G,92664,Bachelor's Degree
Male,144,36,Diamond,False,0,18,,independent,IND,,,"₹7,000",Radhakrishnan. S,92665,9th Grade
Male,144,39,Scissors,False,0,19,,independent,IND,,,₹nan,Ramprasad. N,92666,Not Specified
Male,144,54,Battery Torch,False,0,20,,independent,IND,,,₹2.60 Cr,Rajasehar. R,92667,Master's Degree
Male,144,53,Cake,False,0,21,,independent,IND,,,₹43.70 L,Raju. V,92668,Master's Degree
Male,144,51,Jackfruit,False,0,22,,independent,IND,,,₹23.10 L,Jayaraman. M,92669,Bachelor's Degree
Male,145,51,Rising sun,False,0,1,,spa,DMK,,,₹1.26 Cr,N.S.Karunairaaja,92670,Bachelor's Degree
Female,145,37,Farmer Carrying Plough,False,0,2,,ntk,NTK,,,₹10.28 L,G.Bakiyalakshmi,92671,Bachelor's Degree
Male,145,56,Two leaves,False,0,3,,nda,AIADMK,,,₹1.32 Cr,N.Yoganathan,94019,8th Grade
Male,145,52,Gas cylinder,False,0,4,,others,PT,,,₹2.72 L,M.Chinnaiyan,92673,10th Grade (SSLC)
Female,145,35,Ship,False,0,5,,others,RSD (R),,,₹10.25 L,K.Dhivya,92674,9th Grade
Male,145,42,Camera,False,0,6,,others,TAVK,,,"₹10,000",C.Palanisamy,92675,Bachelor's Degree
Male,145,37,Walking stick,False,0,7,,others,SMNK,,,₹2.61 L,Malarmannan.M,92676,12th Grade (HSC / +2)
Male,145,34,Whistle,False,0,8,,tvk,TVK,,,₹70.00 L,M.Vignesh,92677,12th Grade (HSC / +2)
Male,145,42,Jackfruit,False,0,9,,others,ACDP,,,₹5.86 L,S.Venkateshwaran,92678,10th Grade (SSLC)
Male,145,53,Pestle and mortar,False,0,10,,independent,IND,,,₹3.50 L,Senthilkumar,92679,6th Grade
Male,145,32,Helmet,False,0,11,,independent,IND,,,₹5.63 L,P.Loganathan M.Sc.M.Phil,92680,Master's Degree
Female,146,34,Farmer Carrying Plough,False,0,1,,ntk,NTK,,,₹nan,S Kowsalya,92681,Not Specified
Female,146,51,Two leaves,False,0,2,,nda,AIADMK,,,₹2.80 Cr,E.Saroja,92682,9th Grade
Male,146,71,Elephant,False,0,3,,others,BSP,,,"₹12,000",P.Srinivasan,92683,Not Specified
Male,146,37,Hand,False,0,4,,spa,INC,,,₹7.11 L,M.Lenin Prasath,92684,Bachelor's Degree
Male,146,42,Camera,False,0,5,,others,TAVK,,,"₹46,500",Gnanavettiyan Sivaperumal .K,92685,Bachelor's Degree
Male,146,41,Whistle,False,0,6,,tvk,TVK,,,₹5.00 L,Ravisankar.M,92686,Not Specified
Male,146,38,Gas cylinder,False,0,7,,others,PT,,,₹1.00 L,T.Rajamanickam,93959,10th Grade (SSLC)
Female,146,45,Scissors,False,0,8,,independent,IND,,,₹6.64 L,E.Saroja,92688,8th Grade
Female,146,65,Sofa,False,0,9,,independent,IND,,,₹1.18 L,K.Saroja,92689,8th Grade
Female,146,54,Water melon,False,0,10,,independent,IND,,,₹34.43 L,P.Saroja,92690,Master's Degree
Male,146,50,Diamond,False,0,11,,independent,IND,,,"₹25,000",K.Selvam,92691,Not Specified
Male,146,51,Matchbox,False,0,12,,independent,IND,,,₹6.07 Cr,Selvam .G,92692,Master's Degree
Male,146,44,Ring,False,0,13,,independent,IND,,,"₹56,000",G.Dhineshkumar,92693,Bachelor's Degree
Male,146,65,Battery Torch,False,0,14,,independent,IND,,,₹5.10 L,N.Muthazhagu,92694,6th Grade
Male,146,59,Television,False,0,15,,independent,IND,,,₹14.00 L,M.Ravichandran,92695,10th Grade (SSLC)
Male,147,40,Elephant,False,0,1,,others,BSP,,,₹6.92 L,Arivazhagan. D,92696,12th Grade (HSC / +2)
Female,147,37,Farmer Carrying Plough,False,0,2,,ntk,NTK,,,₹8.08 L,Suganya. J,92697,Bachelor's Degree
Male,147,52,Two leaves,False,0,3,,nda,AIADMK,,,₹90.86 L,Thamizhselvan. R,92698,Bachelor's Degree
Female,147,49,Rising sun,False,0,4,,spa,DMK,,,₹16.25 Cr,Dr. Jayalakshmi. S.T,92699,Bachelor's Degree
Male,147,48,Whistle,False,0,5,,tvk,TVK,,,₹1.16 L,Sivakumar. K,92700,12th Grade (HSC / +2)
Male,147,43,Camera,False,0,6,,others,TAVK,,,₹8.15 L,Dhamodharan. S,92701,Master's Degree
Male,147,47,Coconut farm,False,0,7,,independent,IND,,,₹7.54 L,Anandajothi Paramasivam,92702,10th Grade (SSLC)
Male,147,39,Chappals,False,0,8,,independent,IND,,,₹4.03 L,Chandrakumar. P,92703,Bachelor's Degree
Female,147,42,Gas cylinder,False,0,9,,independent,IND,,,₹4.91 L,Shiyamala. M,92704,Master's Degree
Male,147,37,Diamond,False,0,10,,independent,IND,,,₹2.85 L,Subramanian. R,92705,9th Grade
Male,147,41,Ship,False,0,11,,independent,IND,,,₹3.28 L,Jayachandran. B,92706,Master's Degree
Male,148,26,Farmer Carrying Plough,False,0,1,,ntk,NTK,,,₹4.62 L,Keerthivasan. R,92707,Bachelor's Degree
Female,148,36,Two leaves,False,0,2,,nda,AIADMK,,,₹2.09 Cr,Saranya. A,92708,Master's Degree
Male,148,56,Rising sun,False,0,3,,spa,DMK,,,₹6.36 Cr,Sivasankar. S.S,92709,Bachelor's Degree
Male,148,42,Elephant,False,0,4,,others,BSP,,,"₹6,500",Nallusamy. K.M,92710,12th Grade (HSC / +2)
Male,148,34,Matchbox,False,0,5,,others,TPK,,,₹1.56 L,Anbuthamizhan. T,92711,Bachelor's Degree
Male,148,55,Camera,False,0,6,,others,TAVK,,,"₹12,200",Raja. S.P,92712,12th Grade (HSC / +2)
Male,148,49,Pen nib with seven rays,False,0,7,,others,NMK,,,"₹12,000",Elangovan. K,92475,9th Grade
Female,148,42,Whistle,False,0,8,,tvk,TVK,,,₹1.46 Cr,Revathi Muthamilselvan,92714,Bachelor's Degree
Male,148,37,Ring,False,0,9,,independent,IND,,,₹1.42 L,Udhayasuriyan. T,92715,12th Grade (HSC / +2)
Male,148,55,Electric pole,False,0,10,,independent,IND,,,₹2.76 L,Kathiravan. A.C,92716,Bachelor's Degree
Male,148,37,Battery Torch,False,0,11,,independent,IND,,,₹7.33 L,Chandrasekar. P,92717,Master's Degree
Male,148,74,Sitar,False,0,12,,independent,IND,,,₹3.90 L,Saminathan. C,92718,Not Specified
Male,148,47,Gas cylinder,False,0,13,,independent,IND,,,₹nan,Sivasankaran. P,92719,Bachelor's Degree
Male,148,38,Rubber stamp,False,0,14,,independent,IND,,,₹69.54 L,Thanasekar. R,92720,Diploma / ITI
Male,148,54,Diamond,False,0,15,,independent,IND,,,₹1.77 L,Nallathambi. P,92721,12th Grade (HSC / +2)
Male,148,41,Dumbbells,False,0,16,,independent,IND,,,₹2.11 L,Muthamilselvan. D,92722,10th Grade (SSLC)
Male,148,36,Mike,False,0,17,,independent,IND,,,₹7.37 L,Vivek. T,92723,12th Grade (HSC / +2)
Male,148,33,Trumpet,False,0,18,,independent,IND,,,₹1.73 L,Vinothkumar. M,92724,Not Specified
Male,148,41,Dish antenna,False,0,19,,independent,IND,,,₹45.50 L,Shajahan,92725,7th Grade
Male,149,26,Farmer Carrying Plough,False,0,1,,ntk,NTK,,,₹1.86 L,Pugazhendhi D,92726,Diploma / ITI
Male,149,66,Two leaves,False,0,2,,nda,AIADMK,,,₹1.43 Cr,Rajendran S,92727,9th Grade
Female,149,49,Rising sun,False,0,3,,spa,DMK,,,₹nan,Latha Balu,92728,Master's Degree
Male,149,36,Elephant,False,0,4,,others,BSP,,,₹1.40 Cr,Stalin V,92729,Bachelor's Degree
Male,149,48,Pen nib with seven rays,False,0,5,,others,NMK,,,₹1.05 Cr,Thanga. Shanmuga Sundaram,92713,Bachelor's Degree
Male,149,48,Whistle,False,0,6,,tvk,TVK,,,₹39.68 L,Sivakumar M,92731,Bachelor's Degree
Male,149,42,Camera,False,0,7,,others,TAVK,,,₹69.11 L,Sudhakar M,92732,10th Grade (SSLC)
Male,149,50,Coconut farm,False,0,8,,ajpk,AIPTMMK,,,₹8.00 L,Rajkumar S,92733,Not Specified
Male,149,35,Tongs,False,0,9,,independent,IND,,,₹6.51 L,Elaiyaraja C,92734,Bachelor's Degree
Male,149,43,Ladder,False,0,10,,independent,IND,,,₹7.34 L,Krishnamoorthy C,92735,Not Specified
Male,149,40,Safety pin,False,0,11,,independent,IND,,,"₹25,650",Kumar K,92736,Not Specified
Male,149,51,Gas cylinder,False,0,12,,independent,IND,,,₹9.33 L,Semmalai T,92737,10th Grade (SSLC)
Male,149,53,Electric pole,False,0,13,,independent,IND,,,₹1.11 Cr,Rajkumar K,92738,Bachelor's Degree
Male,149,48,Bench,False,0,14,,independent,IND,,,₹5.02 L,Vetrivel G,92739,Bachelor's Degree
Male,149,42,Diamond,False,0,15,,independent,IND,,,₹5.00 L,Jothibasu K,92740,Doctorate (Ph.D / MD)
Male,150,47,Rising sun,True,0,1,,spa,DMK,,,₹9.74 Cr,Kannan Ka.So.Ka,92741,Master's Degree
Male,150,53,Elephant,False,0,2,,others,BSP,,,₹6.23 L,Chinnadurai S,92742,12th Grade (HSC / +2)
Female,150,37,Farmer Carrying Plough,False,0,3,,ntk,NTK,,,₹2.82 L,Revathi K,92743,Master's Degree
Male,150,66,Balloon,False,0,4,,others,DMSK,,,₹18.55 L,Azhagesan V.R,92744,Master's Degree
Male,150,59,Pen nib with seven rays,False,0,5,,others,NMK,,,"₹14,300",Ravanan M,92730,Diploma / ITI
Male,150,65,Whistle,False,0,6,,tvk,TVK,,,₹29.03 L,Kavitha Rajendran G,92746,10th Grade (SSLC)
Male,150,42,Ring,False,0,7,,others,RSD (R),,,₹1.01 L,Sankar M,92747,5th Grade
Male,150,35,Camera,False,0,8,,others,TAVK,,,₹13.87 L,Pagutharivalan A,92748,Bachelor's Degree
Male,150,54,Gas cylinder,False,0,9,,ajpk,AJPK,,,₹27.85 L,Ravisankar N,92749,12th Grade (HSC / +2)
Male,150,52,Mango,False,0,10,,nda,PMK,,,₹1.83 Cr,Vaithilingam G,92750,12th Grade (HSC / +2)
Male,150,66,Water melon,False,0,11,,others,VTNMK,,,₹89.64 L,Jayabalan G,92751,Bachelor's Degree
Male,150,56,Jackfruit,False,0,12,,independent,IND,,,₹1.25 L,Anandhakumar R,92752,Diploma / ITI
Male,150,30,Cauliflower,False,0,13,,independent,IND,,,₹nan,Isac Newtan J,92753,Diploma / ITI
Male,150,39,Road roller,True,0,14,,independent,IND,,,"₹12,000",Kannan K,92754,Bachelor's Degree
Male,150,53,Bat,False,0,15,,independent,IND,,,"₹3,000",Gurunathan N,92755,Not Specified
Male,150,45,Capsicum,False,0,16,,independent,IND,,,₹1.92 L,Chanthirasekar S,92756,Not Specified
Male,150,36,Matchbox,False,0,17,,independent,IND,,,₹45.78 L,Vinothsavariremijeas C,92757,10th Grade (SSLC)
Male,150,59,Stumps,False,0,18,,independent,IND,,,₹5.66 L,Venkatajalapathi R,92758,8th Grade
Male,150,40,Bucket,False,0,19,,independent,IND,,,₹21.53 L,Vezhaventhan D,92759,Doctorate (Ph.D / MD)
Male,151,59,Elephant,False,0,1,,others,BSP,,,₹8.00 L,Ravichandran K.P,92760,Primary (Up to 4th)
Male,151,67,Rising sun,False,0,2,,spa,DMK,,,₹59.95 L,Ganesan C.V,92761,Master's Degree
Female,151,27,Farmer Carrying Plough,False,0,3,,ntk,NTK,,,₹3.19 L,Mahalakshmi V,92762,Bachelor's Degree
Male,151,54,Two leaves,False,0,4,,nda,AIADMK,,,₹3.14 Cr,Murugumaran N,92763,Bachelor's Degree
Female,151,31,Gas cylinder,False,0,5,,ajpk,AJPK,,,₹1.12 Cr,Sathya M,92764,Bachelor's Degree
Male,151,56,Coconut farm,False,0,6,,ajpk,AIPTMMK,,,₹2.79 Cr,Palanivel R,92765,Not Specified
Male,151,46,Whistle,False,0,7,,tvk,TVK,,,₹8.49 L,Rajasekar A,92766,10th Grade (SSLC)
Male,151,35,Gift pack,False,0,8,,others,BDP,,,"₹10,000",Jayaraman N,92767,8th Grade
Female,151,47,Camera,False,0,9,,others,TAVK,,,₹5.01 L,Jaya K,92768,10th Grade (SSLC)
Male,151,41,CCTV Camera,False,0,10,,independent,IND,,,₹5.26 L,Silambarasan J,92769,Not Specified
Male,151,54,Water melon,False,0,11,,independent,IND,,,"₹25,000",Padmanathan V,92770,Bachelor's Degree
Male,151,39,Jackfruit,False,0,12,,independent,IND,,,₹3.82 L,Perinbam D,92771,12th Grade (HSC / +2)
Male,151,51,Peas,False,0,13,,independent,IND,,,₹23.03 L,Murugan A,92772,12th Grade (HSC / +2)
Male,151,31,Mike,False,0,14,,independent,IND,,,₹2.87 L,Velmurugan G,92773,Bachelor's Degree
Female,152,37,Farmer Carrying Plough,False,0,1,,ntk,NTK,,,₹nan,Ananthi Dhandapani,92774,Bachelor's Degree
Male,152,68,Elephant,False,0,2,,others,BSP,,,₹5.56 L,Sivaprakasam.V,92775,9th Grade
Female,152,60,Nagara,False,0,3,,spa,DMDK,,,₹nan,Premallatha Vijayakant,92776,Bachelor's Degree
Male,152,50,Camera,False,0,4,,others,TAVK,,,₹35.45 L,Arivazhagan.E.N,92777,Diploma / ITI
Male,152,56,Jackfruit,False,0,5,,others,ACDP,,,₹69.13 L,Arivudainambi.S,92778,Bachelor's Degree
Female,152,36,Coconut farm,False,0,6,,others,AMK,,,₹79.06 L,Sathiya.B,92779,Bachelor's Degree
Male,152,62,Football player,False,0,7,,others,DMSK,,,"₹5,000",Sidharthan.S,92780,Master's Degree
Female,152,40,Gas cylinder,False,0,8,,ajpk,AJPK,,,₹16.84 L,Gnanasundari.M,92781,Bachelor's Degree
Female,152,71,Mango,False,0,9,,nda,PMK,,,₹3.37 Cr,Dr.Tamizharasi.P,92782,Bachelor's Degree
Male,152,40,Whistle,False,0,10,,tvk,TVK,,,₹37.99 L,Vijay.S,92783,Bachelor's Degree
Male,152,43,Bat,False,0,11,,independent,IND,,,"₹26,000",Ezhilkumar.K,92784,10th Grade (SSLC)
Male,152,38,Capsicum,False,0,12,,independent,IND,,,₹3.94 L,Sivasankaran.K,92785,Bachelor's Degree
Male,152,53,Gift pack,False,0,13,,independent,IND,,,"₹15,000",Srinivasan.R,92786,10th Grade (SSLC)
Male,152,49,Mike,False,0,14,,independent,IND,,,₹12.05 L,Durai.K,92787,Master's Degree
Male,152,46,Air conditioner,False,0,15,,independent,IND,,,₹11.83 L,Deiveegadass.M,92788,10th Grade (SSLC)
Male,152,39,Almirah,False,0,16,,independent,IND,,,₹3.12 L,Balu.P,92789,12th Grade (HSC / +2)
Male,152,35,Ship,False,0,17,,independent,IND,,,₹20.70 L,Prabakaran.T,92790,10th Grade (SSLC)
Male,152,37,Diamond,False,0,18,,independent,IND,,,₹7.13 L,Jayaprakash.S,92791,12th Grade (HSC / +2)
Male,153,64,Rising sun,True,0,1,,spa,DMK,,,₹2.38 Cr,Saba.Rajendran,92792,Bachelor's Degree
Male,153,65,Two leaves,False,0,2,,nda,AIADMK,,,₹75.90 L,Rajendran.R,92793,Bachelor's Degree
Male,153,43,Farmer Carrying Plough,False,0,3,,ntk,NTK,,,₹44.71 L,Veeramani.B,92794,Not Specified
Male,153,42,Elephant,False,0,4,,others,BSP,,,₹3.41 L,Jothimurugan.V,92795,12th Grade (HSC / +2)
Male,153,40,Whistle,False,0,5,,tvk,TVK,,,₹40.53 L,Anand.K,92796,Bachelor's Degree
Male,153,56,Camera,False,0,6,,others,TAVK,,,₹9.89 Cr,Thirumalvalavan.T,92797,Master's Degree
Male,153,53,Pestle and mortar,False,0,7,,others,VTVTK,,,₹nan,Mayakrishnan.K,92798,Not Specified
Male,153,34,CCTV Camera,False,0,8,,independent,IND,,,₹18.24 L,Karthikeyan.C.M,92799,Bachelor's Degree
Male,153,44,Ship,False,0,9,,independent,IND,,,"₹33,500",Sathiyaseelan.M,92800,Bachelor's Degree
Male,153,39,Television,False,0,10,,independent,IND,,,"₹27,535",Chezhiyan.G,92801,Master's Degree
Male,153,45,Wallet,False,0,11,,independent,IND,,,"₹10,000",Manimaran.P,92802,10th Grade (SSLC)
Male,154,62,Pot,False,0,1,,spa,VCK,,,₹16.71 L,Abdur Rahman. A.R,92803,12th Grade (HSC / +2)
Female,154,32,Farmer Carrying Plough,False,0,2,,ntk,NTK,,,₹11.57 L,Banupriya. M,92804,Master's Degree
Male,154,43,Two leaves,False,0,3,,nda,AIADMK,,,₹2.21 Cr,Mohan. K,92805,9th Grade
Male,154,42,Elephant,False,0,4,,others,BSP,,,₹8.05 L,Srikanthu. S,92806,10th Grade (SSLC)
Male,154,42,Camera,False,0,5,,others,TAVK,,,₹13.46 L,Surendar. R,92807,Master's Degree
Male,154,41,Drill machine,False,0,6,,others,TPMK,,,₹35.67 L,Prakash. R,92808,Not Specified
Male,154,35,Whistle,False,0,7,,tvk,TVK,,,₹16.70 L,Manikandan. M,92809,Bachelor's Degree
Male,154,25,Jackfruit,False,0,8,,independent,IND,,,₹15.31 L,Mohammed Safi. A,92810,Bachelor's Degree
Male,154,76,Bangles,False,0,9,,independent,IND,,,"₹5,000",Ramalingam. A,92811,10th Grade (SSLC)
Male,155,58,Hand,False,0,1,,spa,INC,,,₹8.18 Cr,A.S.Chandarasekaran,92812,Bachelor's Degree
Male,155,67,Two leaves,False,0,2,,nda,AIADMK,,,₹66.32 L,M.C.Sampath,92813,Bachelor's Degree
Female,155,40,Farmer Carrying Plough,False,0,3,,ntk,NTK,,,₹nan,S.Sarasu,92814,Master's Degree
Male,155,43,Elephant,False,0,4,,others,BSP,,,₹8.81 L,P.Natarajan,92815,Bachelor's Degree
Male,155,70,Coconut farm,False,0,5,,ajpk,AIPTMMK,,,₹9.55 L,S.Ramasamy,92816,10th Grade (SSLC)
Male,155,46,Whistle,False,0,6,,tvk,TVK,,,₹9.33 L,B.Rajkumar,92817,Diploma / ITI
Male,155,48,Camera,False,0,7,,others,TAVK,,,₹40.86 L,K.Lenin,92818,Bachelor's Degree
Male,155,72,Bucket,False,0,8,,independent,IND,,,₹70.50 L,S.Rajamohan,92819,Master's Degree
Male,155,34,Gas cylinder,False,0,9,,independent,IND,,,₹7.01 L,E.Gurubaran,92820,Bachelor's Degree
Female,155,30,Gas Stove,False,0,10,,independent,IND,,,₹5.72 L,V.Suganthi,92821,12th Grade (HSC / +2)
Male,155,43,Diamond,False,0,11,,independent,IND,,,₹nan,P.Nagasundaram,92822,Doctorate (Ph.D / MD)
Male,155,57,Almirah,False,0,12,,independent,IND,,,₹11.96 L,E.Farook Ali,92823,10th Grade (SSLC)
Male,155,52,Room cooler,False,0,13,,independent,IND,,,₹38.91 L,R.Mayavan,92824,10th Grade (SSLC)
Male,155,41,Television,False,0,14,,independent,IND,,,₹16.59 L,R.Ramachandran,92825,Bachelor's Degree
Female,155,30,Ginger,False,0,15,,independent,IND,,,₹3.59 L,R.Veeramani,92826,9th Grade
Female,156,48,Farmer Carrying Plough,False,0,1,,ntk,NTK,,,₹97.55 L,Kavitha Renganathan,92827,Bachelor's Degree
Male,156,36,Elephant,False,0,2,,others,BSP,,,₹20.60 L,M Kanagaraj,92828,Bachelor's Degree
Male,156,68,Rising sun,True,0,3,,spa,DMK,,,₹4.00 Cr,M.R.K.Panneerselvam,92829,Bachelor's Degree
Male,156,60,Two leaves,False,0,4,,nda,AIADMK,,,₹nan,A Bhuvanenthiran,92830,12th Grade (HSC / +2)
Male,156,49,Camera,False,0,5,,others,TAVK,,,₹11.68 Cr,T Kannan,92831,10th Grade (SSLC)
Male,156,52,Gas cylinder,False,0,6,,others,TTNP,,,₹3.15 L,R Srinivasan,92832,Diploma / ITI
Male,156,40,Whistle,False,0,7,,tvk,TVK,,,₹2.58 Cr,Rajkumar D,92833,Diploma / ITI
Male,156,50,CCTV Camera,False,0,8,,independent,IND,,,₹5.00 L,Arumugam R,92834,Diploma / ITI
Male,156,57,Bucket,False,0,9,,independent,IND,,,₹4.00 L,Dhanakesavamoorthy A.C.T,92835,Master's Degree
Female,156,48,Bangles,False,0,10,,independent,IND,,,₹2.35 L,Manimala R,92836,7th Grade
Male,156,55,Television,False,0,11,,independent,IND,,,₹nan,Muthazhagan N,92837,Bachelor's Degree
Male,157,57,Two leaves,True,0,1,,nda,AIADMK,,,₹2.52 Cr,Arunmozhithevan . A,92838,Bachelor's Degree
Male,157,51,Elephant,False,0,2,,others,BSP,,,₹1.46 L,Kumaravelu . M,92839,Diploma / ITI
Male,157,59,Rising sun,False,0,3,,spa,DMK,,,₹2.37 Cr,Saravanan. Durai . K,92840,Not Specified
Female,157,52,Farmer Carrying Plough,False,0,4,,ntk,NTK,,,₹77.65 L,Sumathi . S,92841,Master's Degree
Male,157,48,Whistle,False,0,5,,tvk,TVK,,,₹8.39 Cr,Mahalingam . T,92842,12th Grade (HSC / +2)
Male,157,32,Camera,False,0,6,,others,TAVK,,,₹6.43 L,Muthamizhan . Seva,92843,Bachelor's Degree
Male,157,28,Binoculars,False,0,7,,independent,IND,,,₹2.04 L,Arunmozhi . V,92844,Master's Degree
Male,157,59,Almirah,False,0,8,,independent,IND,,,₹5.73 L,Ezhilventhan . P,92845,12th Grade (HSC / +2)
Male,157,27,Ship,False,0,9,,independent,IND,,,"₹11,000",Iyyappan . S,92846,Bachelor's Degree
Male,157,62,Electric pole,False,0,10,,independent,IND,,,₹4.54 Cr,Saravanan . J,92847,Diploma / ITI
Male,157,45,Gas cylinder,False,0,11,,independent,IND,,,₹2.60 L,Balamurugan . M.R,92848,Master's Degree
Male,157,44,Batsman,False,0,12,,independent,IND,,,₹5.79 L,Balamurugan . G.C,92849,10th Grade (SSLC)
Male,157,28,Diamond,False,0,13,,independent,IND,,,₹5.41 L,Raja Sekar . G,92850,Bachelor's Degree
Male,158,50,Rising sun,False,0,1,,spa,DMK,,,₹41.95 L,Thamimun Ansari. M,92851,Master's Degree
Male,158,35,Farmer Carrying Plough,False,0,2,,ntk,NTK,,,₹12.80 L,Thamizh,92852,Master's Degree
Male,158,64,Two leaves,False,0,3,,nda,AIADMK,,,₹2.62 Cr,Pandian. K.A,92853,Master's Degree
Male,158,71,Coconut farm,False,0,4,,ajpk,AIPTMMK,,,₹12.28 L,Dhanasekaran. M,92854,Bachelor's Degree
Male,158,75,Whistle,False,0,5,,tvk,TVK,,,₹1.06 L,Nedunchezhiyan,92855,10th Grade (SSLC)
Male,158,54,Jackfruit,False,0,6,,others,APTADMK,,,₹nan,Munisankar. K,92856,12th Grade (HSC / +2)
Male,158,42,Diamond,False,0,7,,independent,IND,,,₹nan,Easan Natarajan. T,92857,Master's Degree
Male,158,56,Pan,False,0,8,,independent,IND,,,₹7.36 L,Thirugnanam. K,92858,Bachelor's Degree
Male,158,38,Kettle,False,0,9,,independent,IND,,,₹1.21 L,Manimaran. D,92859,12th Grade (HSC / +2)
Male,158,54,Flute,False,0,10,,independent,IND,,,"₹25,849",Venkatesan. D,92860,9th Grade
Male,158,65,Electric pole,False,0,11,,independent,IND,,,₹nan,Er. Jayakkumar. R,92861,Master's Degree
Male,159,38,Elephant,False,0,1,,others,BSP,,,₹3.85 L,Satheeshkumar .M,92862,Bachelor's Degree
Male,159,41,Farmer Carrying Plough,False,0,2,,ntk,NTK,,,₹35.48 L,Sivajothi .M,92863,Bachelor's Degree
Male,159,71,Pot,False,0,3,,spa,VCK,,,₹10.22 L,L.E.Jothimani,92864,Bachelor's Degree
Male,159,55,Camera,False,0,4,,others,TAVK,,,₹7.90 L,Alavanthar .M,92865,12th Grade (HSC / +2)
Male,159,54,Mixee,False,0,5,,others,AIJMK,,,"₹72,000",G.Kalyana Sundaram,92866,Master's Degree
Male,159,57,Whistle,False,0,6,,tvk,TVK,,,₹61.60 L,S.Seenuvasan,92867,9th Grade
Male,159,42,Mango,False,0,7,,nda,PMK,,,₹82.01 L,A.Sozhan,92868,Bachelor's Degree
Male,159,31,Plastering trowel,False,0,8,,others,RSD (R),,,₹5.04 L,Babu .B,92869,9th Grade
Male,159,36,Gas cylinder,False,0,9,,ajpk,AJPK,,,₹4.29 L,S.Murali,92870,Master's Degree
Male,159,69,Matchbox,False,0,10,,independent,IND,,,₹26.82 L,M.A.T.Archunan,92871,Bachelor's Degree
Male,159,47,Cauliflower,False,0,11,,independent,IND,,,"₹19,300",Sankarkumar .S,92872,12th Grade (HSC / +2)
Male,160,48,Elephant,False,0,1,,others,BSP,,,₹nan,Gajendran.Kanaga,92873,Bachelor's Degree
Male,160,51,Two leaves,False,0,2,,nda,AIADMK,,,₹6.90 Cr,Sakthi.M,92874,Master's Degree
Male,160,28,Farmer Carrying Plough,False,0,3,,ntk,NTK,,,₹1.21 L,Subash.R,92875,Bachelor's Degree
Male,160,58,Rising sun,False,0,4,,spa,DMK,,,₹nan,Senthilselvan.R,92876,Master's Degree
Male,160,36,Whistle,False,0,5,,tvk,TVK,,,₹6.83 L,Gopinath.S,92877,Bachelor's Degree
Male,160,50,Gas cylinder,False,0,6,,others,IDMK,,,₹4.52 L,Pandiyan.C.R,92878,10th Grade (SSLC)
Male,160,58,Football player,False,0,7,,others,OMNP,,,₹1.01 L,Babusankar.R,92879,9th Grade
Male,160,44,Camera,False,0,8,,others,TAVK,,,₹nan,Pethaperumal.K,92880,Not Specified
Female,160,48,Coconut farm,False,0,9,,ajpk,AIPTMMK,,,₹nan,Malathi.A,92881,Not Specified
Male,160,33,Scissors,False,0,10,,independent,IND,,,"₹7,500",Tamilventhan.R,92882,Diploma / ITI
Male,161,53,Farmer Carrying Plough,False,0,1,,ntk,NTK,,,₹3.26 Cr,Kasiraman. K,92883,Bachelor's Degree
Male,161,50,Elephant,False,0,2,,others,BSP,,,₹nan,Venkatesan. K,92884,Bachelor's Degree
Male,161,38,Hand,False,0,3,,spa,INC,,,₹8.23 Cr,Jamal Mohamed Younoos. Y.N,92885,10th Grade (SSLC)
Male,161,60,Mixee,False,0,4,,others,AIJMK,,,₹1.31 Cr,Aravaazhi. K,92886,Doctorate (Ph.D / MD)
Male,161,43,Walking stick,False,0,5,,others,SMNK,,,"₹12,700",Karthick. A,92887,9th Grade
Male,161,35,Camera,False,0,6,,others,TAVK,,,"₹85,700",Saravanank. K,92888,Bachelor's Degree
Male,161,50,Mango,False,0,7,,nda,PMK,,,₹26.00 L,Palanisamy.A M.Com,92889,Bachelor's Degree
Male,161,64,Pestle and mortar,False,0,8,,others,VTVTK,,,₹nan,Manimaran,92890,Diploma / ITI
Male,161,54,Whistle,False,0,9,,tvk,TVK,,,₹nan,Haroon Rasheed. S.S,92891,Master's Degree
Male,161,34,Diamond,False,0,10,,independent,IND,,,"₹99,000",Ananthakumar. R,92892,10th Grade (SSLC)
Male,161,43,Ring,False,0,11,,independent,IND,,,"₹7,000",Gangadharan. R,92893,12th Grade (HSC / +2)
Male,161,41,Road roller,False,0,12,,independent,IND,,,₹3.10 L,Gobala Krishnan. S,92894,7th Grade
Male,161,64,Pen nib with seven rays,False,0,13,,independent,IND,,,₹15.00 L,Sampath. L,92895,12th Grade (HSC / +2)
Male,161,63,CCTV Camera,False,0,14,,independent,IND,,,₹1.66 L,Thimothy. T,92896,5th Grade
Male,161,63,Bench,False,0,15,,independent,IND,,,₹9.31 L,Natarajan. R,90062,11th Grade
Female,161,45,Gas cylinder,False,0,16,,independent,IND,,,₹1.29 L,Navanitham. S,92898,8th Grade
Male,161,49,Matchbox,False,0,17,,independent,IND,,,₹1.18 L,Bharathiraja. B,92899,10th Grade (SSLC)
Male,161,34,Bat,False,0,18,,independent,IND,,,₹1.14 Cr,Ramkumar. S,92900,Bachelor's Degree
Male,161,58,Bangles,False,0,19,,independent,IND,,,₹10.56 L,Veerasamy. T,92901,9th Grade
Male,161,62,Refrigerator,False,0,20,,independent,IND,,,"₹50,000",Jamal Mohamed,92902,9th Grade
Male,162,41,Farmer Carrying Plough,False,0,1,,ntk,NTK,,,₹1.90 L,Ilayanagulan. K,92903,Master's Degree
Male,162,61,Rising sun,True,0,2,,spa,DMK,,,₹5.80 Cr,Nivedha M Murugan,92904,8th Grade
Male,162,69,Two leaves,False,0,3,,nda,AIADMK,,,₹nan,Pavunraj. S,92905,Not Specified
Male,162,33,Elephant,False,0,4,,others,BSP,,,₹4.75 L,Prabakaran. V,92906,10th Grade (SSLC)
Male,162,40,Telephone,False,0,5,,others,AIADMSK,,,"₹1,000",Puratchidasan. T,92907,10th Grade (SSLC)
Male,162,38,Whistle,False,0,6,,tvk,TVK,,,₹nan,Vijayalaiyan. J,92908,8th Grade
Male,162,29,Electric pole,False,0,7,,independent,IND,,,"₹50,700",Anandaraj. D,92909,Diploma / ITI
Male,162,46,Tyres,False,0,8,,independent,IND,,,₹8.80 L,Inbaraj. T,92910,8th Grade
Female,162,53,Air conditioner,False,0,9,,independent,IND,,,₹37.68 L,Noor Nisha. M,92911,12th Grade (HSC / +2)
Male,162,53,Ring,False,0,10,,independent,IND,,,₹10.45 Cr,Maya Venkatesan. M,92912,9th Grade
Male,162,48,Bat,False,0,11,,independent,IND,,,"₹37,433",Murugan. S,92913,12th Grade (HSC / +2)
Male,162,53,Television,False,0,12,,independent,IND,,,₹7.30 L,Mujibur Rahman. E.M.M,92914,10th Grade (SSLC)
Male,162,51,Diamond,False,0,13,,independent,IND,,,₹27.15 L,Shangamiththiran. A,92915,Master's Degree
Male,163,56,Two leaves,False,0,1,,nda,AIADMK,,,₹1.91 Cr,Thanka.Kathiravan,92916,Master's Degree
Female,163,31,Farmer Carrying Plough,False,0,2,,ntk,NTK,,,₹16.26 L,Fathima Farhana.S,92917,Master's Degree
Male,163,66,Rising sun,False,0,3,,spa,DMK,,,₹nan,M.H.Jawahirullah,92918,Doctorate (Ph.D / MD)
Male,163,48,Whistle,False,0,4,,tvk,TVK,,,₹12.04 L,M.Sugumar,92919,7th Grade
Male,163,48,Telephone,False,0,5,,others,AIYDP,,,"₹79,000",J.V.Durai,92920,Not Specified
Male,163,38,Gas cylinder,False,0,6,,others,PT,,,₹2.77 L,K.Rajasekar,92921,8th Grade
Male,163,60,Camera,False,0,7,,others,TAVK,,,₹5.23 L,Vallabadas.E,92922,Master's Degree
Male,163,53,Rubber stamp,False,0,8,,independent,IND,,,₹9.56 L,M.Iyyankalai,92923,9th Grade
Male,163,38,Electric pole,False,0,9,,independent,IND,,,₹1.00 L,T.Kathiravan,92924,Not Specified
Male,163,47,CCTV Camera,False,0,10,,independent,IND,,,₹30.41 L,Sakthivel,92925,5th Grade
Male,163,56,Road roller,False,0,11,,independent,IND,,,₹nan,N P Bhashgaran,92926,10th Grade (SSLC)
Male,163,45,Slate,False,0,12,,independent,IND,,,"₹58,751",S.Prem,92927,10th Grade (SSLC)
Male,163,40,Ship,False,0,13,,independent,IND,,,₹12.30 L,N.Vijayaragavan,92928,Bachelor's Degree
Female,164,36,Farmer Carrying Plough,False,0,1,,ntk,NTK,,,₹88.01 L,Karthika. M,92929,Bachelor's Degree
Female,164,46,Hammer Sickle and Star,False,0,2,,spa,CPI(M),,,₹10.33 L,Latha. T,92930,10th Grade (SSLC)
Male,164,32,Bucket,False,0,3,,others,PT,,,"₹87,700",Surenthar. K,92931,Bachelor's Degree
Male,164,59,Whistle,False,0,4,,tvk,TVK,,,₹28.40 L,Senthil Pandian. P,92932,Bachelor's Degree
Male,164,73,Mango,False,0,5,,nda,PMK,,,₹nan,Vadivel Ravanan. S,92933,10th Grade (SSLC)
Female,164,51,Gas cylinder,False,0,6,,ajpk,AJPK,,,₹43.90 L,Vedha Mukundhan,92934,Master's Degree
Female,164,46,Ship,False,0,7,,independent,IND,,,₹5.08 L,Jaivishnudevi. M,92935,Bachelor's Degree
Male,165,35,Farmer Carrying Plough,False,0,1,,ntk,NTK,,,"₹51,237",Karthick. T,92936,Bachelor's Degree
Male,165,57,Rising sun,False,0,2,,spa,DMK,,,₹1.25 Cr,Pugazhendi. M,92937,10th Grade (SSLC)
Male,165,72,Two leaves,False,0,3,,nda,AIADMK,,,₹2.23 Cr,Manian. O.S,92938,Diploma / ITI
Male,165,49,Whistle,False,0,4,,tvk,TVK,,,₹4.37 Cr,Kingsly Gerald. A,92939,Bachelor's Degree
Male,165,44,Coconut farm,False,0,5,,ajpk,AIPTMMK,,,₹28.44 L,Lingeswaran. M,92940,Bachelor's Degree
Male,165,52,Gas cylinder,False,0,6,,independent,IND,,,₹nan,Rajasimman. D,92941,Diploma / ITI
Male,165,35,Capsicum,False,0,7,,independent,IND,,,₹4.40 L,Gowthaman. M,92942,Diploma / ITI
Male,165,35,Television,False,0,8,,independent,IND,,,₹3.87 L,Sathiyaseelan. M,92943,10th Grade (SSLC)
Male,165,40,Electric pole,False,0,9,,independent,IND,,,₹1.91 L,Selvakumar. S,92944,7th Grade
Male,165,35,Matchbox,False,0,10,,independent,IND,,,₹32.92 L,Thivaskar. B,92945,Bachelor's Degree
Male,165,37,CCTV Camera,False,0,11,,independent,IND,,,₹6.73 L,Veerakumar. V,92946,6th Grade
Male,166,51,Two leaves,False,0,1,,nda,AIADMK,,,₹nan,Balathandayutham.U,92947,12th Grade (HSC / +2)
Male,166,56,Ears of corn and sickle,True,0,2,,spa,CPI,,,"₹4,326",Marimuthu.K,92948,Bachelor's Degree
Female,166,41,Elephant,False,0,3,,others,BSP,,,₹2.71 L,Vimala.A,92949,10th Grade (SSLC)
Female,166,34,Farmer Carrying Plough,False,0,4,,ntk,NTK,,,₹14.85 L,Vinothini.R,92950,Master's Degree
Male,166,48,Camera,False,0,5,,others,TAVK,,,₹26.71 L,Arumugam.N,92951,10th Grade (SSLC)
Male,166,42,Whistle,False,0,6,,tvk,TVK,,,₹32.93 L,Pandiyan.S,92952,10th Grade (SSLC)
Male,166,39,Water melon,False,0,7,,independent,IND,,,₹45.66 L,Sivaprakasam.V,92953,Bachelor's Degree
Male,166,59,Bangles,False,0,8,,independent,IND,,,₹4.31 L,Muruganantham.V,92954,12th Grade (HSC / +2)
Male,166,59,Gas cylinder,False,0,9,,independent,IND,,,₹nan,Jayasangar.A,92955,Bachelor's Degree
Male,167,65,Elephant,False,0,1,,others,BSP,,,"₹2,000",Kamaraj.S,92956,5th Grade
Male,167,68,Farmer Carrying Plough,False,0,2,,ntk,NTK,,,₹1.02 Cr,Bharathiselvan.R,92957,Not Specified
Male,167,49,Rising sun,True,0,3,,spa,DMK,,,₹9.10 Cr,Rajaa.T.R.B,92958,Doctorate (Ph.D / MD)
Male,167,59,Pressure cooker,False,0,4,,nda,AMMK,,,₹8.57 Cr,Kamaraj. S,92959,Master's Degree
Male,167,49,Camera,False,0,5,,others,TAVK,,,₹12.10 L,Govindaraj.G,92960,6th Grade
Male,167,32,Gas cylinder,False,0,6,,others,PT,,,₹2.97 L,Bharathi.B,92961,Bachelor's Degree
Male,167,59,Electric pole,False,0,7,,others,TAMNK,,,₹15.92 L,Muthuvel.V,92962,10th Grade (SSLC)
Male,167,62,Coconut farm,False,0,8,,ajpk,AIPTMMK,,,₹33.53 L,Rasupillai.S,92963,5th Grade
Male,167,41,Whistle,False,0,9,,tvk,TVK,,,₹nan,Rajarajan.U,92964,Diploma / ITI
Male,167,48,Diamond,False,0,10,,independent,IND,,,"₹12,337",Arulprakash. P,92965,10th Grade (SSLC)
Male,167,60,Kettle,False,0,11,,independent,IND,,,₹1.62 L,Kamaraj.A,92966,10th Grade (SSLC)
Male,167,65,Table,False,0,12,,independent,IND,,,₹36.90 L,Durai Arasan.K,92967,10th Grade (SSLC)
Male,167,34,Ship,False,0,13,,independent,IND,,,₹2.62 L,Namasivayam.N,92968,10th Grade (SSLC)
Male,167,43,Iron,False,0,14,,independent,IND,,,"₹30,450",Prabhu. S,92969,5th Grade
Male,167,67,Bucket,False,0,15,,independent,IND,,,₹19.61 L,Marimuthu.A.V.M,92970,5th Grade
Female,168,29,Farmer Carrying Plough,False,0,1,,ntk,NTK,,,₹18.16 L,Aswini B,92971,Bachelor's Degree
Male,168,61,Rising sun,True,0,2,,spa,DMK,,,₹6.36 Cr,Kalaivanan Poondi K,92972,12th Grade (HSC / +2)
Male,168,63,Lotus,False,0,3,,nda,BJP,,,₹85.43 L,Chandrasekaran Govi,92973,10th Grade (SSLC)
Male,168,49,Camera,False,0,4,,others,TAVK,,,₹5.82 L,Kanthan A,92974,Master's Degree
Male,168,55,Gas cylinder,False,0,5,,others,PT,,,₹1.37 L,Thiyagarajan .M,92975,6th Grade
Male,168,61,Whistle,False,0,6,,tvk,TVK,,,₹56.70 L,Veeramani V,92976,Master's Degree
Male,168,41,Box,False,0,7,,independent,IND,,,₹2.34 L,Mutharasan S,92977,7th Grade
Male,168,34,Matchbox,False,0,8,,independent,IND,,,₹7.00 L,Sahul Hameed M,92978,9th Grade
Male,169,65,Two leaves,True,0,1,,nda,AIADMK,,,₹1.18 Cr,Kamaraj. R,92979,Master's Degree
Female,169,48,Farmer Carrying Plough,False,0,2,,ntk,NTK,,,₹39.03 L,Thenmozhi Dilipkumar,92980,Master's Degree
Male,169,47,Rising sun,False,0,3,,spa,DMK,,,₹19.04 L,Mohamed Mubarak,92981,Master's Degree
Male,169,48,Camera,False,0,4,,others,TAVK,,,"₹17,000",Sivaraman. T,92982,12th Grade (HSC / +2)
Male,169,58,Gas cylinder,False,0,5,,others,PT,,,₹23.39 L,Tamilselvan. M,92983,5th Grade
Male,169,34,Whistle,False,0,6,,tvk,TVK,,,₹9.11 L,Prabhakaran. S,92984,Diploma / ITI
Male,169,45,Coconut farm,False,0,7,,ajpk,AIPTMMK,,,₹1.51 L,Raja. S,92985,5th Grade
Male,169,53,Scissors,False,0,8,,independent,IND,,,₹4.22 L,Sankar. R,92986,6th Grade
Male,169,25,Bat,False,0,9,,independent,IND,,,₹12.20 L,Shanmugaraja. D,92987,Bachelor's Degree
Male,169,42,Wool and Needle,False,0,10,,independent,IND,,,"₹12,482",Suresh. V,92988,10th Grade (SSLC)
Male,169,48,Gift pack,False,0,11,,independent,IND,,,₹3.81 L,Bharathimohan. K.S,92989,Diploma / ITI
Male,169,39,Tube light,False,0,12,,independent,IND,,,₹1.50 L,Mohumed Riyas. K,92990,10th Grade (SSLC)
Male,169,40,Ring,False,0,13,,independent,IND,,,₹1.71 L,Ravichandran. R,92991,Bachelor's Degree
Male,169,40,Mike,False,0,14,,independent,IND,,,"₹88,444",Rajasekar. R,92992,Master's Degree
Female,170,55,Two leaves,False,0,1,,nda,AIADMK,,,₹1.52 Cr,Elamathi Subramanian,92993,10th Grade (SSLC)
Male,170,59,Rising sun,False,0,2,,spa,DMK,,,₹51.98 L,Govi.Chezhiaan,92994,Doctorate (Ph.D / MD)
Female,170,30,Farmer Carrying Plough,False,0,3,,ntk,NTK,,,₹5.61 L,M.Divya Bharathi,92995,Bachelor's Degree
Male,170,43,Elephant,False,0,4,,others,BSP,,,₹2.60 L,T.M.Puratchi Mani,92996,Doctorate (Ph.D / MD)
Male,170,64,Flag with three stars,False,0,5,,others,CPI(ML),,,"₹75,000",Kannaiyan. T,92997,8th Grade
Male,170,42,Whistle,False,0,6,,tvk,TVK,,,₹1.86 Cr,S.Prabakaran,92998,Diploma / ITI
Male,170,38,Camera,False,0,7,,others,TAVK,,,₹1.16 L,A.Viswanathan,92999,12th Grade (HSC / +2)
Male,170,40,Well,False,0,8,,independent,IND,,,"₹1,000",Aravindaraj. R,93000,Bachelor's Degree
Female,170,27,Biscuit,False,0,9,,independent,IND,,,₹2.08 L,Keerthiga. K,93001,Master's Degree
Female,170,44,Scissors,False,0,10,,independent,IND,,,₹24.71 L,Selvarani. S,93002,8th Grade
Male,170,34,Pen drive,False,0,11,,independent,IND,,,"₹50,000",M.Tamilmaran,93003,Master's Degree
Male,170,41,Peas,False,0,12,,independent,IND,,,"₹75,000",Dhanasekar,93004,Bachelor's Degree
Male,170,30,Frying pan,False,0,13,,independent,IND,,,"₹26,000",L.Prabakaran,93005,Not Specified
Male,170,37,Tea filter,False,0,14,,independent,IND,,,"₹25,000",P.Manikandan,93006,Master's Degree
Male,171,42,Lotus,False,0,1,,nda,BJP,,,₹4.40 Cr,Ashokkumar R,93007,10th Grade (SSLC)
Male,171,77,Rising sun,False,0,2,,spa,DMK,,,₹41.19 Cr,Anbalagan G,93008,10th Grade (SSLC)
Male,171,39,Farmer Carrying Plough,False,0,3,,ntk,NTK,,,₹34.29 L,Anandh M,93009,Bachelor's Degree
Male,171,41,Camera,False,0,4,,others,TAVK,,,"₹20,000",Arokiyaraj V,93010,Not Specified
Male,171,39,Matchbox,False,0,5,,others,TDMK,,,"₹81,000",Sundar G,93011,Bachelor's Degree
Male,171,32,Whistle,False,0,6,,tvk,TVK,,,₹nan,Vinoth,93012,Bachelor's Degree
Male,171,50,Balloon,False,0,7,,independent,IND,,,"₹34,000",Arivazhagan K,93013,Bachelor's Degree
Male,171,28,Almirah,False,0,8,,independent,IND,,,"₹2,705",Karthi G,93014,Master's Degree
Male,171,58,Binoculars,False,0,9,,independent,IND,,,₹18.35 L,Srinivasan V,93015,12th Grade (HSC / +2)
Female,171,50,Kitchen sink,False,0,10,,independent,IND,,,₹55.03 L,Senthamilselvi S,93016,Bachelor's Degree
Male,171,76,Bench,False,0,11,,independent,IND,,,₹12.44 L,Ramamoorthi R,93017,Diploma / ITI
Male,171,73,Cauliflower,False,0,12,,independent,IND,,,₹nan,Vijayakumar C,93018,10th Grade (SSLC)
Male,171,55,Gas cylinder,False,0,13,,independent,IND,,,₹6.19 L,Stalin Ma Ka,93019,Bachelor's Degree
Female,172,25,Farmer Carrying Plough,False,0,1,,ntk,NTK,,,₹3.62 L,Anis Fathima,93020,Bachelor's Degree
Male,172,38,Two leaves,False,0,2,,nda,AIADMK,,,₹1.13 Cr,Dorai. Shanmuga Prabu,93021,Bachelor's Degree
Male,172,39,Whistle,False,0,3,,tvk,TVK,,,₹102.55 Cr,Azarudeen Uduman Ali,93022,10th Grade (SSLC)
Male,172,45,Matchbox,False,0,4,,others,TDMK,,,₹15.11 L,C.Chandrasekaran,93023,Bachelor's Degree
Male,172,49,Camera,False,0,5,,others,TAVK,,,₹25.32 L,B.Dhamodharan,93024,12th Grade (HSC / +2)
Male,172,58,Flag with three stars,False,0,6,,others,CPI(ML),,,₹3.02 L,K.Masilamani,93025,6th Grade
Male,172,57,Ladder,False,0,7,,spa,IUML,,,₹51.45 L,A.M.Shahjahan,93026,Bachelor's Degree
Female,172,30,Bucket,False,0,8,,independent,IND,,,₹20.30 L,A.Anis Fathima Abdul Rahim,93027,12th Grade (HSC / +2)
Male,172,62,Gas cylinder,False,0,9,,independent,IND,,,₹1.53 L,V.Kulandhaivelu,93028,9th Grade
Male,172,59,Bricks,False,0,10,,independent,IND,,,₹nan,A S Thangarasu,93029,6th Grade
Male,172,39,Diamond,False,0,11,,independent,IND,,,₹2.08 L,V.Thiyagarajan,93030,Bachelor's Degree
Male,172,73,Ring,False,0,12,,independent,IND,,,₹62.54 L,S.Natarajan,93031,12th Grade (HSC / +2)
Male,172,47,Electric pole,False,0,13,,independent,IND,,,"₹12,700",K.Rajendran,93032,9th Grade
Male,173,66,Rising sun,True,0,1,,spa,DMK,,,₹1.78 Cr,Durai. Chandrasekaran,93033,Bachelor's Degree
Male,173,44,Farmer Carrying Plough,False,0,2,,ntk,NTK,,,₹36.20 L,Durai. Senthilnathan,93034,Not Specified
Male,173,51,Pressure cooker,False,0,3,,nda,AMMK,,,₹nan,Velu. Karthikeyan,93035,Master's Degree
Male,173,28,Whistle,False,0,4,,tvk,TVK,,,₹52.75 L,Mathi. Manikandan,93036,Bachelor's Degree
Male,173,48,Jackfruit,False,0,5,,others,APTADMK,,,₹1.80 L,S.Vijayakumar,93037,10th Grade (SSLC)
Female,173,42,Camera,False,0,6,,others,TAVK,,,₹45.05 L,Vijaya Babu,93038,12th Grade (HSC / +2)
Male,173,60,Gas cylinder,False,0,7,,others,PT,,,₹46.06 L,V.Venu,93039,10th Grade (SSLC)
Male,173,27,Throwing a javelin,False,0,8,,independent,IND,,,₹23.42 L,Abiman,93040,Bachelor's Degree
Male,173,33,Grapes,False,0,9,,independent,IND,,,₹7.91 L,Er.S.Arjun,93041,Bachelor's Degree
Male,173,37,Safety pin,False,0,10,,independent,IND,,,₹2.64 L,R.Sathiyanarayanan,93042,10th Grade (SSLC)
Male,173,44,Bucket,False,0,11,,independent,IND,,,₹nan,Rajasekaran. S,93043,Not Specified
Male,173,44,Ring,False,0,12,,independent,IND,,,₹21.38 L,R.Rajkumar,93044,Master's Degree
Male,173,31,Scissors,False,0,13,,independent,IND,,,₹2.07 L,Jayaindhraeswaran,93045,Not Specified
Male,174,49,Rising sun,False,0,1,,spa,DMK,,,₹3.99 Cr,Shan. Ramanathan,93046,12th Grade (HSC / +2)
Male,174,52,Farmer Carrying Plough,False,0,2,,ntk,NTK,,,"₹90,000",N.Krishnakumar,93047,Bachelor's Degree
Male,174,52,Lotus,False,0,3,,nda,BJP,,,₹1.54 Cr,Karuppu Muruganantham,93048,9th Grade
Male,174,48,Camera,False,0,4,,others,TAVK,,,₹15.14 L,H.Mohamed Abdul Khadir,93049,10th Grade (SSLC)
Male,174,56,Pen nib with seven rays,False,0,5,,others,BDP,,,₹5.48 L,S.Muthuvel,93050,Master's Degree
Male,174,50,Whistle,False,0,6,,tvk,TVK,,,₹1.04 L,R.Vijaysaravanan,93051,10th Grade (SSLC)
Male,174,42,Pressure cooker,False,0,7,,independent,IND,,,₹7.17 L,S.Karikala Cholan,93052,Bachelor's Degree
Male,174,34,Grapes,False,0,8,,independent,IND,,,"₹30,787",D.Kumaran,93053,Not Specified
Male,174,47,Water melon,False,0,9,,independent,IND,,,₹21.56 L,M.Santhosh,93054,Master's Degree
Male,174,35,Dish antenna,False,0,10,,independent,IND,,,₹4.94 L,R.Sabthagiri,93055,10th Grade (SSLC)
Male,174,51,Diamond,False,0,11,,independent,IND,,,₹88.00 L,R.Muralidharan,93056,Bachelor's Degree
Male,175,63,Two leaves,False,0,1,,nda,AIADMK,,,₹66.41 L,M.Sekar,93057,Not Specified
Male,175,46,Farmer Carrying Plough,False,0,2,,ntk,NTK,,,₹1.26 Cr,S.Thirumurugan,93058,10th Grade (SSLC)
Male,175,71,Rising sun,False,0,3,,spa,DMK,,,₹2.41 Cr,R.Vaithilingam,93059,Master's Degree
Male,175,31,Whistle,False,0,4,,tvk,TVK,,,₹35.74 L,Dr. K.Arvind,93060,Not Specified
Male,175,48,Matchbox,False,0,5,,others,TDMK,,,"₹10,500",C.Gunasekaran,93061,Master's Degree
Male,175,62,Laptop,False,0,6,,others,SFRBC,,,₹1.57 Cr,M.Selvaraj,93062,Diploma / ITI
Male,175,45,Bat,False,0,7,,independent,IND,,,₹43.00 L,A.Ajeshkannan,93063,10th Grade (SSLC)
Male,175,53,Battery Torch,False,0,8,,independent,IND,,,₹2.00 L,M.Kanagaraj,93064,8th Grade
Male,175,45,Coconut farm,False,0,9,,independent,IND,,,₹2.18 L,T.Vijayakumar,93065,12th Grade (HSC / +2)
Male,176,68,Rising sun,False,0,1,,spa,DMK,,,₹97.23 L,Annadurai K,93066,Bachelor's Degree
Male,176,53,Farmer Carrying Plough,False,0,2,,ntk,NTK,,,₹33.54 L,Kannan S,93067,Diploma / ITI
Male,176,63,Two leaves,False,0,3,,nda,AIADMK,,,₹1.77 Cr,Sekar C V,93068,Bachelor's Degree
Male,176,59,Gas cylinder,False,0,4,,others,PT,,,₹3.85 L,Gurumoorthy M,93069,10th Grade (SSLC)
Male,176,44,Whistle,False,0,5,,tvk,TVK,,,₹31.06 L,Mathan C,93070,10th Grade (SSLC)
Male,176,56,Diamond,False,0,6,,independent,IND,,,₹6.07 L,Annadurai C N,93071,Bachelor's Degree
Male,176,41,Television,False,0,7,,independent,IND,,,₹13.15 L,Suresh M R,93072,10th Grade (SSLC)
Male,176,46,Camera,False,0,8,,independent,IND,,,₹4.25 L,Suresh R,93073,9th Grade
Male,176,46,Ring,False,0,9,,independent,IND,,,₹64.49 L,Mohamed Sharif M,93074,10th Grade (SSLC)
Male,176,38,Jackfruit,False,0,10,,independent,IND,,,₹15.84 L,Muthukumar D,93075,Bachelor's Degree
Male,176,47,Scissors,False,0,11,,independent,IND,,,₹5.52 L,Ziaudeen A J,93076,9th Grade
Male,177,68,Rising sun,False,0,1,,spa,DMK,,,₹3.03 Cr,Ashokkumar. N,93077,10th Grade (SSLC)
Male,177,41,Two leaves,False,0,2,,nda,AIADMK,,,₹1.04 Cr,Govi.Elango,93078,Bachelor's Degree
Female,177,32,Farmer Carrying Plough,False,0,3,,ntk,NTK,,,₹27.59 L,Bhuvana Maniyarasan,93079,Bachelor's Degree
Male,177,52,Camera,False,0,4,,others,TAVK,,,₹6.06 L,Neiveli Sasikumar,93080,9th Grade
Male,177,42,Whistle,False,0,5,,tvk,TVK,,,₹12.81 Cr,D.Chandrakandeeban,93081,12th Grade (HSC / +2)
Male,177,45,Gas cylinder,False,0,6,,others,PT,,,₹5.37 L,G.Chithiravelu,93082,Master's Degree
Male,177,45,Coconut farm,False,0,7,,ajpk,AIPTMMK,,,₹44.80 L,R.Ravi,93083,9th Grade
Male,177,37,Clip,False,0,8,,independent,IND,,,₹10.41 L,T.Arulmurugan,93084,Bachelor's Degree
Male,177,36,Ring,False,0,9,,independent,IND,,,"₹31,000",U.Uthayakumar,93085,Master's Degree
Male,177,55,Water melon,False,0,10,,independent,IND,,,₹2.34 Cr,Pasumaibhoomi Natarajan,93086,Bachelor's Degree
Male,178,54,Lotus,False,0,1,,nda,BJP,,,₹9.05 L,C.Uthayakumar,93087,9th Grade
Male,178,59,Hammer Sickle and Star,True,0,2,,spa,CPI(M),,,₹23.36 L,M.Chinnadurai,93088,10th Grade (SSLC)
Female,178,35,Farmer Carrying Plough,False,0,3,,ntk,NTK,,,₹2.40 L,Nathiya,93089,Master's Degree
Male,178,72,Whistle,False,0,4,,tvk,TVK,,,₹70.18 L,N.Subramanian,93090,10th Grade (SSLC)
Male,178,59,Gas cylinder,False,0,5,,others,NAMK,,,"₹10,000",Dhanarasu,93645,5th Grade
Male,178,30,Matchbox,False,0,6,,independent,IND,,,"₹61,000",Arunkumar . S,93092,Bachelor's Degree
Male,178,45,Ring,False,0,7,,independent,IND,,,₹5.50 L,Sasikumar P,93093,Bachelor's Degree
Male,178,53,Mike,False,0,8,,independent,IND,,,"₹10,000",Senthilkumar N,93094,Master's Degree
Male,178,45,Cauliflower,False,0,9,,independent,IND,,,₹7.69 L,T.Murugesan,93095,10th Grade (SSLC)
Male,178,46,Pen drive,False,0,10,,independent,IND,,,₹47.41 L,M.Lakshmanan,93096,10th Grade (SSLC)
Female,179,38,Farmer Carrying Plough,False,0,1,,ntk,NTK,,,₹40.50 L,Sathyalakshmi. K,93097,Bachelor's Degree
Male,179,57,Rising sun,False,0,2,,spa,DMK,,,₹nan,Chellapandiyan. K.K,93098,Bachelor's Degree
Male,179,52,Two leaves,False,0,3,,nda,AIADMK,,,₹8.44 Cr,Vijayabaskar. C,93099,Bachelor's Degree
Female,179,36,Coconut farm,False,0,4,,ajpk,AIPTMMK,,,₹11.50 L,Karthika Prakash,93100,Master's Degree
Male,179,71,Gas cylinder,False,0,5,,others,PT,,,₹47.07 L,Selvaraj. A,93101,Not Specified
Male,179,37,Pestle and mortar,False,0,6,,others,VTVTK,,,₹nan,Palanisamy. K,93102,Not Specified
Male,179,43,Whistle,False,0,7,,tvk,TVK,,,₹45.31 L,Murugesan. P,93103,12th Grade (HSC / +2)
Male,179,37,Ship,False,0,8,,independent,IND,,,₹4.30 L,Adaikalaraj. S,93104,Not Specified
Male,179,40,Bucket,False,0,9,,independent,IND,,,"₹86,000",Alagar. P Advocate,93105,Bachelor's Degree
Male,179,37,Almirah,False,0,10,,independent,IND,,,₹9.74 L,Chandrajothi. M,93106,Bachelor's Degree
Male,179,45,Baby walker,False,0,11,,independent,IND,,,₹5.10 L,Subbaiah. R,93107,Bachelor's Degree
Male,179,39,Balloon,False,0,12,,independent,IND,,,₹40.76 L,Thirumurugan. A,93108,Bachelor's Degree
Male,179,46,Diamond,False,0,13,,independent,IND,,,"₹45,500",Thirumurugan. K,93109,Not Specified
Male,179,37,Bangles,False,0,14,,independent,IND,,,₹10.13 L,Thiruvendran. V,93110,Bachelor's Degree
Male,179,55,Batsman,False,0,15,,independent,IND,,,"₹73,000",Palanisamy. A,93111,12th Grade (HSC / +2)
Male,179,47,Bead necklace,False,0,16,,independent,IND,,,₹2.88 L,Balasubramanian. K.K,93112,10th Grade (SSLC)
Male,179,39,Belt,False,0,17,,independent,IND,,,₹3.90 L,Balasubramanian. M,93113,Bachelor's Degree
Male,179,47,Bench,False,0,18,,independent,IND,,,₹89.24 L,Balavel Murugesan. T,93114,Master's Degree
Male,179,44,Bicycle pump,False,0,19,,independent,IND,,,₹55.65 L,Mahendiran. K,93115,10th Grade (SSLC)
Male,179,37,Binoculars,False,0,20,,independent,IND,,,₹61.24 L,Manikandan. M,93116,8th Grade
Male,179,37,Biscuit,False,0,21,,independent,IND,,,"₹51,000",Mathiyalagan. G,93117,12th Grade (HSC / +2)
Male,179,32,Black board,False,0,22,,independent,IND,,,₹25.04 L,Raja. P,93118,Bachelor's Degree
Male,179,38,Boat with man and sail,False,0,23,,independent,IND,,,₹45.91 L,Veeramani. M,93119,Diploma / ITI
Male,179,39,Box,False,0,24,,independent,IND,,,"₹15,000",Veeramani. M,93120,10th Grade (SSLC)
Male,179,41,Bread,False,0,25,,independent,IND,,,₹19.61 L,Jayagandhi. R,93121,Bachelor's Degree
Male,179,53,Bread toaster,False,0,26,,independent,IND,,,₹2.84 L,Jothivel. A,93122,Diploma / ITI
Female,180,35,Farmer Carrying Plough,False,0,1,,ntk,NTK,,,₹1.35 Cr,Ezhilarasi Vijayendran,93123,Master's Degree
Male,180,49,Rising sun,True,0,2,,spa,DMK,,,₹nan,V.Muthuraja,93124,Bachelor's Degree
Male,180,39,Lotus,False,0,3,,nda,BJP,,,₹13.45 Cr,N.Ramachandran,93125,Not Specified
Male,180,46,Laptop,False,0,4,,others,SFRBC,,,₹37.30 L,E.Ramalingam,93126,Bachelor's Degree
Male,180,61,Whistle,False,0,5,,tvk,TVK,,,₹69.95 L,K.M.Shariff,93127,10th Grade (SSLC)
Male,180,42,Camera,False,0,6,,others,TAVK,,,"₹55,000",S.Niyaz Ahamed,93128,8th Grade
Female,180,48,Flag with three stars,False,0,7,,others,CPI(ML),,,₹5.71 L,G.Manimegalai,93129,10th Grade (SSLC)
Male,180,42,Pestle and mortar,False,0,8,,others,VTVTK,,,₹2.02 L,A.Rajasekar,93130,12th Grade (HSC / +2)
Male,180,61,Gas cylinder,False,0,9,,others,PT,,,₹60.60 L,K.Rengan,93131,Diploma / ITI
Male,180,35,Harmonium,False,0,10,,independent,IND,,,₹6.12 L,G.Arivazhagan,93132,Bachelor's Degree
Male,180,35,Television,False,0,11,,independent,IND,,,₹1.26 L,Kangatharan .P,93133,Master's Degree
Male,180,43,Saw,False,0,12,,independent,IND,,,₹nan,C.Karuppaiah,93134,Bachelor's Degree
Male,180,46,Peanuts,False,0,13,,independent,IND,,,₹6.76 L,C.Karuppaiah,93135,Bachelor's Degree
Male,180,34,Diamond,False,0,14,,independent,IND,,,₹4.16 L,K.Kailasakumar,93136,Not Specified
Male,180,64,Tube light,False,0,15,,independent,IND,,,₹76.40 L,C.Govindasamy,93137,Master's Degree
Male,180,52,Matchbox,False,0,16,,independent,IND,,,₹14.24 L,R.Sivakumar,93138,Bachelor's Degree
Male,180,32,Road roller,False,0,17,,independent,IND,,,"₹45,500",A.Subaresh Raja,93139,Not Specified
Male,180,29,Cauliflower,False,0,18,,independent,IND,,,₹6.00 L,Senthilnathan .B,93140,Bachelor's Degree
Male,180,58,Electric pole,False,0,19,,independent,IND,,,₹50.51 L,S.Selvaraj,93141,8th Grade
Male,180,47,Robot,False,0,20,,independent,IND,,,₹nan,K.Dhanagopal,93142,10th Grade (SSLC)
Male,180,35,Balloon,False,0,21,,independent,IND,,,₹45.26 L,G.Duraisaravanan,93143,Bachelor's Degree
Male,180,41,Flute,False,0,22,,independent,IND,,,₹45.06 L,M.A.Muthukumar,93144,Bachelor's Degree
Male,180,36,Almirah,False,0,23,,independent,IND,,,₹5.93 L,G.Muthuraj,93145,10th Grade (SSLC)
Male,180,55,Well,False,0,24,,independent,IND,,,₹1.30 L,K.Murugesan,93146,10th Grade (SSLC)
Male,180,53,Peas,False,0,25,,independent,IND,,,₹nan,D.Ramesh,93147,Bachelor's Degree
Male,180,72,Bucket,False,0,26,,independent,IND,,,"₹20,000",A.Radhakrishnan,93148,12th Grade (HSC / +2)
Male,180,45,Baby walker,False,0,27,,independent,IND,,,"₹40,000",Ramachandran .C,93149,12th Grade (HSC / +2)
Male,180,45,Box,False,0,28,,independent,IND,,,"₹40,000",C.Ramachandran,93150,12th Grade (HSC / +2)
Male,180,63,Gramophone,False,0,29,,independent,IND,,,"₹10,106",R.Ramachandran,93151,Master's Degree
Male,180,54,Ship,False,0,30,,independent,IND,,,"₹50,000",V.R.Jayakumar,93152,12th Grade (HSC / +2)
Male,181,75,Rising sun,False,0,1,,spa,DMK,,,₹4.22 Cr,Regupathy.S,93153,Bachelor's Degree
Female,181,43,Farmer Carrying Plough,False,0,2,,ntk,NTK,,,₹nan,Lakshmi Srinivasan,93154,Not Specified
Male,181,71,Two leaves,False,0,3,,nda,AIADMK,,,₹1.65 Cr,Vairamuthu.Pk,93155,10th Grade (SSLC)
Female,181,37,Whistle,False,0,4,,tvk,TVK,,,₹nan,Chinthamani.C,93156,Master's Degree
Male,181,55,Gas cylinder,False,0,5,,others,PT,,,₹nan,Subbiah.A,93157,12th Grade (HSC / +2)
Male,181,61,Laptop,False,0,6,,others,SFRBC,,,₹38.34 L,Muthukaruppan.Cn,93158,Master's Degree
Male,181,42,Camera,False,0,7,,others,TAVK,,,₹nan,Ramsingh.Sk,93159,Master's Degree
Male,181,54,Coconut farm,False,0,8,,ajpk,AIPTMMK,,,"₹16,179",Raja.K,93160,Bachelor's Degree
Male,181,27,Pen nib with seven rays,False,0,9,,independent,IND,,,₹1.30 L,Eswar.S,93161,12th Grade (HSC / +2)
Male,181,32,Jackfruit,False,0,10,,independent,IND,,,₹15.30 L,Sathishkumar.M,93162,Diploma / ITI
Male,181,46,Mike,False,0,11,,independent,IND,,,₹7.05 L,Chinnathambi.P,93163,8th Grade
Male,181,58,Ring,False,0,12,,independent,IND,,,₹14.20 L,Subramanian.P,93164,Not Specified
Male,181,57,Bat,False,0,13,,independent,IND,,,"₹50,000",Durairajan.M,93165,8th Grade
Male,181,32,Trumpet,False,0,14,,independent,IND,,,"₹40,668",Ramnath.T,93166,Bachelor's Degree
Male,182,57,Rising sun,True,0,1,,spa,DMK,,,₹27.19 L,Siva.V.Meyyanathan,93167,Master's Degree
Male,182,46,Farmer Carrying Plough,False,0,2,,ntk,NTK,,,"₹40,000",R.Rajaram,93168,Bachelor's Degree
Male,182,44,Two leaves,False,0,3,,nda,AIADMK,,,₹1.61 Cr,Dhana Vimal,93169,Bachelor's Degree
Male,182,44,Whistle,False,0,4,,tvk,TVK,,,₹6.88 L,Kandasamy,93170,Not Specified
Male,182,28,Laptop,False,0,5,,others,SFRBC,,,"₹50,000",R.Suresh,93171,12th Grade (HSC / +2)
Male,182,48,Coconut farm,False,0,6,,ajpk,AIPTMMK,,,₹17.31 L,D.Pushparaj,93172,10th Grade (SSLC)
Male,182,33,Balloon,False,0,7,,others,AIMMK,,,"₹10,000",S Malaiyandi,93173,10th Grade (SSLC)
Male,182,35,Gas Stove,False,0,8,,independent,IND,,,₹1.28 L,V.Kannadassan,93174,Not Specified
Male,182,45,Ring,False,0,9,,independent,IND,,,₹5.50 L,Sasikumar.P,93175,Bachelor's Degree
Male,182,32,Batsman,False,0,10,,independent,IND,,,"₹12,000",B.Selvam,93176,Bachelor's Degree
Male,182,42,Box,False,0,11,,independent,IND,,,"₹10,000",T.Thirumaran,93177,Master's Degree
Male,182,73,Pen stand,False,0,12,,independent,IND,,,₹2.41 L,M.Nagarajan,93178,Not Specified
Male,182,45,Bangles,False,0,13,,independent,IND,,,"₹11,000",K.Murugesan,93179,Not Specified
Male,182,37,Electric pole,False,0,14,,independent,IND,,,"₹16,500",S.Vanmeganadhan,93180,12th Grade (HSC / +2)
Female,183,48,Lotus,False,0,1,,nda,BJP,,,₹97.26 L,Kavitha Srikanth,93181,Master's Degree
Female,183,34,Farmer Carrying Plough,False,0,2,,ntk,NTK,,,₹27.61 L,Muthulakshmi. S,93182,Bachelor's Degree
Male,183,45,Hand,True,0,3,,spa,INC,,,₹73.08 L,Ramachandran . T,93183,Bachelor's Degree
Male,183,25,Camera,False,0,4,,others,TAVK,,,₹23.22 L,Nazim Khan. M,93184,Bachelor's Degree
Male,183,31,Whistle,False,0,5,,tvk,TVK,,,₹nan,Mohamed Farvas. J,93185,Bachelor's Degree
Male,183,37,Ring,False,0,6,,independent,IND,,,₹32.45 L,Abdul Jaffar. S,93186,10th Grade (SSLC)
Male,183,46,Bat,False,0,7,,independent,IND,,,₹9.12 L,Aiyappan,93187,12th Grade (HSC / +2)
Male,183,58,Battery Torch,False,0,8,,independent,IND,,,"₹15,700",Arunagiri . M,93188,10th Grade (SSLC)
Male,183,36,Mike,False,0,9,,independent,IND,,,"₹5,062",Udaiyappan. M,93189,8th Grade
Male,183,36,Coconut farm,False,0,10,,independent,IND,,,"₹80,138",Karthikeyan. N,93190,Master's Degree
Male,183,45,Jackfruit,False,0,11,,independent,IND,,,₹12.96 L,Kalimuthu. P,93191,Bachelor's Degree
Male,183,58,CCTV Camera,False,0,12,,independent,IND,,,₹16.70 L,Shahul Hameed . N,93192,12th Grade (HSC / +2)
Male,183,47,Water melon,False,0,13,,independent,IND,,,₹29.12 L,Sundar . A,93193,Bachelor's Degree
Male,183,46,Bucket,False,0,14,,independent,IND,,,₹nan,Dhetchna Moorthy. Doctor. S,93194,Not Specified
Male,183,26,Matchbox,False,0,15,,independent,IND,,,₹1.30 L,Murugarethinam. T,93195,Diploma / ITI
Male,184,30,Elephant,False,0,1,,others,BSP,,,"₹23,000",Ranjithkumar Balusamy,93196,Bachelor's Degree
Male,184,60,Farmer Carrying Plough,False,0,2,,ntk,NTK,,,₹nan,Seeman,93197,Bachelor's Degree
Male,184,62,Hand,False,0,3,,spa,INC,,,₹2.61 Cr,Mangudi. S,93198,Bachelor's Degree
Male,184,38,Walking stick,False,0,4,,others,SMNK,,,₹8.52 L,Aziz Abdul Rahman. J,93199,Bachelor's Degree
Male,184,70,Ganna kisan,False,0,5,,others,RPI (A),,,₹82.96 L,Karuppiah. K,93200,Master's Degree
Male,184,41,Coconut farm,False,0,6,,ajpk,AIPTMMK,,,₹52.71 L,Kalimuthu. A,93201,Bachelor's Degree
Male,184,50,Pressure cooker,False,0,7,,nda,AMMK,,,₹8.45 Cr,Dherpoki V.Pandi,93202,Diploma / ITI
Male,184,42,Gas cylinder,False,0,8,,others,PT,,,"₹71,227",Newton Babu. C,93203,12th Grade (HSC / +2)
Male,184,41,Whistle,False,0,9,,tvk,TVK,,,₹7.42 Cr,Dr.Prabhu. Tk,93204,Not Specified
Male,184,45,Bucket,False,0,10,,independent,IND,,,₹40.43 L,Ramu. M,93205,10th Grade (SSLC)
Male,184,60,Tooth brush,False,0,11,,independent,IND,,,"₹25,000",Udhuman Ali. M.S,93206,12th Grade (HSC / +2)
Male,184,49,Tea filter,False,0,12,,independent,IND,,,"₹66,000",Kalidass. R,93207,5th Grade
Female,184,46,Binoculars,False,0,13,,independent,IND,,,"₹15,000",Shanthi. B,93208,12th Grade (HSC / +2)
Male,184,32,Frying pan,False,0,14,,independent,IND,,,"₹21,000",Suresh. V,93209,10th Grade (SSLC)
Female,184,37,Box,False,0,15,,independent,IND,,,₹3.12 L,Selvi. K,93210,9th Grade
Male,184,31,Batsman,False,0,16,,independent,IND,,,₹1.50 L,Dinesh. K,93211,Bachelor's Degree
Male,184,41,Bread toaster,False,0,17,,independent,IND,,,"₹15,000",Pandi. S,93212,Not Specified
Male,184,38,Mike,False,0,18,,independent,IND,,,"₹30,000",Prabu. G,93213,Master's Degree
Male,184,37,Matchbox,False,0,19,,independent,IND,,,₹1.72 L,Manimaran. R,93214,8th Grade
Male,184,32,Bat,False,0,20,,independent,IND,,,₹nan,Muthukumar. K,93215,Bachelor's Degree
Male,184,34,Ship,False,0,21,,independent,IND,,,"₹1,000",Ramanathan. S.V,93216,Not Specified
Male,184,35,Battery Torch,False,0,22,,independent,IND,,,₹10.01 L,Lakshmanan. R,93217,Bachelor's Degree
Male,184,25,Ring,False,0,23,,independent,IND,,,"₹25,000",Veeramanikandan. V,93218,9th Grade
Male,184,45,Kettle,False,0,24,,independent,IND,,,"₹56,500",Velu. K,93219,9th Grade
Female,184,40,Balloon,False,0,25,,independent,IND,,,₹6.12 L,Jeevitha. A,93220,Not Specified
Male,185,52,Lotus,False,0,1,,nda,BJP,,,₹32.18 L,Thirumaran. K.C,93221,Bachelor's Degree
Male,185,66,Rising sun,False,0,2,,spa,DMK,,,₹8.63 Cr,Periakaruppan. Kr,93222,Bachelor's Degree
Female,185,32,Farmer Carrying Plough,False,0,3,,ntk,NTK,,,₹nan,Ramya Mohan,93223,Not Specified
Female,185,42,Coconut farm,False,0,4,,ajpk,AIPTMMK,,,₹82.70 L,Umadevi. S,93224,Bachelor's Degree
Male,185,38,Whistle,False,0,5,,tvk,TVK,,,₹56.82 L,Seenivasa Sethupathy. R,93225,Master's Degree
Male,185,67,Baby walker,False,0,6,,independent,IND,,,"₹1,000",Shanmugam. M,93226,8th Grade
Male,185,71,Electric pole,False,0,7,,independent,IND,,,"₹1,000",Sethu. P,93227,6th Grade
Female,185,42,Balloon,False,0,8,,independent,IND,,,"₹1,000",Panchavarnam. M,93228,8th Grade
Female,185,39,Computer,False,0,9,,independent,IND,,,"₹1,000",Bakiyalakshmi. M,93229,8th Grade
Male,185,56,Tiller,False,0,10,,independent,IND,,,"₹33,000",Piraman. P,93230,6th Grade
Female,185,64,Bucket,False,0,11,,independent,IND,,,"₹1,000",Mallika. A,93231,5th Grade
Male,185,43,Gift pack,False,0,12,,independent,IND,,,₹5.71 L,Marimuthu. S,93232,7th Grade
Male,185,49,Pen nib with seven rays,False,0,13,,independent,IND,,,₹1.75 Cr,Raja. K.P.M,93233,10th Grade (SSLC)
Male,185,41,Bat,False,0,14,,independent,IND,,,₹1.85 Cr,Dr.Vinayaga Meyyarasu. T,93234,Bachelor's Degree
Male,185,49,Ship,False,0,15,,independent,IND,,,₹nan,Vishwanathan. S,93235,9th Grade
Female,186,35,Farmer Carrying Plough,False,0,1,,ntk,NTK,,,₹31.00 L,Indhuja R,93236,Diploma / ITI
Male,186,56,Rising sun,False,0,2,,spa,DMK,,,₹1.24 Cr,Karunaas S,93237,12th Grade (HSC / +2)
Male,186,58,Two leaves,False,0,3,,nda,AIADMK,,,₹6.17 Cr,Senthilnathan Pr,93238,Bachelor's Degree
Male,186,55,Elephant,False,0,4,,others,BSP,,,₹3.20 L,Marimuthu K,93239,12th Grade (HSC / +2)
Male,186,68,Balloon,False,0,5,,others,DMSK,,,₹55.80 L,Rajamanickam M,93240,Not Specified
Female,186,55,Whistle,False,0,6,,tvk,TVK,,,₹22.07 L,Kulanthai Rani A,93241,Bachelor's Degree
Male,186,44,Coconut farm,False,0,7,,ajpk,AIPTMMK,,,₹86.66 L,Muruganantham Guru,93242,Bachelor's Degree
Male,186,31,Camera,False,0,8,,others,TAVK,,,₹15.73 L,Rajesh X,93243,Diploma / ITI
Male,186,46,Laptop,False,0,9,,others,SFRBC,,,₹1.09 L,Rajkumar C,93244,Diploma / ITI
Male,186,63,Bead necklace,False,0,10,,independent,IND,,,₹74.77 L,Irudayaraj V,93245,Master's Degree
Male,186,42,Pen nib with seven rays,False,0,11,,independent,IND,,,₹16.60 L,Karthik M,93246,Diploma / ITI
Male,186,45,Bricks,False,0,12,,independent,IND,,,₹6.52 L,Kaleeswaran M,93247,10th Grade (SSLC)
Male,186,59,Gas cylinder,False,0,13,,independent,IND,,,"₹5,379",Santhanam,93248,8th Grade
Male,186,40,Box,False,0,14,,independent,IND,,,"₹27,000",Nagaprabu,93249,10th Grade (SSLC)
Male,186,64,Bat,False,0,15,,independent,IND,,,₹4.07 L,Paulsamy,93250,5th Grade
Male,186,63,Matchbox,False,0,16,,independent,IND,,,₹13.41 L,Prabakaran S.T,93251,10th Grade (SSLC)
Male,186,53,Bucket,False,0,17,,independent,IND,,,₹12.28 L,Ramesh K,93252,10th Grade (SSLC)
Female,187,33,Farmer Carrying Plough,False,0,1,,ntk,NTK,,,₹11.25 L,Shanmugapriya.M,93253,Not Specified
Female,187,50,Rising sun,True,0,2,,spa,DMK,,,₹2.67 Cr,Tamilarasi.A,93254,Bachelor's Degree
Male,187,48,Lotus,False,0,3,,nda,BJP,,,₹2.96 Cr,Balaganapathy.V,93255,Bachelor's Degree
Male,187,32,Camera,False,0,4,,others,TAVK,,,₹3.61 L,Arunpandian.A,93256,Bachelor's Degree
Male,187,58,Ganna kisan,False,0,5,,others,RPI,,,₹6.50 L,Arumugam.V,93257,Bachelor's Degree
Male,187,44,Whistle,False,0,6,,tvk,TVK,,,₹15.68 L,Elangovan.D,93258,Bachelor's Degree
Male,187,33,Coconut farm,False,0,7,,ajpk,AIPTMMK,,,₹20.63 L,Thilagaraj.K,93259,Master's Degree
Male,187,28,Gas cylinder,False,0,8,,others,PT,,,₹2.00 L,Rajamanikkam.A,93260,Bachelor's Degree
Male,187,52,Television,False,0,9,,independent,IND,,,₹2.80 L,Karuppusami.V,93261,Bachelor's Degree
Male,187,48,Ship,False,0,10,,independent,IND,,,₹19.56 L,Shankarganesan.S,93262,Not Specified
Male,187,27,Telephone,False,0,11,,independent,IND,,,₹nan,Sathish.T,93263,Bachelor's Degree
Male,187,35,Peas,False,0,12,,independent,IND,,,₹18.77 L,Bharathidasan.S,93264,Bachelor's Degree
Male,187,61,Calculator,False,0,13,,independent,IND,,,₹6.14 L,Raju.J.M,93265,Master's Degree
Male,187,40,Flute,False,0,14,,independent,IND,,,"₹5,100",Veerapandi.V,93266,9th Grade
Male,188,58,Farmer Carrying Plough,False,0,1,,ntk,NTK,,,₹2.05 Cr,Kottaikumar,93267,Bachelor's Degree
Male,188,54,Two leaves,False,0,2,,nda,AIADMK,,,₹19.90 L,P.Periyapullan (A) Selvam,93268,12th Grade (HSC / +2)
Male,188,61,Hand,False,0,3,,spa,INC,,,₹17.65 L,P.Viswanathan,93269,Bachelor's Degree
Female,188,37,Coconut farm,False,0,4,,ajpk,AIPTMMK,,,₹1.94 Cr,Soniagandhi,93270,Diploma / ITI
Male,188,50,Gas cylinder,False,0,5,,others,PT,,,"₹86,150",M.Panneerselvam,93271,Diploma / ITI
Male,188,50,Whistle,False,0,6,,tvk,TVK,,,₹54.64 L,A.Maduraiveeran,93272,10th Grade (SSLC)
Male,188,49,Flag with three stars,False,0,7,,others,CPI(ML),,,"₹43,000",K.Meyyar,93273,10th Grade (SSLC)
Male,188,51,Water tank,False,0,8,,independent,IND,,,₹1.04 L,K.Sethuraman,93274,Not Specified
Male,188,45,Well,False,0,9,,independent,IND,,,₹30.95 L,S.Boopathi,93275,Bachelor's Degree
Male,188,40,Truck,False,0,10,,independent,IND,,,₹11.09 L,K.Manikandaprabu,93276,9th Grade
Male,188,65,Computer,False,0,11,,independent,IND,,,₹4.67 Cr,M.Murugan,93277,Bachelor's Degree
Male,188,59,Carrom board,False,0,12,,independent,IND,,,₹1.77 L,C.Mohanram,93278,12th Grade (HSC / +2)
Male,188,35,CCTV Camera,False,0,13,,independent,IND,,,"₹44,000",C.Ramesh,93279,Bachelor's Degree
Male,189,42,Farmer Carrying Plough,False,0,1,,ntk,NTK,,,₹38.01 L,Selvam K,93280,Bachelor's Degree
Male,189,68,Two leaves,False,0,2,,nda,AIADMK,,,₹2.00 Cr,Mahendran K,93281,Bachelor's Degree
Male,189,67,Rising sun,True,0,3,,spa,DMK,,,₹11.97 Cr,Moorthy P,93282,12th Grade (HSC / +2)
Male,189,57,Whistle,False,0,4,,tvk,TVK,,,₹2.94 Cr,Karthikeyan S,93283,Bachelor's Degree
Male,189,39,Gas cylinder,False,0,5,,others,PT,,,₹2.71 L,Bharathiraja A,93284,9th Grade
Male,189,45,Ganna kisan,False,0,6,,others,RPI (A),,,"₹50,000",Prince S,93285,Bachelor's Degree
Male,189,41,Camera,False,0,7,,others,TAVK,,,₹2.25 L,Boomirajan K,93286,5th Grade
Male,189,50,CCTV Camera,False,0,8,,independent,IND,,,₹1.89 L,Arasu S,93287,10th Grade (SSLC)
Male,189,34,Television,False,0,9,,independent,IND,,,"₹24,250",Arun Pandian A J,93288,7th Grade
Male,189,27,Frying pan,False,0,10,,independent,IND,,,₹1.52 L,Ajay Kannan A,93289,Diploma / ITI
Male,189,51,Tea filter,False,0,11,,independent,IND,,,₹1.55 L,Karthikeyan G,93290,10th Grade (SSLC)
Male,189,49,Dumbbells,False,0,12,,independent,IND,,,₹4.28 Cr,Chandra Mouliswaran A,93291,Bachelor's Degree
Male,189,59,Electric pole,False,0,13,,independent,IND,,,₹1.52 L,Pitchai V,93292,10th Grade (SSLC)
Male,189,29,Diamond,False,0,14,,independent,IND,,,₹2.24 L,Mugeshkumar M,93293,Bachelor's Degree
Male,189,60,Jackfruit,False,0,15,,independent,IND,,,₹22.00 L,Velladurai A,93294,9th Grade
Female,190,38,Farmer Carrying Plough,False,0,1,,ntk,NTK,,,₹13.25 L,Nagalakshmi Thirumaran.T,93295,Bachelor's Degree
Male,190,60,Two leaves,False,0,2,,nda,AIADMK,,,₹24.02 Cr,Manickam.K,93296,Not Specified
Male,190,50,Rising sun,True,0,3,,spa,DMK,,,₹nan,Venkatesan.A,93297,Bachelor's Degree
Male,190,61,Whistle,False,0,4,,tvk,TVK,,,₹29.00 L,Karuppaiah.M.V,93298,Master's Degree
Male,190,55,Camera,False,0,5,,others,TAVK,,,₹7.71 L,Thangapandi.P,93299,7th Grade
Male,190,52,Coconut farm,False,0,6,,ajpk,AIPTMMK,,,₹9.49 Cr,Balamurugan.K,93300,Bachelor's Degree
Male,190,37,Gas cylinder,False,0,7,,others,PT,,,₹25.27 L,Raghu.K,93301,Master's Degree
Male,190,49,Well,False,0,8,,others,IDMK,,,₹2.30 L,Ramadoss.C,93302,10th Grade (SSLC)
Male,190,26,Air conditioner,False,0,9,,independent,IND,,,"₹25,813",Ajay Subash.B,93303,Master's Degree
Male,190,59,Almirah,False,0,10,,independent,IND,,,₹5.27 L,Krishnasamy.P,93304,8th Grade
Male,190,66,Bat,False,0,11,,independent,IND,,,₹1.79 Cr,Gunasekaran.P,93305,Bachelor's Degree
Male,190,34,Baby walker,False,0,12,,independent,IND,,,₹4.38 L,Balamurugan.C,93306,9th Grade
Male,190,41,Balloon,False,0,13,,independent,IND,,,₹13.18 L,Balamurugan.R,93307,12th Grade (HSC / +2)
Male,190,35,Television,False,0,14,,independent,IND,,,₹12.42 L,Ranjith Kumar.S,93308,Master's Degree
Male,191,56,Two leaves,False,0,1,,nda,AIADMK,,,₹13.28 Cr,P.Saravanan,93309,Not Specified
Male,191,70,Rising sun,False,0,2,,spa,DMK,,,₹2.72 Cr,G.Thalapathi,93310,10th Grade (SSLC)
Male,191,44,Farmer Carrying Plough,False,0,3,,ntk,NTK,,,₹25.29 L,V Thirunavukkarasu,93311,Master's Degree
Male,191,41,Whistle,False,0,4,,tvk,TVK,,,₹1.13 Cr,A.Kallanai,93312,Bachelor's Degree
Male,191,48,Spanner,False,0,5,,others,NIP,,,₹28.24 L,R Rajkumar,93313,Not Specified
Male,191,58,Gas cylinder,False,0,6,,others,SUCI(C),,,₹3.05 L,M J Voltaire,93314,Master's Degree
Male,191,44,Electric pole,False,0,7,,independent,IND,,,₹31.37 L,N.Kuppusamy,93315,10th Grade (SSLC)
Male,191,35,Tooth brush,False,0,8,,independent,IND,,,₹3.06 L,J.Kesavarajah,93316,Bachelor's Degree
Male,191,40,Matchbox,False,0,9,,independent,IND,,,"₹99,000",M.P.Sankarapandi,93317,7th Grade
Male,191,37,Stethoscope,False,0,10,,independent,IND,,,₹45.53 L,C.Sathishkumar,93318,10th Grade (SSLC)
Male,191,43,Pen drive,False,0,11,,independent,IND,,,"₹44,913",D.Mohamed Ismail,93319,6th Grade
Male,191,56,Mike,False,0,12,,independent,IND,,,"₹91,944",P Muthusamy,93320,10th Grade (SSLC)
Male,191,78,Baby walker,False,0,13,,independent,IND,,,₹49.60 L,A.Rajangam,93321,Bachelor's Degree
Male,192,61,Lotus,False,0,1,,nda,BJP,,,₹1.26 Cr,Raama Sreenivasan,93322,Doctorate (Ph.D / MD)
Female,192,46,Farmer Carrying Plough,False,0,2,,ntk,NTK,,,₹nan,B.M.Sumathy,93323,Master's Degree
Male,192,66,Rising sun,False,0,3,,spa,DMK,,,₹6.13 Cr,M.Boominathan,93324,Primary (Up to 4th)
Male,192,45,Camera,False,0,4,,others,TAVK,,,₹29.28 L,S.Iruthyaraj,93325,8th Grade
Male,192,40,Whistle,False,0,5,,tvk,TVK,,,₹31.83 L,M.M.Gopison,93326,Master's Degree
Female,192,49,Electric pole,False,0,6,,independent,IND,,,"₹16,000",K.Jeya,93327,8th Grade
Male,193,39,Farmer Carrying Plough,False,0,1,,ntk,NTK,,,₹72.56 L,Abdul Hakeem K,93328,Master's Degree
Male,193,58,Two leaves,False,0,2,,nda,AIADMK,,,₹23.79 Cr,Sundar C,93329,Not Specified
Male,193,60,Rising sun,True,0,3,,spa,DMK,,,₹nan,Palanivel Thiaga Rajan,93330,Doctorate (Ph.D / MD)
Male,193,41,Elephant,False,0,4,,others,BSP,,,₹3.00 L,Ramar Pandi T,91217,4th Grade
Male,193,65,Coconut farm,False,0,5,,ajpk,AIPTMMK,,,₹6.00 L,Sakkaravarthy P,93332,Bachelor's Degree
Male,193,42,Whistle,False,0,6,,tvk,TVK,,,₹2.22 Cr,Madhar Badhurudeen,93333,10th Grade (SSLC)
Male,193,73,Balloon,False,0,7,,independent,IND,,,₹55.41 L,Avadainathan V,93334,Doctorate (Ph.D / MD)
Male,193,29,Flute,False,0,8,,independent,IND,,,"₹46,500",Guru Karthick T,93335,10th Grade (SSLC)
Male,193,53,Ring,False,0,9,,independent,IND,,,₹nan,Saleem,93336,Not Specified
Male,193,43,Mike,False,0,10,,independent,IND,,,₹2.32 L,Sivaperumal V,93337,Master's Degree
Male,193,50,Gas cylinder,False,0,11,,independent,IND,,,₹11.62 L,Manivannan,93338,Bachelor's Degree
Male,193,42,Battery Torch,False,0,12,,independent,IND,,,₹nan,Rajendran R,93339,Bachelor's Degree
Male,194,73,Two leaves,False,0,1,,nda,AIADMK,,,₹10.29 Cr,Sellur K Raju,93340,Bachelor's Degree
Male,194,44,Rising sun,False,0,2,,spa,DMK,,,₹1.33 Cr,Balaji R,93341,Bachelor's Degree
Male,194,29,Farmer Carrying Plough,False,0,3,,ntk,NTK,,,₹45.84 L,Vigneshkumar S,93342,Bachelor's Degree
Male,194,46,Whistle,False,0,4,,tvk,TVK,,,₹1.00 Cr,Thangapandi Sr,93343,8th Grade
Male,194,44,Camera,False,0,5,,others,TAVK,,,₹4.80 L,Madurai Veeran S,93344,12th Grade (HSC / +2)
Male,194,49,Ring,False,0,6,,others,VTK,,,₹29.20 L,Muthupandi R,93345,6th Grade
Male,194,35,Flute,False,0,7,,independent,IND,,,₹1.45 L,Anandh K,93346,Bachelor's Degree
Male,194,43,Diamond,False,0,8,,independent,IND,,,₹32.35 L,Tharma Prabu V S,93347,Bachelor's Degree
Male,194,35,Diesel pump,False,0,9,,independent,IND,,,₹2.65 L,Manoj Kumar R,93348,Bachelor's Degree
Male,194,42,Binoculars,False,0,10,,independent,IND,,,₹11.93 L,Muthukumar S,93349,10th Grade (SSLC)
Male,194,45,Clip,False,0,11,,independent,IND,,,₹nan,Muthukumar D,93350,Bachelor's Degree
Male,194,53,Green chilli,False,0,12,,independent,IND,,,"₹82,000",Rahamadullah S,93351,Bachelor's Degree
Male,194,30,Coconut farm,False,0,13,,independent,IND,,,₹6.33 L,Rajkumar S,93352,Master's Degree
Male,194,58,Balloon,False,0,14,,independent,IND,,,₹20.99 L,Venkatesan M,93353,Bachelor's Degree
Female,195,35,Rising sun,False,0,1,,spa,DMK,,,₹4.16 Cr,Kiruthiga Thangapandi,93354,Bachelor's Degree
Female,195,38,Farmer Carrying Plough,False,0,2,,ntk,NTK,,,₹68.12 L,Sathyadevi. T,93355,Doctorate (Ph.D / MD)
Male,195,75,Two leaves,False,0,3,,nda,AIADMK,,,₹78.00 L,Rajanchellappa. V.V,93356,Master's Degree
Male,195,45,Spanner,False,0,4,,others,NIP,,,₹10.25 L,Chelladurai. R,93357,7th Grade
Male,195,55,Gas cylinder,False,0,5,,others,PT,,,₹30.68 L,Sethuraman. A,93358,Diploma / ITI
Male,195,49,Camera,False,0,6,,others,TAVK,,,"₹39,000",Syed Ibrahim. M,93359,Diploma / ITI
Male,195,55,Coconut farm,False,0,7,,ajpk,AIPTMMK,,,₹12.96 L,Thanapandian. T,93360,5th Grade
Male,195,44,Whistle,False,0,8,,tvk,TVK,,,₹7.97 Cr,Nirmalkumar. R,93361,Master's Degree
Female,195,47,Jackfruit,False,0,9,,others,ETMK,,,₹19.04 L,Mookkayee. C,93362,Bachelor's Degree
Male,195,66,Ring,False,0,10,,others,RSD (R),,,₹32.84 L,Renganathan Doraisamy,93363,12th Grade (HSC / +2)
Male,195,62,Bat,False,0,11,,independent,IND,,,₹1.01 L,Arumugam. G,93364,Primary (Up to 4th)
Male,195,33,Matchbox,False,0,12,,independent,IND,,,"₹10,000",Ukkra Pandian. S,93365,Master's Degree
Male,195,31,Calculator,False,0,13,,independent,IND,,,"₹51,000",Pounraj. N,93366,10th Grade (SSLC)
Male,195,26,Tooth brush,False,0,14,,independent,IND,,,₹22.56 L,Raj. P,93367,Bachelor's Degree
Male,195,33,Air conditioner,False,0,15,,independent,IND,,,"₹82,000",Vallarasan. K,93368,Bachelor's Degree
Male,196,52,Two leaves,True,0,1,,nda,AIADMK,,,₹27.78 L,Udhayakumar.R.B,93369,Bachelor's Degree
Male,196,51,Rising sun,False,0,2,,spa,DMK,,,₹11.18 L,Manimaran.M,93370,7th Grade
Male,196,35,Farmer Carrying Plough,False,0,3,,ntk,NTK,,,₹nan,Munish.N,93371,Doctorate (Ph.D / MD)
Male,196,45,Jackfruit,False,0,4,,others,ETMK,,,₹25.81 L,Alagar.A,93372,9th Grade
Female,196,38,Ring,False,0,5,,others,AIDMMK,,,₹10.01 L,Kalaiselvi.R,93373,9th Grade
Male,196,37,Whistle,False,0,6,,tvk,TVK,,,₹51.50 L,Sathishkumar.N,93374,12th Grade (HSC / +2)
Female,196,29,Coconut farm,False,0,7,,ajpk,AIPTMMK,,,₹25.50 L,Jeevitha Nachiyar.B,93375,Bachelor's Degree
Male,196,52,Matchbox,False,0,8,,independent,IND,,,"₹20,000",Ayyanan.P,93376,8th Grade
Male,196,50,Almirah,False,0,9,,independent,IND,,,"₹54,500",Girishkumar.A,93377,Not Specified
Male,196,45,Water melon,False,0,10,,independent,IND,,,₹28.99 L,Sakkaravarthy.P,93378,Not Specified
Male,196,62,Pencil box,False,0,11,,independent,IND,,,₹4.34 L,Nagoor.M,93379,Not Specified
Male,196,42,Mike,False,0,12,,independent,IND,,,₹95.58 L,Bharath.M,93380,Bachelor's Degree
Male,196,46,Calculator,False,0,13,,independent,IND,,,₹12.01 L,Muthuraja.M,93381,Bachelor's Degree
Male,196,49,Gas cylinder,False,0,14,,independent,IND,,,₹14.85 L,Murugan.S,93382,Primary (Up to 4th)
Male,196,43,Cot,False,0,15,,independent,IND,,,₹13.10 L,Vengateswaran.B,93383,Bachelor's Degree
Female,197,25,Farmer Carrying Plough,False,0,1,,ntk,NTK,,,₹8.73 L,Abirami. D,93384,Bachelor's Degree
Male,197,48,Hand,False,0,2,,spa,INC,,,₹3.73 Cr,Saravanakumar. T,93385,Bachelor's Degree
Male,197,61,Two leaves,False,0,3,,nda,AIADMK,,,₹7.97 Cr,Mahendran. I,93386,Bachelor's Degree
Male,197,62,Elephant,False,0,4,,others,BSP,,,₹37.00 L,Vellaipandi. V,93387,Master's Degree
Male,197,60,Coconut farm,True,0,5,,ajpk,AIPTMMK,,,₹nan,Ayyappan. P,93388,Bachelor's Degree
Male,197,40,Whistle,False,0,6,,tvk,TVK,,,₹nan,Vijay. M,93389,Not Specified
Female,197,25,Ship,False,0,7,,independent,IND,,,₹20.00 L,Kiranya. S,93390,12th Grade (HSC / +2)
Male,197,44,Throwing a javelin,False,0,8,,independent,IND,,,₹1.50 L,Dhanasekaran. T,93391,12th Grade (HSC / +2)
Male,197,48,Mike,False,0,9,,independent,IND,,,₹1.20 L,Thiagarajan. O.V,93392,Bachelor's Degree
Male,197,52,Lady finger,False,0,10,,independent,IND,,,₹9.70 L,Thirumoorthy. A,93393,Bachelor's Degree
Female,197,46,Diamond,False,0,11,,independent,IND,,,₹96.52 L,Praveena. S,93394,Bachelor's Degree
Male,197,39,Water melon,False,0,12,,independent,IND,,,"₹14,995",Muthu. N,93395,7th Grade
Female,198,49,Elephant,False,0,1,,others,BSP,,,₹10.00 L,Esakkiammal.M,93396,10th Grade (SSLC)
Female,198,35,Farmer Carrying Plough,False,0,2,,ntk,NTK,,,₹24.30 L,Gomathi .M,93397,Bachelor's Degree
Male,198,72,Rising sun,False,0,3,,spa,DMK,,,₹16.44 Cr,Maharajan.A,93398,8th Grade
Male,198,66,Two leaves,False,0,4,,nda,AIADMK,,,₹53.02 Cr,Logirajan.A,93399,6th Grade
Male,198,46,Truck,False,0,5,,others,CPIML Red Star,,,₹36.81 L,Irumborai.G,93400,12th Grade (HSC / +2)
Male,198,42,Gas cylinder,False,0,6,,others,PT,,,"₹89,400",Elayaraja.M,93401,10th Grade (SSLC)
Male,198,59,Coconut farm,False,0,7,,ajpk,AIPTMMK,,,₹49.62 L,Chellapandiyan.S,93402,Master's Degree
Male,198,46,Whistle,False,0,8,,tvk,TVK,,,₹29.66 L,Pandi.V,93403,9th Grade
Male,198,29,Camera,False,0,9,,others,TAVK,,,"₹10,000",Mohammed Rukman.M,93404,Diploma / ITI
Male,198,53,Pestle and mortar,False,0,10,,others,VTVTK,,,₹4.57 L,Jeyamurugan.M.P,93405,Diploma / ITI
Male,198,54,Dumbbells,False,0,11,,independent,IND,,,₹1.31 L,Karuppaiya,93406,9th Grade
Male,198,70,Diamond,False,0,12,,independent,IND,,,₹14.61 L,Gopal.S,93407,5th Grade
Male,198,25,Baby walker,False,0,13,,independent,IND,,,"₹35,010",Gopinath.P,93408,Diploma / ITI
Male,198,35,Ship,False,0,14,,independent,IND,,,"₹35,700",Neelakannan.T,93409,10th Grade (SSLC)
Male,198,37,Matchbox,False,0,15,,independent,IND,,,₹52.85 L,Packiaraj.S,93410,Bachelor's Degree
Male,198,35,Cauliflower,False,0,16,,independent,IND,,,"₹95,000",Pandidurai.P,93411,Diploma / ITI
Male,198,45,Brief case,False,0,17,,independent,IND,,,₹5.85 L,Vijayaraj.R,93412,Bachelor's Degree
Male,198,50,Binoculars,False,0,18,,independent,IND,,,"₹47,000",Jagadeesan.P,93413,Diploma / ITI
Male,199,63,Pot,False,0,1,,spa,VCK,,,₹1.21 L,Sakthivel P,93414,Bachelor's Degree
Female,199,43,Farmer Carrying Plough,False,0,2,,ntk,NTK,,,₹20.77 L,Vimala R,93415,Bachelor's Degree
Male,199,68,Pressure cooker,False,0,3,,nda,AMMK,,,₹16.32 L,Dr Kathirkamu K,93416,Not Specified
Male,199,28,Whistle,False,0,4,,tvk,TVK,,,₹17.75 L,Sabari Iyngaran G,93417,Master's Degree
Male,199,39,Gas cylinder,False,0,5,,others,PT,,,₹10.80 L,Marisamy V,93418,9th Grade
Male,199,39,Scissors,False,0,6,,others,SUCI(C),,,₹1.10 L,Ranjeeth Kumar J,93419,9th Grade
Female,199,25,Kettle,False,0,7,,independent,IND,,,₹5.31 L,Abitha M,93420,12th Grade (HSC / +2)
Male,199,28,Frying pan,False,0,8,,independent,IND,,,₹5.45 L,Kumar S,93421,10th Grade (SSLC)
Male,199,60,Pan,False,0,9,,independent,IND,,,₹1.75 L,Sanmugavel K,91804,5th Grade
Male,199,44,Funnel,False,0,10,,independent,IND,,,"₹12,500",Selvaraj R,93423,5th Grade
Male,199,31,Tea filter,False,0,11,,independent,IND,,,"₹42,806",Palanichamy T,93424,Bachelor's Degree
Male,199,50,Batsman,False,0,12,,independent,IND,,,₹2.95 L,Dr. Mohanraj A.C. (P.T),93425,Not Specified
Male,199,30,Mixee,False,0,13,,independent,IND,,,"₹25,000",Vairamuthu D,93426,Diploma / ITI
Male,200,61,Farmer Carrying Plough,False,0,1,,ntk,NTK,,,₹1.04 Cr,Kalaiarasu.S,93427,Doctorate (Ph.D / MD)
Male,200,65,Two leaves,False,0,2,,nda,AIADMK,,,₹63.81 Cr,Narayanasamy V.T,93428,Diploma / ITI
Male,200,75,Rising sun,False,0,3,,spa,DMK,,,₹11.97 Cr,Panneerselvam.O,93429,Bachelor's Degree
Male,200,71,Coconut farm,False,0,4,,ajpk,AIPTMMK,,,₹16.89 L,Padmanabhan.N,93430,Master's Degree
Male,200,39,Flag with three stars,False,0,5,,others,CPI(ML),,,₹1.12 L,Dr.Pandikumar.S,93431,Doctorate (Ph.D / MD)
Male,200,38,Whistle,False,0,6,,tvk,TVK,,,₹64.84 L,Prakash.S,93432,Diploma / ITI
Male,200,55,Ring,False,0,7,,others,VTK,,,₹nan,Raja.M,93433,10th Grade (SSLC)
Male,200,47,Gas cylinder,False,0,8,,independent,IND,,,₹32.35 L,Karuppaiah.G,93434,8th Grade
Male,200,37,Jackfruit,False,0,9,,independent,IND,,,"₹50,149",Gowtham.R,93435,Diploma / ITI
Male,200,62,Ship,False,0,10,,independent,IND,,,₹nan,Chandrasekaran.S,93436,12th Grade (HSC / +2)
Male,200,41,Mike,False,0,11,,independent,IND,,,"₹33,225",Saravanakumar.V,93437,10th Grade (SSLC)
Male,200,33,Tea filter,False,0,12,,independent,IND,,,₹1.56 L,Selvamurugan.P,93438,10th Grade (SSLC)
Female,200,35,Diamond,False,0,13,,independent,IND,,,₹67.87 L,Nagananthini.V,93439,Master's Degree
Male,200,61,Bat,False,0,14,,independent,IND,,,₹1.10 Cr,Balasubramani.R,93440,10th Grade (SSLC)
Male,200,46,Nail cutter,False,0,15,,independent,IND,,,₹5.94 L,Velraj.K,93441,Bachelor's Degree
Female,201,57,Farmer Carrying Plough,False,0,1,,ntk,NTK,,,₹41.42 L,Anbuselvi A,93442,Master's Degree
Male,201,77,Rising sun,False,0,2,,spa,DMK,,,₹158.52 Cr,Eramakrishnan N,93443,Master's Degree
Male,201,75,Two leaves,False,0,3,,nda,AIADMK,,,₹34.41 L,Jakkaiyan S.T.K,93444,Bachelor's Degree
Male,201,35,Gas cylinder,False,0,4,,others,NGPP,,,₹5.59 L,Kathiravan S,93445,Diploma / ITI
Male,201,39,Camera,False,0,5,,others,TAVK,,,"₹5,000",Muthu Bagavathi M,93446,10th Grade (SSLC)
Male,201,50,Whistle,False,0,6,,tvk,TVK,,,₹nan,Jeganathmishra Pla,93447,Bachelor's Degree
Male,201,33,Bucket,False,0,7,,independent,IND,,,₹4.26 L,Ashok Kumar A,93448,12th Grade (HSC / +2)
Male,201,41,Clip,False,0,8,,independent,IND,,,₹3.26 L,Arunkumar A,93449,Bachelor's Degree
Male,201,47,Lady finger,False,0,9,,independent,IND,,,₹5.41 L,Saravanan S.R,93450,12th Grade (HSC / +2)
Male,201,47,Electric pole,False,0,10,,independent,IND,,,₹nan,Subramaniyam L R,93451,Not Specified
Male,201,51,Coconut farm,False,0,11,,independent,IND,,,₹8.22 L,Thasthakeer I,93452,10th Grade (SSLC)
Male,201,50,Football player,False,0,12,,independent,IND,,,₹1.60 Cr,Nanthakumar A,93453,Not Specified
Male,201,35,Ship,False,0,13,,independent,IND,,,₹2.39 L,Balan R,93454,Bachelor's Degree
Male,201,42,Diamond,False,0,14,,independent,IND,,,₹4.23 L,Prakash P,93455,Bachelor's Degree
Male,201,43,Bat,False,0,15,,independent,IND,,,₹1.18 L,Prakash P,93456,Diploma / ITI
Male,201,39,Frying pan,False,0,16,,independent,IND,,,₹2.44 L,Muthuselvam G,93457,12th Grade (HSC / +2)
Male,201,31,Box,False,0,17,,independent,IND,,,"₹86,000",Rajadurai S,93458,10th Grade (SSLC)
Male,201,55,Hand cart,False,0,18,,independent,IND,,,₹73.05 L,Rajamohammed T,93459,10th Grade (SSLC)
Male,201,35,Almirah,False,0,19,,independent,IND,,,₹6.84 L,Vinoth Kumar R,93460,9th Grade
Male,202,33,Farmer Carrying Plough,False,0,1,,ntk,NTK,,,₹nan,Dr. Karthikeyan. T.E,93461,Bachelor's Degree
Male,202,57,Rising sun,True,0,2,,spa,DMK,,,₹11.47 Cr,Thangapandian. S,93462,6th Grade
Female,202,56,Lotus,False,0,3,,nda,BJP,,,₹14.38 Cr,Priscilla Pandian. J,93463,Doctorate (Ph.D / MD)
Female,202,41,Ganna kisan,False,0,4,,others,RPI (A),,,"₹78,000",Nasrin Banu. T,93464,12th Grade (HSC / +2)
Female,202,38,Gas cylinder,False,0,5,,others,PT,,,₹10.20 L,Ramadevi. T,93465,Bachelor's Degree
Female,202,40,Whistle,False,0,6,,tvk,TVK,,,₹nan,Jegadeshwari. K,93466,Bachelor's Degree
Male,202,28,Coconut farm,False,0,7,,ajpk,AIPTMMK,,,₹15.74 Cr,Harish. A,93467,Bachelor's Degree
Male,202,62,Bricks,False,0,8,,independent,IND,,,₹30.72 Cr,Alagupandian. A,93468,9th Grade
Male,202,32,Diamond,False,0,9,,independent,IND,,,₹1.48 L,Alagumurugan. S,93469,8th Grade
Male,202,43,Electric pole,False,0,10,,independent,IND,,,₹7.27 L,Ganesan. K,93470,Bachelor's Degree
Male,202,59,Razor,False,0,11,,independent,IND,,,"₹50,000",Shanmugachandra Velavan. C.C,93471,10th Grade (SSLC)
Male,202,50,Tiller,False,0,12,,independent,IND,,,"₹84,000",Saravanan. G,93472,Doctorate (Ph.D / MD)
Male,202,34,Television,False,0,13,,independent,IND,,,₹5.18 L,Samuel Raj,93473,12th Grade (HSC / +2)
Male,202,30,Jackfruit,False,0,14,,independent,IND,,,"₹70,000",Selvakumar. A,93474,Bachelor's Degree
Female,202,35,Matchbox,False,0,15,,independent,IND,,,₹19.39 L,Selvi. K,93475,Master's Degree
Male,202,33,Helmet,False,0,16,,independent,IND,,,₹1.02 L,Thangapandi. B,93476,Bachelor's Degree
Male,202,50,Balloon,False,0,17,,independent,IND,,,₹4.03 L,Balamurugan. V,93477,Master's Degree
Male,202,71,Batsman,False,0,18,,independent,IND,,,₹nan,Manmathan. M,93478,10th Grade (SSLC)
Female,202,45,Tube light,False,0,19,,independent,IND,,,₹nan,Muthulakshmi. R,93479,Master's Degree
Male,202,56,Lunch box,False,0,20,,independent,IND,,,₹nan,Murugan. D,93480,5th Grade
Male,202,67,Ring,False,0,21,,independent,IND,,,₹1.10 Cr,Vijendran. G,93481,Doctorate (Ph.D / MD)
Female,202,47,Pressure cooker,False,0,22,,independent,IND,,,₹15.00 L,Jegathishwari. N,93482,5th Grade
Male,203,46,Farmer Carrying Plough,False,0,1,,ntk,NTK,,,₹13.50 L,Karikalapandiyan.A,93483,Bachelor's Degree
Female,203,44,Two leaves,False,0,2,,nda,AIADMK,,,₹1.59 Cr,Chandraprabha.M,93484,Master's Degree
Male,203,53,Ears of corn and sickle,False,0,3,,spa,CPI,,,₹7.56 L,Mahalingam.P,93485,Bachelor's Degree
Male,203,37,Whistle,False,0,4,,tvk,TVK,,,₹nan,Karthik.A,93486,Master's Degree
Male,203,51,Coconut farm,False,0,5,,ajpk,AIPTMMK,,,₹82.50 L,Chandra.M,93487,Not Specified
Male,203,54,Spanner,False,0,6,,others,NIP,,,₹3.03 L,Varatharajan.A,93488,Bachelor's Degree
Male,203,33,Gas cylinder,False,0,7,,others,PT,,,₹14.17 Cr,Dr. Shyam Krishnasamy,93489,Not Specified
Male,203,31,Boat with man and sail,False,0,8,,independent,IND,,,"₹59,000",Alaguraja T,93490,Bachelor's Degree
Male,203,25,Air conditioner,False,0,9,,independent,IND,,,₹12.20 L,Sudandiradoss.M,93491,Not Specified
Male,203,30,Television,False,0,10,,independent,IND,,,₹9.05 L,Suryaprakash.R,93492,Bachelor's Degree
Female,203,38,Peas,False,0,11,,independent,IND,,,₹nan,Devialakshmi Saranya.K,93493,Not Specified
Female,203,37,Ring,False,0,12,,independent,IND,,,"₹15,184",Pandiyammal.M,93494,Not Specified
Male,203,44,Stethoscope,False,0,13,,independent,IND,,,₹64.50 L,Muthuraj.U,93495,6th Grade
Male,203,47,Mike,False,0,14,,independent,IND,,,"₹42,000",Murugesan.S,93496,10th Grade (SSLC)
Male,204,49,Farmer Carrying Plough,False,0,1,,ntk,NTK,,,₹2.13 Cr,Anandharaja. D,93497,Bachelor's Degree
Male,204,67,Rising sun,False,0,2,,spa,DMK,,,₹1.91 Cr,Kadarkarairaj. A,93498,10th Grade (SSLC)
Male,204,53,Elephant,False,0,3,,others,BSP,,,₹1.15 Cr,Kamala Vel Selvan. P,93499,Bachelor's Degree
Male,204,65,Lotus,False,0,4,,nda,BJP,,,₹nan,Nainar Nagenthran,93500,Not Specified
Male,204,32,Whistle,False,0,5,,tvk,TVK,,,₹nan,Ajith. M,93501,Master's Degree
Male,204,39,Coconut farm,False,0,6,,ajpk,AIPTMMK,,,₹10.27 L,Esakkiraja. K,93502,Not Specified
Male,204,33,Baby walker,False,0,7,,others,PMTDK,,,₹9.92 L,Thanga Durai. P,93503,10th Grade (SSLC)
Male,204,59,Electric pole,False,0,8,,others,TAMNK,,,₹12.13 L,Muthukannu. C,93504,Bachelor's Degree
Male,204,50,Gas cylinder,False,0,9,,others,PT,,,"₹73,000",Velmurugan. S,93505,10th Grade (SSLC)
Male,204,28,Ring,False,0,10,,independent,IND,,,₹6.84 L,Ajithkumar. S,93506,Bachelor's Degree
Male,204,34,Bat,False,0,11,,independent,IND,,,₹7.25 L,Kaliraj. M,93507,Not Specified
Male,204,52,Ship,False,0,12,,independent,IND,,,"₹58,000",Saravanan. P,93508,Bachelor's Degree
Male,204,53,Mike,False,0,13,,independent,IND,,,"₹49,000",Thanga Mariappan. J,93509,Bachelor's Degree
Female,204,48,Belt,False,0,14,,independent,IND,,,"₹50,000",Narmada Nandhakumar,93510,Master's Degree
Male,204,32,Spanner,False,0,15,,independent,IND,,,₹5.43 L,Mahendran. M,93511,Master's Degree
Male,204,36,Matchbox,False,0,16,,independent,IND,,,₹1.56 L,Maheshkumar. M,93512,Bachelor's Degree
Male,204,47,Diamond,False,0,17,,independent,IND,,,₹1.00 L,Manivasagam.S,93513,Bachelor's Degree
Male,204,35,Gas Stove,False,0,18,,independent,IND,,,₹nan,Mayakkannan. V,93514,Bachelor's Degree
Male,204,37,Battery Torch,False,0,19,,independent,IND,,,₹21.40 L,Mutharasan. M,93515,Master's Degree
Male,204,45,Jackfruit,False,0,20,,independent,IND,,,₹1.12 L,Ramesh Kumar. B,93516,Diploma / ITI
Male,204,67,Sewing machine,False,0,21,,independent,IND,,,₹74.05 L,Vijendran. G,93517,Doctorate (Ph.D / MD)
Male,204,31,Telephone,False,0,22,,independent,IND,,,₹7.32 L,Venkatesan. M,93518,Not Specified
Male,205,67,Hand,True,0,1,,spa,INC,,,₹57.94 Cr,Ashokan G,93519,Bachelor's Degree
Female,205,45,Farmer Carrying Plough,False,0,2,,ntk,NTK,,,₹30.49 L,Esther Mary Diana A,93520,12th Grade (HSC / +2)
Male,205,32,Elephant,False,0,3,,others,BSP,,,"₹26,450",Suresh K,93521,Bachelor's Degree
Male,205,62,Two leaves,False,0,4,,nda,AIADMK,,,₹3.29 Cr,Rajenthrabhalaji K T,93522,10th Grade (SSLC)
Male,205,70,Coconut farm,False,0,5,,ajpk,AIPTMMK,,,₹4.99 Cr,Ganesan M,93523,9th Grade
Male,205,29,Gas cylinder,False,0,6,,others,PT,,,₹48.50 L,Kanipandi M,93524,7th Grade
Female,205,30,Whistle,False,0,7,,tvk,TVK,,,₹22.58 L,Keerthana S,93525,Master's Degree
Male,205,38,Flag with three stars,False,0,8,,others,CPI(ML),,,₹6.20 L,Chinnadurai Alias Dimitro S,93526,Not Specified
Male,205,57,Matchbox,False,0,9,,independent,IND,,,₹6.42 L,Ganesan S,93527,8th Grade
Male,205,70,Gift pack,False,0,10,,independent,IND,,,₹3.30 L,Ganesan V,93528,Not Specified
Female,205,59,Pen drive,False,0,11,,independent,IND,,,₹12.08 L,Nagalakshmi V,93529,Diploma / ITI
Male,205,43,Bucket,False,0,12,,independent,IND,,,₹1.57 L,Murugan M,93530,9th Grade
Male,205,39,Pressure cooker,False,0,13,,independent,IND,,,₹11.29 L,Ramesh P,93531,Bachelor's Degree
Male,205,33,Camera,False,0,14,,independent,IND,,,₹33.56 L,Venkatesh V,93532,Bachelor's Degree
Male,206,51,Two leaves,False,0,1,,nda,AIADMK,,,₹52.55 Cr,Ganesan V.G,93533,10th Grade (SSLC)
Male,206,27,Farmer Carrying Plough,False,0,2,,ntk,NTK,,,₹9.84 L,Lakshmanan,93534,Bachelor's Degree
Male,206,35,Nagara,False,0,3,,spa,DMDK,,,₹21.74 Cr,Vijayaprabhakar,93535,Not Specified
Male,206,31,Whistle,False,0,4,,tvk,TVK,,,₹nan,Selvam P,93536,Not Specified
Male,206,57,Gas cylinder,False,0,5,,others,PT,,,₹3.30 L,Balasubramaniam M,90831,3rd Grade
Male,206,54,Battery Torch,False,0,6,,others,NMEK,,,₹2.21 Cr,Rathinaraja S,93538,Master's Degree
Male,206,41,Mike,False,0,7,,others,DMMK,,,"₹17,000",Vikraman N,93539,Doctorate (Ph.D / MD)
Male,206,30,Throwing a javelin,False,0,8,,independent,IND,,,"₹12,500",Amirtha Pandi M.V,93540,12th Grade (HSC / +2)
Male,206,27,Noodles bowl,False,0,9,,independent,IND,,,₹3.39 L,Ajay I,93541,12th Grade (HSC / +2)
Male,206,71,Ring,False,0,10,,independent,IND,,,"₹8,500",Gunasundaram R,93542,Doctorate (Ph.D / MD)
Male,206,68,Diamond,False,0,11,,independent,IND,,,"₹83,744",Gurusamy S,93543,10th Grade (SSLC)
Male,206,29,Ship,False,0,12,,independent,IND,,,"₹21,000",Santhosh Kumar R,93544,Master's Degree
Male,206,48,Bat,False,0,13,,independent,IND,,,₹2.31 L,Subburaj K,93545,8th Grade
Male,206,58,Pressure cooker,False,0,14,,independent,IND,,,₹8.92 L,Muthuvel S,93546,Bachelor's Degree
Male,206,30,Electric pole,False,0,15,,independent,IND,,,₹1.42 L,Ranjith S,93547,Bachelor's Degree
Male,207,76,Rising sun,False,0,1,,spa,DMK,,,₹1.65 Cr,Ramachandran. K.K.S.S.R,93548,10th Grade (SSLC)
Male,207,53,Two leaves,False,0,2,,nda,AIADMK,,,₹nan,Sethupathy. S,93549,Not Specified
Male,207,41,Farmer Carrying Plough,False,0,3,,ntk,NTK,,,₹45.62 L,Manimaran. G,93550,Diploma / ITI
Male,207,45,Jackfruit,False,0,4,,others,ETMK,,,₹16.78 L,Elango. G,93551,Diploma / ITI
Male,207,41,Baby walker,False,0,5,,others,PMTDK,,,₹41.71 L,Ganesan. V,93552,10th Grade (SSLC)
Male,207,31,Whistle,False,0,6,,tvk,TVK,,,₹20.72 L,Karthik Kumar. K,93553,Diploma / ITI
Male,207,34,Mike,False,0,7,,others,DMMK,,,"₹11,866",Sanjay Gandhi. V,93554,10th Grade (SSLC)
Male,207,47,Coconut farm,False,0,8,,ajpk,AIPTMMK,,,₹13.05 L,Dharmaraj. P,93555,Not Specified
Male,207,51,Gas cylinder,False,0,9,,others,PT,,,₹2.41 L,Ragupathi. K,93556,Bachelor's Degree
Male,207,29,Gift pack,False,0,10,,independent,IND,,,₹nan,Arumugam. V,93557,Diploma / ITI
Male,207,58,Pressure cooker,False,0,11,,independent,IND,,,₹11.31 L,Anandhan. A,93558,8th Grade
Male,207,31,Well,False,0,12,,independent,IND,,,"₹20,000",Karthik. M,93559,5th Grade
Male,207,27,Helmet,False,0,13,,independent,IND,,,₹1.04 L,Advocate Sadhuragiri. M,93560,Bachelor's Degree
Male,207,48,Batsman,False,0,14,,independent,IND,,,₹7.27 L,Chinnasamy. G,93561,6th Grade
Male,207,39,Bucket,False,0,15,,independent,IND,,,"₹51,000",Sundaramahalingam. A,93562,12th Grade (HSC / +2)
Male,207,41,Balloon,False,0,16,,independent,IND,,,₹16.20 L,Sundaramoorthi. S,93563,Not Specified
Male,207,30,Electric pole,False,0,17,,independent,IND,,,"₹20,000",Sureshkumar. K,93564,10th Grade (SSLC)
Male,207,48,Computer,False,0,18,,independent,IND,,,₹60.00 L,Senthilkumar. S,93565,Bachelor's Degree
Male,207,46,Biscuit,False,0,19,,independent,IND,,,₹62.03 L,Palanikumar. M,93566,10th Grade (SSLC)
Male,207,35,Bat,False,0,20,,independent,IND,,,₹28.65 L,Marivel. K,93567,12th Grade (HSC / +2)
Male,207,46,Iron,False,0,21,,independent,IND,,,"₹50,000",Muniyandi. M,93568,5th Grade
Male,207,32,Laptop,False,0,22,,independent,IND,,,₹1.17 L,Ramakrishnan. S,93569,9th Grade
Male,207,48,Matchbox,False,0,23,,independent,IND,,,"₹36,500",Ramamoorthy. G,93570,Master's Degree
Male,207,28,Ring,False,0,24,,independent,IND,,,"₹50,000",Veeraraj. R,93571,5th Grade
Male,207,59,Calculator,False,0,25,,independent,IND,,,₹15.50 L,Venkatesan. P.S,93572,12th Grade (HSC / +2)
Male,208,34,Farmer Carrying Plough,False,0,1,,ntk,NTK,,,₹nan,Avarangadu Karthik Raja,93573,Master's Degree
Male,208,59,Rising sun,True,0,2,,spa,DMK,,,₹1.55 Cr,Thangam Thenarasu,93574,Bachelor's Degree
Male,208,53,Two leaves,False,0,3,,nda,AIADMK,,,₹10.54 Cr,Rajavarman.M.S.R,93575,10th Grade (SSLC)
Male,208,39,Jackfruit,False,0,4,,others,ETMK,,,₹19.10 L,Kannan.G,93576,Diploma / ITI
Male,208,53,Gas cylinder,False,0,5,,others,PT,,,₹1.12 L,Gunasekaran.G,93577,8th Grade
Male,208,35,Whistle,False,0,6,,tvk,TVK,,,₹21.37 L,Samayan.S,93578,6th Grade
Male,208,63,Coconut farm,False,0,7,,ajpk,AIPTMMK,,,₹22.74 L,Murugesapandian.T,93579,12th Grade (HSC / +2)
Male,208,49,Camera,False,0,8,,others,TAVK,,,₹58.05 L,Rajkumar.D,93580,9th Grade
Male,208,63,Bricks,False,0,9,,others,ASP,,,₹24.30 L,Vellaisamy.P,93581,5th Grade
Male,208,28,Electric pole,False,0,10,,independent,IND,,,₹2.02 L,Aravinthasamy.J,93582,Diploma / ITI
Male,208,55,Swing,False,0,11,,independent,IND,,,₹nan,Kalimuthu.S,93583,10th Grade (SSLC)
Male,208,63,Tennis racket & ball,False,0,12,,independent,IND,,,₹88.82 L,Gurusamy.T,93584,6th Grade
Male,208,45,Refrigerator,False,0,13,,independent,IND,,,₹nan,Chenna Kesavan.P,93585,7th Grade
Male,208,81,CCTV Camera,False,0,14,,independent,IND,,,"₹39,908",Sethuramalingam.S,93586,10th Grade (SSLC)
Male,208,42,Helmet,False,0,15,,independent,IND,,,₹17.55 L,Advocate Thangapandian,93587,Bachelor's Degree
Male,208,45,Balloon,False,0,16,,independent,IND,,,₹5.51 L,Nallamaruthu.K,93588,10th Grade (SSLC)
Male,208,52,Door bell,False,0,17,,independent,IND,,,"₹57,000",Palaniyandi.M,93589,12th Grade (HSC / +2)
Male,208,43,Telephone,False,0,18,,independent,IND,,,₹2.20 L,Malai Alagu.M,93590,Bachelor's Degree
Male,208,49,Capsicum,False,0,19,,independent,IND,,,₹1.53 L,Marimuthu.M,93591,5th Grade
Male,208,51,Flute,False,0,20,,independent,IND,,,₹14.28 L,Marnadu.M,93592,8th Grade
Male,208,49,Coat,False,0,21,,independent,IND,,,₹1.20 L,Muniyasamy.R,93593,8th Grade
Male,208,64,Chain,False,0,22,,independent,IND,,,₹6.02 L,Rajangam.C,93594,10th Grade (SSLC)
Female,208,39,Lighter,False,0,23,,independent,IND,,,"₹15,000",Jeyachitra,93595,10th Grade (SSLC)
Female,209,38,Farmer Carrying Plough,False,0,1,,ntk,NTK,,,₹56.60 L,Ezhil Elavarasi. R,93596,Bachelor's Degree
Male,209,40,Rising sun,False,0,2,,spa,DMK,,,₹79.42 L,Advocate. Kathiravan. K.K,93597,Bachelor's Degree
Male,209,69,Two leaves,False,0,3,,nda,AIADMK,,,₹5.58 Cr,Dr. Muthiah. S,93598,Not Specified
Female,209,42,Coconut farm,False,0,4,,ajpk,AIPTMMK,,,₹11.72 L,Amirtha. M,93599,Bachelor's Degree
Male,209,46,Gas cylinder,False,0,5,,others,PT,,,₹21.20 L,Rathina Prakash. K,93600,Bachelor's Degree
Male,209,48,Whistle,False,0,6,,tvk,TVK,,,₹45.12 L,Gopirajan. G,93601,Master's Degree
Male,209,32,Diamond,False,0,7,,independent,IND,,,"₹50,000",Kathiravan. R,93602,Bachelor's Degree
Male,209,35,Gramophone,False,0,8,,independent,IND,,,"₹86,000",Karthik Vani. B,93603,12th Grade (HSC / +2)
Male,209,69,Pen drive,False,0,9,,independent,IND,,,"₹13,000",Muththiah. M,93604,Primary (Up to 4th)
Male,209,29,Dish antenna,False,0,10,,independent,IND,,,"₹50,000",Radha Krishnan. G,93605,Bachelor's Degree
Male,209,45,Kettle,False,0,11,,independent,IND,,,"₹50,000",Raja. M,93606,Master's Degree
Male,209,37,Ship,False,0,12,,independent,IND,,,"₹1,040",Raju. A,93607,Diploma / ITI
Male,210,40,Hand,True,0,1,,spa,INC,,,₹3.21 Cr,Rm. Karumanickam,93608,Bachelor's Degree
Female,210,49,Two leaves,False,0,2,,nda,AIADMK,,,₹6.20 Cr,M.Keerthika,93609,Master's Degree
Male,210,32,Farmer Carrying Plough,False,0,3,,ntk,NTK,,,₹4.83 L,N Premnath,93610,Bachelor's Degree
Male,210,61,Elephant,False,0,4,,others,BSP,,,₹nan,A Muthusamy,93611,Bachelor's Degree
Male,210,37,Television,False,0,5,,others,IDMK,,,₹1.08 L,R Ilaiyaraja,93612,Primary (Up to 4th)
Male,210,40,Camera,False,0,6,,others,TAVK,,,₹13.22 L,K Kaleeswaran,93613,8th Grade
Male,210,49,Lion,False,0,7,,others,AIFB,,,₹31.32 L,S Suresh Kasini Venthan,93614,10th Grade (SSLC)
Male,210,66,Gas cylinder,False,0,8,,others,PT,,,₹21.44 L,S.Balusamy,93615,10th Grade (SSLC)
Male,210,33,Whistle,False,0,9,,tvk,TVK,,,₹nan,Rajeev,93616,Bachelor's Degree
Male,210,42,Matchbox,False,0,10,,independent,IND,,,₹14.35 L,Ms Abdul Bakki,93617,7th Grade
Male,210,81,Almirah,False,0,11,,independent,IND,,,₹12.66 L,Alla Pichai,93618,Bachelor's Degree
Male,210,47,Ship,False,0,12,,independent,IND,,,₹3.03 L,Alagarsamy Pandian,93619,10th Grade (SSLC)
Male,210,70,Balloon,False,0,13,,independent,IND,,,₹7.43 L,N Anbu Bagurudeen,93620,7th Grade
Male,210,45,Black board,False,0,14,,independent,IND,,,₹1.00 L,Sakthik Kumar,93621,12th Grade (HSC / +2)
Male,210,39,Bucket,False,0,15,,independent,IND,,,"₹41,500",B Sikkandar,93622,Bachelor's Degree
Male,210,59,Refrigerator,False,0,16,,independent,IND,,,"₹50,000",A Segu Ali Uduman,93623,9th Grade
Male,210,32,Flute,False,0,17,,independent,IND,,,₹nan,R Thilageswaran,93624,Bachelor's Degree
Male,210,32,Mike,False,0,18,,independent,IND,,,₹13.85 L,A Dinesh Kumar,93625,Bachelor's Degree
Male,210,39,Bat,False,0,19,,independent,IND,,,"₹91,015",Devasitham,93626,Bachelor's Degree
Male,210,81,Ring,False,0,20,,independent,IND,,,"₹15,000",A Mani,93627,6th Grade
Male,210,30,Coconut farm,False,0,21,,independent,IND,,,₹12.49 L,M.Vijay,93628,Bachelor's Degree
Male,211,54,Rising sun,True,0,1,,spa,DMK,,,₹76.44 L,Katharbatcha Muthuramalingam,93629,12th Grade (HSC / +2)
Male,211,57,Lotus,False,0,2,,nda,BJP,,,₹41.47 Cr,Gbs K.Nagendran,93630,Bachelor's Degree
Male,211,32,Farmer Carrying Plough,False,0,3,,ntk,NTK,,,₹1.47 Cr,S.M.Muthu Kesavan,93631,Bachelor's Degree
Male,211,51,Jackfruit,False,0,4,,others,APTADMK,,,₹23.62 L,Dr.J.Abubakkar Sithick,93632,Bachelor's Degree
Male,211,57,Whistle,False,0,5,,tvk,TVK,,,₹30.82 Cr,Shahul Hameed,93633,Doctorate (Ph.D / MD)
Male,211,36,Pestle and mortar,False,0,6,,others,VTVTK,,,₹5.46 L,C.Parirajan,93634,5th Grade
Male,211,56,Flag with three stars,False,0,7,,others,CPI(ML),,,₹60.21 L,S.Murugaboopathy,93635,Bachelor's Degree
Male,211,55,Ship,False,0,8,,independent,IND,,,₹1.09 Cr,Kan Ilango,93636,Bachelor's Degree
Male,211,41,Cauliflower,False,0,9,,independent,IND,,,"₹60,000",Karthigai Pandi,93637,10th Grade (SSLC)
Male,211,38,Gas cylinder,False,0,10,,independent,IND,,,₹39.18 L,A.Chinna Raja,93638,9th Grade
Male,211,65,Water melon,False,0,11,,independent,IND,,,₹1.28 L,Balakrishnan,93639,8th Grade
Male,211,43,Balloon,False,0,12,,independent,IND,,,₹3.31 L,Pullani,92687,6th Grade
Male,211,40,Flute,False,0,13,,independent,IND,,,₹22.73 L,K.Maleswaran,93641,12th Grade (HSC / +2)
Female,212,56,Farmer Carrying Plough,False,0,1,,ntk,NTK,,,₹51.63 L,Chandra Prabha Jeyapal,93642,Doctorate (Ph.D / MD)
Male,212,79,Two leaves,False,0,2,,nda,AIADMK,,,₹18.21 Cr,S.Pandi,93643,8th Grade
Male,212,77,Rising sun,True,0,3,,spa,DMK,,,₹23.34 L,R.S.Rajakannappan,93644,Bachelor's Degree
Male,212,39,Pen nib with seven rays,False,0,4,,others,NAMK,,,"₹91,000",M.Irulandi,93958,5th Grade
Male,212,45,Spanner,False,0,5,,others,NIP,,,₹nan,A.Saravanakumar,93646,8th Grade
Male,212,48,Camera,False,0,6,,others,TAVK,,,₹7.12 L,K.Senthil Mallar,93647,Master's Degree
Male,212,40,Baby walker,False,0,7,,others,PMTDK,,,₹68.02 L,G.Selvaraj,93648,12th Grade (HSC / +2)
Female,212,48,Whistle,False,0,8,,tvk,TVK,,,₹94.71 L,Malarvizhi. B,93649,9th Grade
Male,212,47,Gas cylinder,False,0,9,,others,PT,,,₹nan,C.Malaiselvam,93650,10th Grade (SSLC)
Male,212,35,Coconut farm,False,0,10,,ajpk,AIPTMMK,,,₹64.05 L,Dr.R.Ramkumar,93651,Bachelor's Degree
Male,212,34,Football player,False,0,11,,independent,IND,,,₹2.11 L,K.Gangai Amaran,93652,Bachelor's Degree
Male,212,25,Boat with man and sail,False,0,12,,independent,IND,,,"₹20,500",M.Karuppa Samy,93653,8th Grade
Male,212,26,Bricks,False,0,13,,independent,IND,,,₹8.90 L,C.Kengusamy,93654,12th Grade (HSC / +2)
Male,212,40,Jackfruit,False,0,14,,independent,IND,,,₹27.80 L,Sathiyam C.Saravanan,93655,Master's Degree
Male,212,61,Electric pole,False,0,15,,independent,IND,,,₹55.98 L,V.Pandi,93656,8th Grade
Male,212,43,Matchbox,False,0,16,,independent,IND,,,₹2.32 L,M.Boominathan (A) M.K.Vaiyavan,93657,Bachelor's Degree
Male,212,44,Road roller,False,0,17,,independent,IND,,,₹7.66 L,K.Murugan,93658,10th Grade (SSLC)
Male,212,37,Battery Torch,False,0,18,,independent,IND,,,"₹88,309",R.Moovendran,93659,Master's Degree
Male,212,55,Cauliflower,False,0,19,,independent,IND,,,₹26.33 L,Ravi Govinthan,93660,Not Specified
Male,212,43,Ship,False,0,20,,independent,IND,,,₹7.03 L,K.Rajakumar,93661,Bachelor's Degree
Female,213,48,Two leaves,False,0,1,,nda,AIADMK,,,₹1.62 Cr,R.Sathya,93662,Bachelor's Degree
Male,213,36,Farmer Carrying Plough,False,0,2,,ntk,NTK,,,₹14.34 L,Balaji Ramachandran,93663,Master's Degree
Male,213,49,Rising sun,False,0,3,,spa,DMK,,,₹32.13 L,Markandayan G V,93664,Bachelor's Degree
Male,213,44,Whistle,False,0,4,,tvk,TVK,,,₹56.26 L,P.Kasiram,93665,7th Grade
Male,213,53,Spanner,False,0,5,,others,NIP,,,₹1.02 Cr,R.Perumal,92099,6th Grade
Male,213,39,Coconut farm,False,0,6,,ajpk,AIPTMMK,,,₹7.05 L,C.Ponpandi,93667,10th Grade (SSLC)
Male,213,50,Gas cylinder,False,0,7,,others,PT,,,₹12.55 L,P.Madasamy,93668,Not Specified
Male,213,26,Diamond,False,0,8,,independent,IND,,,"₹54,781",K.Ajay Kumar,93669,Diploma / ITI
Male,213,50,Bat,False,0,9,,independent,IND,,,₹nan,V.Ganesan,93670,10th Grade (SSLC)
Male,213,43,T.V.Remote,False,0,10,,independent,IND,,,₹5.97 L,A.Patturaj,93671,10th Grade (SSLC)
Male,213,33,Air conditioner,False,0,11,,independent,IND,,,₹14.43 L,A.Prabahar,93672,Bachelor's Degree
Male,213,59,Television,False,0,12,,independent,IND,,,₹8.43 L,M.Ponnusamy,93673,10th Grade (SSLC)
Male,213,53,Calculator,False,0,13,,independent,IND,,,₹8.29 L,G.Muniyasamy,93674,9th Grade
Male,213,59,Matchbox,False,0,14,,independent,IND,,,₹15.32 L,P.Rajasekaran,93675,Master's Degree
Male,213,50,Balloon,False,0,15,,independent,IND,,,"₹10,000",P.Jeyakumar,93676,Bachelor's Degree
Female,214,55,Rising sun,True,0,1,True,spa,DMK,,,₹1.81 Cr,P.Geetha Jeevan,93677,Master's Degree
Male,214,70,Two leaves,False,0,2,,nda,AIADMK,,,₹15.26 Cr,Chellapandian S.T,93678,Master's Degree
Male,214,25,Farmer Carrying Plough,False,0,3,,ntk,NTK,,,₹1.34 Cr,Jacob Devadoss Abisheak R,93679,Bachelor's Degree
Male,214,64,Coconut farm,False,0,4,,ajpk,AIPTMMK,,,₹2.38 L,Yesadurai S,91274,5th Grade
Male,214,56,Camera,False,0,5,,others,TAVK,,,₹36.39 L,Kidar Samsdeen N.A,93681,8th Grade
Male,214,58,Flag with three stars,False,0,6,,others,CPI(ML),,,₹23.11 L,Sahayam T,93682,10th Grade (SSLC)
Male,214,34,Ship,False,0,7,,others,MANK,,,₹1.58 L,Prasanna Kumar M,93683,10th Grade (SSLC)
Male,214,66,Mike,False,0,8,,others,NMEK,,,₹10.08 Cr,Ponkumaran P.P.M.T,93684,Master's Degree
Male,214,56,Spanner,False,0,9,,others,NIP,,,₹4.31 L,Srikanth M.V,93685,Bachelor's Degree
Male,214,52,Whistle,False,0,10,,tvk,TVK,,,₹2.49 Cr,Srinath,93686,12th Grade (HSC / +2)
Male,214,51,Tea filter,False,0,11,,independent,IND,,,"₹50,000",Samuel J,93687,Not Specified
Male,214,46,Pressure cooker,False,0,12,,independent,IND,,,₹35.75 L,Dhinakaran S.T.R.M,93688,10th Grade (SSLC)
Male,214,56,Pen nib with seven rays,False,0,13,,independent,IND,,,"₹20,000",Babu P,93689,10th Grade (SSLC)
Male,214,36,Jackfruit,False,0,14,,independent,IND,,,₹7.60 L,Maruthu Pandian P,93690,Bachelor's Degree
Male,214,46,Diamond,False,0,15,,independent,IND,,,₹12.61 L,Muneeswara Moorthy S,93691,Bachelor's Degree
Male,215,73,Rising sun,True,0,1,,spa,DMK,,,₹5.29 Cr,Anitha R.Radhakrishnan,93692,10th Grade (SSLC)
Female,215,33,Farmer Carrying Plough,False,0,2,,ntk,NTK,,,₹91.00 L,Ophiliya,93693,Master's Degree
Male,215,44,Lotus,False,0,3,,nda,BJP,,,₹1.27 Cr,K.R.M Radhakrishnan,93694,Bachelor's Degree
Male,215,35,Coconut farm,False,0,4,,ajpk,AIPTMMK,,,"₹21,526",Gopalakrishnan,93695,10th Grade (SSLC)
Male,215,47,Spanner,False,0,5,,others,NIP,,,₹6.32 L,Packia Sam. T,93696,Master's Degree
Male,215,37,Baby walker,False,0,6,,others,PMTDK,,,₹45.35 L,Maharajan. M,93697,10th Grade (SSLC)
Male,215,54,Whistle,False,0,7,,tvk,TVK,,,₹47.97 Cr,J.Murugan,93698,Bachelor's Degree
Male,215,49,Camera,False,0,8,,others,TAVK,,,₹nan,Rasik Mussammil. K,93699,10th Grade (SSLC)
Male,215,56,Diamond,False,0,9,,independent,IND,,,"₹57,500",Shaik Abdul Kader. P.S.J,93700,Bachelor's Degree
Male,215,42,Black board,False,0,10,,independent,IND,,,₹2.83 L,Meera Sahib,93701,Master's Degree
Male,215,50,Belt,False,0,11,,independent,IND,,,₹1.09 L,Rajalingam. M,93702,7th Grade
Male,215,67,Bench,False,0,12,,independent,IND,,,"₹10,000",Veerappa. T,93703,6th Grade
Male,215,50,Ship,False,0,13,,independent,IND,,,₹nan,Venkatesh Perumal. S,93704,Master's Degree
Male,216,42,Hand,True,0,1,,spa,INC,,,₹54.33 Cr,Oorvasi Amirtharaj. S,93705,Master's Degree
Male,216,29,Farmer Carrying Plough,False,0,2,,ntk,NTK,,,"₹8,500",Shunmugasundaram. S,93706,Diploma / ITI
Male,216,71,Two leaves,False,0,3,,nda,AIADMK,,,₹26.62 L,Shanmuganathan. S.P,93707,10th Grade (SSLC)
Male,216,35,Whistle,False,0,4,,tvk,TVK,,,₹78.97 L,Saravanan. G,93708,8th Grade
Male,216,37,Balloon,False,0,5,,others,NMEK,,,₹nan,Sudalaimani. A,93709,Bachelor's Degree
Male,216,42,Baby walker,False,0,6,,others,PMTDK,,,₹11.43 L,Subramanian. M,93331,7th Grade
Male,216,37,Spanner,False,0,7,,others,NIP,,,₹5.11 L,Bharath. M,93711,7th Grade
Male,216,63,Ring,False,0,8,,others,VTK,,,₹15.54 L,Mundasamy. K,93712,Bachelor's Degree
Male,216,49,Lion,False,0,9,,others,AIFB,,,₹15.60 L,Muthuramalingam. S,93713,8th Grade
Male,216,48,Gas cylinder,False,0,10,,others,PT,,,₹47.61 L,Rajasuthan. N,93714,12th Grade (HSC / +2)
Male,216,66,Camera,False,0,11,,others,TAVK,,,₹4.22 L,Viyanarasu. A,93715,5th Grade
Male,216,31,Ship,False,0,12,,independent,IND,,,₹13.72 L,Arunachalam. C,93716,Bachelor's Degree
Male,216,52,Tube light,False,0,13,,independent,IND,,,₹1.86 Cr,Bishop Dr Godfrey Noble,93717,Not Specified
Male,216,54,Bangles,False,0,14,,independent,IND,,,₹800,Murugan. S,93718,Master's Degree
Male,216,38,Road roller,False,0,15,,independent,IND,,,"₹62,625",Vasanth Fernando. T,93719,9th Grade
Female,217,31,Farmer Carrying Plough,False,0,1,,ntk,NTK,,,₹49.61 L,M.Anusiya,93720,Bachelor's Degree
Male,217,43,Rising sun,False,0,2,,spa,DMK,,,₹6.82 Cr,P.M.Ramajeyam,93721,Bachelor's Degree
Female,217,40,Mike,False,0,3,,others,NMEK,,,₹27.84 L,C.Aruna Devi,93722,Bachelor's Degree
Male,217,74,Gas cylinder,False,0,4,,others,PT,,,₹14.41 Cr,Dr.K.Krishnasamy,93723,Not Specified
Male,217,59,Pressure cooker,False,0,5,,nda,AMMK,,,₹4.78 Cr,R Sundararaj,93724,Bachelor's Degree
Female,217,46,Spanner,False,0,6,,others,NIP,,,₹1.55 L,Subbulakshmi. S,93725,12th Grade (HSC / +2)
Male,217,39,Camera,False,0,7,,others,TAVK,,,₹14.92 L,C .Selvakumar,93726,9th Grade
Male,217,41,Whistle,False,0,8,,tvk,TVK,,,₹nan,P .Mathanraja,93727,Not Specified
Male,217,35,Balloon,False,0,9,,independent,IND,,,₹21.38 L,M.Ananth,93728,Diploma / ITI
Male,217,42,Black board,False,0,10,,independent,IND,,,"₹22,000",S .Muthuselvam,93729,8th Grade
Male,217,59,Bangles,False,0,11,,independent,IND,,,₹28.57 L,G .Murugan,93730,12th Grade (HSC / +2)
Male,217,41,Bat,False,0,12,,independent,IND,,,₹7.60 L,M .Lakshmanan,93731,Master's Degree
Male,217,67,Diamond,False,0,13,,independent,IND,,,₹1.34 Cr,Vedaprakash. A,93732,Bachelor's Degree
Male,218,66,Two leaves,True,0,1,,nda,AIADMK,,,₹3.01 Cr,Kadambur Raju.C,93733,Not Specified
Male,218,51,Rising sun,False,0,2,,spa,DMK,,,₹1.34 Cr,Karunanithi.K,93734,8th Grade
Male,218,35,Farmer Carrying Plough,False,0,3,,ntk,NTK,,,₹35.91 L,Pandi.P,93735,Bachelor's Degree
Male,218,65,Elephant,False,0,4,,others,BSP,,,₹44.17 L,Ramachandran.R,93736,8th Grade
Male,218,38,Spanner,False,0,5,,others,NIP,,,₹29.03 L,Arumugavel.T,93737,5th Grade
Male,218,48,Coconut farm,False,0,6,,ajpk,AIPTMMK,,,₹4.35 Cr,Kannan.S,93738,10th Grade (SSLC)
Male,218,38,Matchbox,False,0,7,,others,TPK,,,₹26.20 L,Saravanan.S,93739,Bachelor's Degree
Male,218,41,Whistle,False,0,8,,tvk,TVK,,,₹2.97 Cr,Balasubramanian.S,93740,Diploma / ITI
Male,218,28,Baby walker,False,0,9,,others,PMTDK,,,₹5.20 L,Hari Balakrishnan.G,93741,9th Grade
Male,218,49,Gas cylinder,False,0,10,,independent,IND,,,₹22.48 L,Athikumar Kudumbar.B,93742,10th Grade (SSLC)
Male,218,64,Flute,False,0,11,,independent,IND,,,₹nan,Gunasekaran.P,93743,Not Specified
Male,218,50,Road roller,False,0,12,,independent,IND,,,"₹26,788",Gurusamy.K,93744,Bachelor's Degree
Male,218,40,Chappals,False,0,13,,independent,IND,,,₹59.22 L,Chinna Maharaja.K,93745,9th Grade
Male,218,53,Television,False,0,14,,independent,IND,,,₹7.50 L,Sekar.C,93746,10th Grade (SSLC)
Male,218,64,Scissors,False,0,15,,independent,IND,,,₹43.58 L,Paramasivan.S,93747,Master's Degree
Male,218,31,Bat,False,0,16,,independent,IND,,,₹28.07 L,Poundurai.K,93748,Bachelor's Degree
Female,218,38,Diamond,False,0,17,,independent,IND,,,₹5.91 L,Pandimuneeswari.K,93749,12th Grade (HSC / +2)
Male,218,55,Green chilli,False,0,18,,independent,IND,,,₹20.32 L,Premkumar.K,93750,Master's Degree
Male,218,59,Bucket,False,0,19,,independent,IND,,,₹8.95 L,Ponnusamy.M,93751,10th Grade (SSLC)
Male,218,27,Electric pole,False,0,20,,independent,IND,,,"₹21,500",Muneeswaran.R,93752,10th Grade (SSLC)
Male,218,47,Tiller,False,0,21,,independent,IND,,,₹2.82 L,Renganayagalu.S,93753,Bachelor's Degree
Male,219,57,Hand,False,0,1,,spa,INC,,,₹1.17 Cr,Sangai. Ganesan,93754,Bachelor's Degree
Female,219,41,Farmer Carrying Plough,False,0,2,,ntk,NTK,,,₹32.07 L,M.Kavitha,93755,Bachelor's Degree
Male,219,29,Two leaves,False,0,3,,nda,AIADMK,,,₹2.15 Cr,Dr. Dhilipan Jaishankar,93756,Bachelor's Degree
Male,219,31,Elephant,False,0,4,,others,BSP,,,"₹90,000",S.Mariappan,93757,8th Grade
Male,219,60,Spanner,False,0,5,,others,NIP,,,₹55.05 L,N.Selvam,93758,Bachelor's Degree
Male,219,65,Baby walker,False,0,6,,others,PMTDK,,,₹4.44 L,K.Thangavel,93759,5th Grade
Male,219,41,Balloon,False,0,7,,others,BMK,,,"₹4,352",J.Pandi,93760,9th Grade
Male,219,39,Gas cylinder,False,0,8,,others,PT,,,₹1.12 L,Prabakaran,93761,Master's Degree
Male,219,51,Electric pole,False,0,9,,others,TAMNK,,,₹1.39 Cr,C.Ravi,93762,10th Grade (SSLC)
Male,219,41,Whistle,False,0,10,,tvk,TVK,,,₹47.71 L,C.Ramarajan,93763,Master's Degree
Female,219,63,Coconut farm,False,0,11,,ajpk,AIPTMMK,,,₹1.63 Cr,Vasanthi Murugesan,93764,Master's Degree
Male,219,42,Camera,False,0,12,,others,TAVK,,,₹5.60 L,Velraj .S,93765,Bachelor's Degree
Male,219,45,Binoculars,False,0,13,,independent,IND,,,"₹20,000",S.Arulraj,93766,10th Grade (SSLC)
Male,219,35,Peas,False,0,14,,independent,IND,,,₹3.50 L,Anand,93767,Bachelor's Degree
Male,219,42,Nail cutter,False,0,15,,independent,IND,,,₹4.25 L,K.Subburaj,93768,Not Specified
Male,219,43,Diamond,False,0,16,,independent,IND,,,₹5.00 L,K.Suresh,93769,Diploma / ITI
Male,219,54,Refrigerator,False,0,17,,independent,IND,,,₹9.60 L,V.Paulpandian,93770,Bachelor's Degree
Male,219,49,Lady finger,False,0,18,,independent,IND,,,"₹31,000",S.Muthuselvan,93771,Bachelor's Degree
Male,219,36,Tooth brush,False,0,19,,independent,IND,,,₹10.02 L,K.Ravikumar,93772,10th Grade (SSLC)
Male,219,41,Bat,False,0,20,,independent,IND,,,₹1.77 L,M.Raj,93773,9th Grade
Male,220,50,Lotus,False,0,1,,nda,BJP,,,₹24.74 Cr,Ananthan Ayyasamy,93774,Master's Degree
Male,220,39,Farmer Carrying Plough,False,0,2,,ntk,NTK,,,₹3.10 L,Esai Mathivanan,93775,12th Grade (HSC / +2)
Male,220,47,Elephant,False,0,3,,others,BSP,,,"₹41,500",R.Rameshkumar,93776,10th Grade (SSLC)
Male,220,40,Rising sun,False,0,4,,spa,DMK,,,₹7.53 Cr,E.Raja,93777,Master's Degree
Female,220,50,Whistle,False,0,5,,tvk,TVK,,,₹nan,R.Amutharani,93778,12th Grade (HSC / +2)
Male,220,64,Gas cylinder,False,0,6,,others,PT,,,₹53.53 L,K.Paulraj,93779,8th Grade
Female,220,38,Coconut farm,False,0,7,,ajpk,AIPTMMK,,,₹1.82 Cr,A.Ponnuthai,93780,Master's Degree
Male,220,42,Baby walker,False,0,8,,others,PMTDK,,,₹8.11 L,K.Rajendran,93781,10th Grade (SSLC)
Female,220,39,Electric pole,False,0,9,,others,TAMNK,,,₹22.05 L,B.Veeralakshmi,93782,10th Grade (SSLC)
Male,220,67,Matchbox,False,0,10,,independent,IND,,,₹50.00 L,M.Arumugasamy,93783,Bachelor's Degree
Female,220,38,Diamond,False,0,11,,independent,IND,,,₹5.56 L,P.Karpagavalli,93784,10th Grade (SSLC)
Male,220,28,Bat,False,0,12,,independent,IND,,,₹3.25 L,I.Saravanan,93785,Bachelor's Degree
Male,220,51,Laptop,False,0,13,,independent,IND,,,"₹67,363",Senthilkumar,93786,10th Grade (SSLC)
Male,220,66,Air conditioner,False,0,14,,independent,IND,,,₹10.70 L,Selvaraj .C,93787,5th Grade
Male,220,38,Battery Torch,False,0,15,,independent,IND,,,"₹93,275",K.Nagarajan,93666,8th Grade
Male,220,52,Camera,False,0,16,,independent,IND,,,₹15.52 L,A.Palanikumar,93789,Bachelor's Degree
Male,220,25,Pressure cooker,False,0,17,,independent,IND,,,"₹18,424",Prabakaran .R,93790,Diploma / ITI
Male,220,37,Lady finger,False,0,18,,independent,IND,,,₹15.80 L,K.Ramachandran,93791,9th Grade
Male,221,29,Farmer Carrying Plough,False,0,1,,ntk,NTK,,,₹1.51 L,Abubacker Siddheeq,93792,Bachelor's Degree
Male,221,61,Rising sun,False,0,2,,spa,DMK,,,₹nan,Rajendran. T.M,93793,Master's Degree
Male,221,44,Two leaves,True,0,3,,nda,AIADMK,,,₹nan,C.Krishnamurali,93794,Not Specified
Male,221,35,Elephant,False,0,4,,others,BSP,,,₹6.51 L,T.Maheshkumar,93795,Bachelor's Degree
Male,221,45,Whistle,False,0,5,,tvk,TVK,,,₹53.01 L,Abdul Jaleel. R.K,93796,9th Grade
Female,221,39,Bucket,False,0,6,,others,PT,,,₹37.10 L,Kavitha. R,93797,10th Grade (SSLC)
Female,221,31,Camera,False,0,7,,others,TAVK,,,₹10.95 L,Shahin Fathima. A,93798,Bachelor's Degree
Male,221,47,Spanner,False,0,8,,others,NIP,,,₹93.40 L,Sureshkumar. S,93799,Diploma / ITI
Male,221,55,Gas cylinder,False,0,9,,ajpk,AJPK,,,₹4.29 L,Rajan. B.S,93680,8th Grade
Female,221,35,Diamond,False,0,10,,others,SP,,,₹nan,Lakshmi. A,93801,Primary (Up to 4th)
Male,221,67,Matchbox,False,0,11,,independent,IND,,,₹50.00 L,M.Arumugasamy,93802,Bachelor's Degree
Male,221,35,Ship,False,0,12,,independent,IND,,,₹15.32 L,Esakki. K,93803,Bachelor's Degree
Male,221,42,Peas,False,0,13,,independent,IND,,,"₹25,000",Esakki Pandi. K,93804,Master's Degree
Male,221,33,Electric pole,False,0,14,,independent,IND,,,₹5.50 L,Ganesan. M,93805,10th Grade (SSLC)
Male,221,38,Television,False,0,15,,independent,IND,,,₹21.93 L,Seenivasan. S,93806,12th Grade (HSC / +2)
Male,221,29,Well,False,0,16,,independent,IND,,,₹77.12 L,Nagarajan. L,93807,Bachelor's Degree
Male,221,35,Telephone,False,0,17,,independent,IND,,,₹7.32 L,Parthipan. V,93808,Bachelor's Degree
Female,221,29,Coat,False,0,18,,independent,IND,,,₹6.97 L,Barisha Banu. M,93809,Bachelor's Degree
Male,221,46,CCTV Camera,False,0,19,,independent,IND,,,₹25.20 L,Murugan. P,93810,Bachelor's Degree
Male,221,68,Truck,False,0,20,,independent,IND,,,₹84.80 L,S.Muruganantham,93811,12th Grade (HSC / +2)
Male,221,42,Gas Stove,False,0,21,,independent,IND,,,₹nan,Rajamaravan. S,93812,Not Specified
Male,221,33,Binoculars,False,0,22,,independent,IND,,,"₹50,000",Venkatesh. P,93813,Bachelor's Degree
Male,222,51,Elephant,False,0,1,,others,BSP,,,₹1.10 L,Isaki Pandian,93814,Not Specified
Male,222,38,Rising sun,False,0,2,,spa,DMK,,,₹48.76 L,Dr.Kalai Kathiravan,93815,Bachelor's Degree
Male,222,56,Two leaves,False,0,3,,nda,AIADMK,,,₹6.72 Cr,S.Selva Mohandas Pandian,93816,Diploma / ITI
Female,222,41,Farmer Carrying Plough,False,0,4,,ntk,NTK,,,₹50.27 L,P.Pushpalatha,93817,Bachelor's Degree
Male,222,26,Camera,False,0,5,,others,TAVK,,,"₹25,000",Gomathi Sankar,93818,Not Specified
Male,222,45,Spanner,False,0,6,,others,NIP,,,₹3.02 L,R.Selvakumar,93819,10th Grade (SSLC)
Male,222,33,Gas cylinder,False,0,7,,others,PT,,,"₹43,000",S.Thirumalai Kumar,93820,12th Grade (HSC / +2)
Male,222,38,Coconut farm,False,0,8,,ajpk,AIPTMMK,,,₹76.01 L,M.Poosa Durai,93821,Bachelor's Degree
Male,222,69,Matchbox,False,0,9,,others,KDC,,,₹17.40 L,S.Manogaran,93822,Not Specified
Male,222,38,Whistle,False,0,10,,tvk,TVK,,,₹nan,A.Rajaprakash,93823,Not Specified
Male,222,64,Bicycle pump,False,0,11,,independent,IND,,,₹nan,Ganeshan. S,93824,10th Grade (SSLC)
Male,222,52,Battery Torch,False,0,12,,independent,IND,,,₹61.40 L,K.M.Kaliappan,93825,5th Grade
Male,222,31,Bricks,False,0,13,,independent,IND,,,₹48.97 L,R.Krishnan,93826,Bachelor's Degree
Male,222,25,Truck,False,0,14,,independent,IND,,,"₹56,200",Shahul Hameed,93827,10th Grade (SSLC)
Male,222,58,Pressure cooker,False,0,15,,independent,IND,,,"₹65,000",S.Thangapalam,93828,Master's Degree
Male,222,55,Lady finger,False,0,16,,independent,IND,,,₹nan,Durairaj,93829,Not Specified
Male,222,28,Electric pole,False,0,17,,independent,IND,,,"₹25,000",P.Noble Krishna,93830,12th Grade (HSC / +2)
Male,222,30,Helmet,False,0,18,,independent,IND,,,₹9.55 L,G.Poorana Selvan,93831,Diploma / ITI
Male,222,46,Scissors,False,0,19,,independent,IND,,,₹10.13 L,M.Ponnudurai,93832,Bachelor's Degree
Male,222,41,Brush,False,0,20,,independent,IND,,,₹10.75 L,A.Mariappan,93833,Bachelor's Degree
Male,222,28,Road roller,False,0,21,,independent,IND,,,"₹25,140",K.Muthu,93834,9th Grade
Male,222,28,Water melon,False,0,22,,independent,IND,,,"₹18,000",R.Ramkumar,93835,10th Grade (SSLC)
Male,223,54,Rising sun,True,0,1,,spa,DMK,,,₹nan,Paul Manoj Pandian,93836,Not Specified
Male,223,38,Farmer Carrying Plough,False,0,2,,ntk,NTK,,,₹1.63 Cr,R Paulraj,93837,Not Specified
Male,223,45,Two leaves,False,0,3,,nda,AIADMK,,,₹nan,K R P Prabakaran,93838,Bachelor's Degree
Male,223,33,Gas cylinder,False,0,4,,others,PT,,,₹17.49 L,A Udhayakumar,93839,Master's Degree
Male,223,27,Matchbox,False,0,5,,others,TK,,,"₹62,000",A Subash Chandra Bose,93840,Diploma / ITI
Male,223,47,Coconut farm,False,0,6,,ajpk,AIPTMMK,,,₹29.52 L,Madasamy,93841,10th Grade (SSLC)
Male,223,28,Whistle,False,0,7,,tvk,TVK,,,₹6.80 Cr,Vibin Chakkaravarthy,93842,Bachelor's Degree
Male,223,41,Electric pole,False,0,8,,independent,IND,,,₹8.24 L,U Aravind,93843,Bachelor's Degree
Male,223,35,Robot,False,0,9,,independent,IND,,,₹30.95 L,K Arunkumar,93844,Bachelor's Degree
Male,223,34,Ship,False,0,10,,independent,IND,,,₹24.55 L,R Kotherimohideen,93845,Bachelor's Degree
Male,223,30,Bench,False,0,11,,independent,IND,,,₹2.86 L,T Marikumar,93846,8th Grade
Female,223,35,Diamond,False,0,12,,independent,IND,,,₹21.52 L,Jeyanthi,93847,Master's Degree
Male,223,30,Laptop,False,0,13,,independent,IND,,,₹46.35 L,W Jayson,93848,Bachelor's Degree
Male,224,64,Two leaves,False,0,1,,nda,AIADMK,,,₹11.41 Cr,Thachai Ganesaraja,93849,10th Grade (SSLC)
Female,224,48,Farmer Carrying Plough,False,0,2,,ntk,NTK,,,₹1.45 Cr,Sathya. B,93850,Bachelor's Degree
Male,224,50,Rising sun,False,0,3,,spa,DMK,,,₹2.39 Cr,Subramanian.S,93851,Master's Degree
Male,224,48,Camera,False,0,4,,others,TAVK,,,₹1.70 Cr,Arumugaraj. S,93852,Bachelor's Degree
Female,224,46,Spanner,False,0,5,,others,NIP,,,₹2.73 L,Eswara Vadivu. S,93853,Bachelor's Degree
Male,224,53,Bat,False,0,6,,ajpk,AJPK,,,₹1.64 L,Kannan. G,93854,Diploma / ITI
Male,224,29,Black board,False,0,7,,others,BDP,,,₹1.56 L,Selvakumar Singh,93855,Bachelor's Degree
Male,224,37,Baby walker,False,0,8,,others,PMTDK,,,₹nan,Chendur Maharajan,93856,10th Grade (SSLC)
Male,224,58,Whistle,False,0,9,,tvk,TVK,,,₹18.52 Cr,Murughan.R.S,93857,8th Grade
Male,224,44,Drill machine,False,0,10,,others,TPMK,,,₹11.68 L,Murugan. P,93858,9th Grade
Male,224,33,Gas cylinder,False,0,11,,others,PT,,,₹14.17 Cr,Dr.Shyam Krishnasamy,93859,Not Specified
Male,224,52,Television,False,0,12,,independent,IND,,,"₹10,500",Athisaya Pndiyan. V,93860,Not Specified
Male,224,34,Door bell,False,0,13,,independent,IND,,,₹1.08 Cr,Esakkiraja. V,93861,Bachelor's Degree
Male,224,29,Bread,False,0,14,,independent,IND,,,"₹21,000",Subramanian. E,93862,7th Grade
Male,224,40,Pressure cooker,False,0,15,,independent,IND,,,₹3.45 L,Thalabathi Murugan. M,93863,Not Specified
Male,224,32,Flute,False,0,16,,independent,IND,,,₹1.98 L,Mugesh Subramanian,93864,Diploma / ITI
Male,224,41,Coconut farm,False,0,17,,independent,IND,,,"₹21,000",Murugan.S,93865,9th Grade
Male,224,40,Cube,False,0,18,,independent,IND,,,₹28.30 Cr,Murugalakshmanan,93866,Bachelor's Degree
Male,224,44,Road roller,False,0,19,,independent,IND,,,₹4.38 L,Veerabaghu. M,93867,12th Grade (HSC / +2)
Male,224,48,Sitar,False,0,20,,independent,IND,,,₹6.39 L,Velayutham. P,93868,12th Grade (HSC / +2)
Male,225,61,Two leaves,False,0,1,,nda,AIADMK,,,₹nan,Dr.Esakki Subaya,93869,Bachelor's Degree
Male,225,32,Elephant,False,0,2,,others,BSP,,,₹2.45 L,R.Esaikannan,93870,Bachelor's Degree
Male,225,38,Farmer Carrying Plough,False,0,3,,ntk,NTK,,,₹56.57 L,Dr.V.Sivasankaran,93871,Bachelor's Degree
Male,225,43,Hand,False,0,4,,spa,INC,,,₹52.30 L,V.P.Durai,93872,Bachelor's Degree
Male,225,37,Whistle,False,0,5,,tvk,TVK,,,₹2.42 Cr,S.Rajagopal,93873,Diploma / ITI
Male,226,59,Rising sun,False,0,1,,spa,DMK,,,₹39.56 L,M.Abdul Wahab,93874,Bachelor's Degree
Male,226,28,Farmer Carrying Plough,False,0,2,,ntk,NTK,,,₹1.09 Cr,Sankara Narayanan Alias Saran,93875,Bachelor's Degree
Male,226,34,Two leaves,False,0,3,,nda,AIADMK,,,₹48.61 L,Syed Sulthan Samsudeen,93876,Bachelor's Degree
Male,226,36,Baby walker,False,0,4,,others,PMTDK,,,₹5.52 L,Esakkimuthu,93877,8th Grade
Male,226,52,Camera,False,0,5,,others,TAVK,,,₹40.00 L,T.A.Umar,93878,Not Specified
Male,226,55,Spanner,False,0,6,,others,NIP,,,₹3.90 L,S.Thangadurai,93879,6th Grade
Male,226,69,Whistle,False,0,7,,tvk,TVK,,,₹82.04 Cr,Maria John,93880,8th Grade
Male,226,42,Gas cylinder,False,0,8,,independent,IND,,,₹7.18 L,Abdul Koya,93881,8th Grade
Male,226,50,Hand cart,False,0,9,,independent,IND,,,₹1.35 Cr,Karthick Narayanan S,93882,Bachelor's Degree
Male,226,28,Football player,False,0,10,,independent,IND,,,"₹53,000",D.Santhiyagappar Antony,93883,10th Grade (SSLC)
Male,226,47,Pen drive,False,0,11,,independent,IND,,,₹2.09 L,A.Sudhahar,93884,Bachelor's Degree
Male,226,33,Bricks,False,0,12,,independent,IND,,,₹26.46 L,R.Sesu,93885,Diploma / ITI
Male,226,39,Diamond,False,0,13,,independent,IND,,,₹1.00 L,Nallakkannu Alias Karthic.K,93886,Bachelor's Degree
Male,226,37,Matchbox,False,0,14,,independent,IND,,,₹1.69 Cr,Paulraj.V,93887,Bachelor's Degree
Male,226,32,Television,False,0,15,,independent,IND,,,"₹30,000",M.Manikandan,93888,5th Grade
Male,226,60,Electric pole,False,0,16,,independent,IND,,,₹29.61 L,V.George,93889,Bachelor's Degree
Male,226,36,Slate,False,0,17,,independent,IND,,,₹2.73 L,Srinivash,93890,10th Grade (SSLC)
Male,227,44,Farmer Carrying Plough,False,0,1,,ntk,NTK,,,₹10.05 L,S.Selvam,93891,Bachelor's Degree
Male,227,66,Hand,True,0,2,,spa,INC,,,₹nan,Ruby.R.Manoharan,93892,10th Grade (SSLC)
Male,227,31,Elephant,False,0,3,,others,BSP,,,₹7.59 L,R.Janarthanan,93893,Diploma / ITI
Male,227,39,Pressure cooker,False,0,4,,nda,AMMK,,,₹55.23 Cr,R.Esakkimuthu,93894,Bachelor's Degree
Male,227,39,Spanner,False,0,5,,others,NIP,,,"₹56,000",S.Shunmuga Sundaram,93895,12th Grade (HSC / +2)
Male,227,44,Camera,False,0,6,,others,TAVK,,,₹11.93 L,Chithirai Selvan,93896,Bachelor's Degree
Female,227,48,Gas cylinder,False,0,7,,others,PT,,,₹1.21 L,Tamilselvi,93897,Not Specified
Male,227,32,Baby walker,False,0,8,,others,PMTDK,,,₹15.12 L,Thulasi Sudalai,93898,8th Grade
Male,227,37,Whistle,False,0,9,,tvk,TVK,,,₹2.05 L,Reddiarpatti V.Narayanan,93899,10th Grade (SSLC)
Male,227,46,Drill machine,False,0,10,,others,TPMK,,,₹nan,Krish.Mariappan,93900,9th Grade
Male,227,61,Coconut farm,False,0,11,,ajpk,AIPTMMK,,,₹34.72 L,Dr.S.Vellai Durai,93901,Doctorate (Ph.D / MD)
Female,227,37,Pen drive,False,0,12,,independent,IND,,,₹34.82 L,M.Aruna,93902,8th Grade
Female,227,30,Flute,False,0,13,,independent,IND,,,₹7.16 L,R.Ananthi,93903,Bachelor's Degree
Male,227,49,Diamond,False,0,14,,independent,IND,,,₹86.92 L,N.Kalaberumal,93904,Master's Degree
Male,227,35,Mixee,False,0,15,,independent,IND,,,₹nan,M.Kumar,93905,6th Grade
Male,227,40,Gas Stove,False,0,16,,independent,IND,,,₹74.01 L,T.Sankar,93906,Not Specified
Male,227,32,Bench,False,0,17,,independent,IND,,,"₹11,000",Shanmugam,93907,Diploma / ITI
Female,227,45,Matchbox,False,0,18,,independent,IND,,,₹3.31 Cr,Thanithangam,93908,Master's Degree
Male,227,39,Bucket,False,0,19,,independent,IND,,,₹1.00 L,Nallakkannu Alias Karthic.K,93909,Bachelor's Degree
Female,227,46,Helmet,False,0,20,,independent,IND,,,₹11.20 L,A.Rani Nadar Alias Pushparani,93910,Bachelor's Degree
Male,227,42,Telephone,False,0,21,,independent,IND,,,₹1.31 L,S.Mariyappan,93911,Bachelor's Degree
Male,227,48,Ring,False,0,22,,independent,IND,,,₹89.52 L,Sudaroli S.Murugan Yadhav,93912,Bachelor's Degree
Male,227,38,Biscuit,False,0,23,,independent,IND,,,₹5.73 L,T.Rajkumar,93913,10th Grade (SSLC)
Male,227,41,Chappals,False,0,24,,independent,IND,,,₹13.85 L,T.Lingadurai,93914,Master's Degree
Male,227,60,Lady finger,False,0,25,,independent,IND,,,₹5.79 Cr,Dev.P.Jegadeesan,93915,Bachelor's Degree
Male,228,74,Rising sun,False,0,1,,spa,DMK,,,₹88.85 L,Appavu.M,93916,Diploma / ITI
Female,228,46,Elephant,False,0,2,,others,BSP,,,₹64.43 L,Essakkiammal.E,93917,Master's Degree
Female,228,42,Farmer Carrying Plough,False,0,3,,ntk,NTK,,,₹38.77 L,Girija Thamaraipandian.D,93918,Doctorate (Ph.D / MD)
Male,228,58,Lotus,False,0,4,,nda,BJP,,,₹24.48 Cr,Balakrishnan.S.P,93919,9th Grade
Male,228,41,Whistle,False,0,5,,tvk,TVK,,,₹nan,Dr.Sathish Christopher,93920,Not Specified
Male,228,52,Spanner,False,0,6,,others,NIP,,,₹10.32 L,Jesurajendran.J,93921,6th Grade
Female,228,36,Baby walker,False,0,7,,others,PMTDK,,,₹14.44 L,Mahalakshmi,93922,10th Grade (SSLC)
Male,228,44,Drill machine,False,0,8,,others,TPMK,,,₹12.64 L,Murugan.P,93923,9th Grade
Male,228,35,Black board,False,0,9,,independent,IND,,,₹nan,Arunraj,93924,Bachelor's Degree
Male,228,47,Laptop,False,0,10,,independent,IND,,,₹nan,Oliver Anton Navamoni. S,93925,Master's Degree
Female,228,30,Flute,False,0,11,,independent,IND,,,₹7.16 L,Ananthi.R,93926,Bachelor's Degree
Male,228,32,Bricks,False,0,12,,independent,IND,,,"₹22,000",Anand Prasad,93927,12th Grade (HSC / +2)
Male,228,29,Clip,False,0,13,,independent,IND,,,₹9.35 L,Karthick.V,93928,Not Specified
Male,228,45,Ring,False,0,14,,independent,IND,,,₹21.29 L,Kingsly Isacc Jebaraj.S,93929,10th Grade (SSLC)
Male,228,51,Tennis racket & ball,False,0,15,,independent,IND,,,₹14.52 L,Sundarajan.S,93930,8th Grade
Male,228,44,Bat,False,0,16,,independent,IND,,,₹nan,Selvan.T,93931,10th Grade (SSLC)
Male,228,61,Bicycle pump,False,0,17,,independent,IND,,,₹13.02 L,Daniel.A,93932,9th Grade
Male,228,37,Pen nib with seven rays,False,0,18,,independent,IND,,,₹15.74 L,Pon Santhana Kumaran.R,93933,Diploma / ITI
Male,228,44,Batsman,False,0,19,,independent,IND,,,₹29.53 L,Manikandan.A.I,93934,9th Grade
Male,228,33,Brief case,False,0,20,,independent,IND,,,"₹90,000",Manikandan.S,93935,Diploma / ITI
Male,228,37,Cutting pliers,False,0,21,,independent,IND,,,₹5.59 L,Manikandan.L,93936,Diploma / ITI
Male,228,43,T.V.Remote,False,0,22,,independent,IND,,,"₹45,000",Rajan.P,93937,Bachelor's Degree
Male,228,78,Coconut farm,False,0,23,,independent,IND,,,"₹11,500",Jeyaraj.P V S,93938,Bachelor's Degree
Male,229,67,Two leaves,True,0,1,,nda,AIADMK,,,₹2.08 Cr,Thalavai Sundaram. N,93939,Bachelor's Degree
Male,229,60,Rising sun,False,0,2,,spa,DMK,,,₹1.48 Cr,Mahesh.R,93940,Bachelor's Degree
Female,229,44,Farmer Carrying Plough,False,0,3,,ntk,NTK,,,₹6.41 Cr,Maria Jennifer,93941,Master's Degree
Male,229,39,Gas cylinder,False,0,4,,others,CPIML Red Star,,,₹20.86 L,Manavai Kannan. M,93942,10th Grade (SSLC)
Male,229,32,Spanner,False,0,5,,others,NIP,,,₹42.71 L,Sivalingam.C,93943,12th Grade (HSC / +2)
Male,229,47,Whistle,False,0,6,,tvk,TVK,,,₹1.47 Cr,Madhavan.S.R,93944,Diploma / ITI
Male,229,35,Camera,False,0,7,,others,TAVK,,,₹65.83 L,Reagon Anto.J,93945,Bachelor's Degree
Male,229,31,Drill machine,False,0,8,,others,TPMK,,,₹1.42 L,Srikrishnakumar.K,93946,Bachelor's Degree
Male,229,67,Air conditioner,False,0,9,,independent,IND,,,"₹40,000",Kanagaraj.T,93947,Bachelor's Degree
Male,229,43,Almirah,False,0,10,,independent,IND,,,₹1.20 Cr,Sudhagar.R,93948,8th Grade
Male,229,56,Grapes,False,0,11,,independent,IND,,,₹6.91 L,David Sahaya Bascar,93949,10th Grade (SSLC)
Male,229,31,Bat,False,0,12,,independent,IND,,,₹1.24 L,Thanuneelan . S,93950,12th Grade (HSC / +2)
Male,229,53,Balloon,False,0,13,,independent,IND,,,₹8.56 L,Ramakrishnan.C,93951,12th Grade (HSC / +2)
Male,229,39,Baby walker,False,0,14,,independent,IND,,,₹3.00 L,Rajan. S,93952,Bachelor's Degree
Male,230,67,Rising sun,False,0,1,,spa,DMK,,,₹2.38 Cr,Austin,93953,Master's Degree
Male,230,81,Lotus,True,0,2,,nda,BJP,,,₹5.26 L,Gandhi M R,93954,Not Specified
Male,230,38,Farmer Carrying Plough,False,0,3,,ntk,NTK,,,₹34.02 L,Muthukumar M,93955,Diploma / ITI
Male,230,64,Cake,False,0,4,,others,VKVIP,,,₹1.59 Cr,Antony Michael J,93956,Bachelor's Degree
Male,230,51,Spanner,False,0,5,,others,NIP,,,₹5.00 L,Salate Kanagaraj A,93957,7th Grade
Male,230,41,Pen nib with seven rays,False,0,6,,others,NMK,,,₹1.00 L,Dino T,92745,Master's Degree
Male,230,42,Drill machine,False,0,7,,others,TPMK,,,"₹6,000",Nagarajan L,91030,4th Grade
Male,230,39,Whistle,False,0,8,,tvk,TVK,,,₹1.94 Cr,Bervin Kings G,93960,Master's Degree
Female,230,29,Gas cylinder,False,0,9,,others,CPIML Red Star,,,₹22.74 L,Vallimayil P,93961,12th Grade (HSC / +2)
Male,230,33,Ship,False,0,10,,independent,IND,,,₹15.00 L,Ajith Kumar A,93962,10th Grade (SSLC)
Male,230,50,Television,False,0,11,,independent,IND,,,₹80.81 L,Gunasekaran S,93963,12th Grade (HSC / +2)
Male,230,53,Ring,False,0,12,,independent,IND,,,"₹60,000",Sivakumar A,93964,12th Grade (HSC / +2)
Male,230,36,CCTV Camera,False,0,13,,independent,IND,,,₹24.75 L,Suyambulingam A,93965,8th Grade
Male,230,34,Cot,False,0,14,,independent,IND,,,₹37.90 L,Suyambulingam P,93966,Master's Degree
Male,230,32,Computer,False,0,15,,independent,IND,,,₹16.05 L,Dinesh,93967,Bachelor's Degree
Male,230,66,Camera,False,0,16,,independent,IND,,,"₹49,500",Nagoor Meeran Peer Mohamed U,93968,6th Grade
Male,230,60,Diamond,False,0,17,,independent,IND,,,₹19.35 L,Mohideen Faigee Alias Soorankudy Faigee,93969,Master's Degree
Male,230,72,Scissors,False,0,18,,independent,IND,,,₹6.00 L,Retna Mony S,93970,Diploma / ITI
Male,230,66,Bat,False,0,19,,independent,IND,,,₹1.25 L,Vairam Pillai S,93971,5th Grade
Male,230,30,Helmet,False,0,20,,others,TAVK,,,₹10.01 L,Jebarson S,93972,12th Grade (HSC / +2)
Female,231,38,Farmer Carrying Plough,False,0,1,,ntk,NTK,,,₹1.82 Cr,Ancy Shoba Rani. L,93973,Master's Degree
Male,231,51,Lotus,False,0,2,,nda,BJP,,,₹52.85 L,Sivakumar. T,93974,Bachelor's Degree
Female,231,51,Hand,False,0,3,,spa,INC,,,₹nan,Tharahai Cuthbert,93975,Doctorate (Ph.D / MD)
Male,231,56,Elephant,False,0,4,,others,BSP,,,₹1.26 L,Rajasingh. C,93976,Bachelor's Degree
Male,231,61,Flag with three stars,False,0,5,,others,CPI(ML),,,₹1.01 L,Anthony Muthu. S.M,93977,Master's Degree
Male,231,41,Drill machine,False,0,6,,others,TPMK,,,₹7.36 L,Ganesh. N,93978,Master's Degree
Male,231,61,Coconut farm,False,0,7,,ajpk,AIPTMMK,,,₹24.98 L,Christ Miller. S,93979,Master's Degree
Male,231,34,Spanner,False,0,8,,others,NIP,,,₹20.00 L,Koil Raj. R,93980,10th Grade (SSLC)
Male,231,42,Whistle,False,0,9,,tvk,TVK,,,₹13.51 Cr,Prem Alex Lawrence,93981,Doctorate (Ph.D / MD)
Male,231,55,Camera,False,0,10,,others,TAVK,,,₹50.13 L,Murali. M,93982,Bachelor's Degree
Male,231,65,Boat with man and sail,False,0,11,,independent,IND,,,"₹70,831",Antony Alankaram. K,93983,5th Grade
Male,231,47,Flute,False,0,12,,independent,IND,,,₹20.20 L,Saravanan. M,93984,10th Grade (SSLC)
Male,231,55,Diamond,False,0,13,,independent,IND,,,"₹99,000",Selvaraj. M,93985,8th Grade
Male,232,40,Farmer Carrying Plough,False,0,1,,ntk,NTK,,,₹nan,Seelan,93986,Bachelor's Degree
Male,232,65,Hammer Sickle and Star,False,0,2,,spa,CPI(M),,,₹11.29 L,Chellaswamy. R,93987,Bachelor's Degree
Male,232,60,Lotus,False,0,3,,nda,BJP,,,₹1.30 Cr,Ramesh. P,93988,Master's Degree
Male,232,33,Whistle,False,0,4,,tvk,TVK,,,₹25.54 L,Krishna Kumar. S,93989,Diploma / ITI
Male,232,51,Gas Stove,False,0,5,,others,OMNP,,,₹81.64 L,Syedali. A,93990,12th Grade (HSC / +2)
Male,232,30,Drill machine,False,0,6,,others,TPMK,,,₹1.15 L,Rakesh Kumar. M,93991,Diploma / ITI
Male,232,40,Camera,False,0,7,,others,TAVK,,,₹2.18 L,Vaikundamani. N,93992,6th Grade
Male,232,46,Ship,False,0,8,,independent,IND,,,₹6.71 L,Arul Mani. H,93993,8th Grade
Male,232,55,Biscuit,False,0,9,,independent,IND,,,₹1.32 Cr,Dr. Krishna Prasad. B,93994,Not Specified
Male,232,50,Ring,False,0,10,,independent,IND,,,₹12.85 L,Durai Raj. S,93995,Bachelor's Degree
Female,232,42,Diamond,False,0,11,,independent,IND,,,₹72.06 L,Vasanthi. R,93996,Bachelor's Degree
Male,233,47,Hand,False,0,1,,spa,INC,,,₹46.44 Cr,Praveen T.T,93997,Master's Degree
Female,233,44,Farmer Carrying Plough,False,0,2,,ntk,NTK,,,"₹13,521",Maria Stella,93998,Master's Degree
Female,233,56,Lotus,False,0,3,,nda,BJP,,,₹22.42 Cr,Vijayadharani S,93999,Bachelor's Degree
Male,233,40,Cake,False,0,4,,others,VKVIP,,,₹22.00 L,Baiju T,94000,Diploma / ITI
Male,233,57,Whistle,False,0,5,,tvk,TVK,,,₹1.77 Cr,Michael Kumar K,94001,Master's Degree
Male,233,62,Mixee,False,0,6,,others,AIJMK,,,₹nan,Mohan Kumar M,94002,5th Grade
Male,233,61,Drill machine,False,0,7,,others,TPMK,,,"₹50,000",Venkadeasan. K,94003,9th Grade
Male,233,56,Hurricane lamp,False,0,8,,others,RJD,,,₹3.60 L,John Christopher T,94004,Master's Degree
Male,233,40,Bucket,False,0,9,,independent,IND,,,₹8.61 L,Krishnan M,94005,10th Grade (SSLC)
Male,233,72,Boat with man and sail,False,0,10,,independent,IND,,,₹8.89 L,David T,94006,Master's Degree
Male,233,44,Cauliflower,False,0,11,,independent,IND,,,₹nan,Praveen Kumar,94007,Not Specified
Male,233,52,Ring,False,0,12,,independent,IND,,,₹12.10 L,Muruganandha Prasad T,94008,6th Grade
Male,233,45,Biscuit,False,0,13,,independent,IND,,,₹57.90 L,Joselal L.V,94009,Master's Degree
Male,233,41,Flute,False,0,14,,independent,IND,,,₹13.35 L,Shibu Amose,94010,12th Grade (HSC / +2)
Male,234,38,Lotus,False,0,1,,nda,BJP,,,₹2.59 Cr,Nivin Simon. J,94011,Doctorate (Ph.D / MD)
Male,234,51,Hand,True,0,2,,spa,INC,,,₹nan,Rajesh Kumar. S,94012,Not Specified
Male,234,32,Farmer Carrying Plough,False,0,3,,ntk,NTK,,,₹4.51 L,Himlar,94013,Bachelor's Degree
Male,234,32,Whistle,False,0,4,,tvk,TVK,,,₹nan,Sabin. S,94014,10th Grade (SSLC)
Male,234,44,Drill machine,False,0,5,,others,TPMK,,,"₹70,000",Prabhu. S,94015,12th Grade (HSC / +2)
Male,234,30,Camera,False,0,6,,others,TAVK,,,₹nan,Rubin Antony,94016,Diploma / ITI
Male,234,70,Ship,False,0,7,,others,ICF,,,₹3.90 L,Justin. T,94017,8th Grade
Male,234,60,Stethoscope,False,0,8,,independent,IND,,,₹nan,Dr. Ramachandran. M,94018,Bachelor's Degree
Male,234,51,T.V.Remote,False,0,9,,independent,IND,,,"₹58,000",Satheesh. S,91348,5th Grade
Male,234,37,Diamond,False,0,10,,independent,IND,,,₹37.20 L,Ajai (Alias) Nagarajan,94020,Diploma / ITI
Male,234,38,Chappals,False,0,11,,independent,IND,,,₹20.00 L,Berrila. L,94021,Bachelor's Degree
Male,234,54,Truck,False,0,12,,independent,IND,,,"₹40,445",Baby Raj. P,94022,10th Grade (SSLC)
Male,234,42,Bench,False,0,13,,independent,IND,,,"₹60,000",Justin. M,94023,Bachelor's Degree
